date,district,state,latitude,longitude,temperature,humidity,wind,pressure,nwp_rainfall,actual_rainfall,regime
2023-06-01,Mumbai,Maharashtra,19.076,72.8777,35.69068826476038,55.89266664012618,15.288246612794198,1012.4788431237461,110.52315584604281,11.517705788294764,Active
2023-06-01,Delhi,Delhi,28.7041,77.1025,24.93440889770467,59.738298129569074,16.709851216311826,1012.436480773451,34.62947145050177,17.57342152716844,Active
2023-06-01,Bangalore,Karnataka,12.9716,77.5946,25.22963573330903,56.35837196784853,13.714333246537375,1008.3256210137506,31.574283331225253,48.417521897722594,Active
2023-06-01,Chennai,Tamil Nadu,13.0827,80.2707,24.46088150133664,59.87725842870102,15.243387706969823,1002.5525792823605,95.77362930875583,13.231063728404946,Active
2023-06-01,Kolkata,West Bengal,22.5726,88.3639,30.0201635136643,77.03301497469928,20.070760408008738,1013.527643852914,29.714700080469527,39.01374983819036,Break
2023-06-01,Hyderabad,Telangana,17.385,78.4867,26.015182190201827,71.63640400897764,6.815831974358119,1010.0704891980558,9.207532453250986,1.2527315083208475,Break
2023-06-01,Pune,Maharashtra,18.5204,73.8567,30.83296121488204,62.585001615020644,12.891592053632495,993.1362182391778,169.72606902942545,4.525394902971922,Depression
2023-06-01,Ahmedabad,Gujarat,23.0225,72.5714,29.215897349667728,78.75326558800428,9.52238828763071,997.5137190812039,33.04332183880207,8.635632112954704,Active
2023-06-01,Jaipur,Rajasthan,26.9124,75.7873,24.86759559544448,91.1061143188973,6.896947409927168,1013.4185573800353,69.89760249499224,26.429482678581433,Depression
2023-06-01,Lucknow,Uttar Pradesh,26.8467,80.9462,28.154469893465844,59.29150280538833,22.6917394554697,996.928886138304,118.98681644818238,2.9665402650609343,Depression
2023-06-01,Bhopal,Madhya Pradesh,23.2599,77.4126,33.67472671531925,83.46536485881634,19.566643077686372,1008.3256390772448,46.3957185065344,10.803710058894445,Active
2023-06-01,Guwahati,Assam,26.1445,91.7362,32.06736709496233,55.534423042850946,29.27448542890903,988.0835006154757,29.451002332931782,3.5145677647770075,Break
2023-06-01,Thiruvananthapuram,Kerala,8.5241,76.9366,29.380834580705155,59.980572732316446,2.5363214210305842,987.2067395718346,101.94512677360164,2.5680820729053067,Active
2023-06-01,Bhubaneswar,Odisha,20.2961,85.8245,26.257436518971968,74.6710808231435,29.339364917022742,982.8921810311675,9.447521330975071,5.421219149179091,Break
2023-06-01,Raipur,Chhattisgarh,21.2514,81.6296,24.12314756057248,92.82881630080215,12.336153829994046,1004.8634749343549,103.22505683712296,0.9776634894030695,Active
2023-06-02,Mumbai,Maharashtra,19.076,72.8777,28.898708212795935,87.59982929192415,6.404065171787041,998.5836083231778,112.18501778490696,38.90190581824971,Depression
2023-06-02,Delhi,Delhi,28.7041,77.1025,24.117687978932167,64.48978075123318,27.44268633772425,995.0101428235927,140.46150029029593,41.946106150890785,Depression
2023-06-02,Bangalore,Karnataka,12.9716,77.5946,33.37580782683276,62.10709178784106,25.78256385200723,999.52769968328,139.3476135681895,1.7286114514299014,Depression
2023-06-02,Chennai,Tamil Nadu,13.0827,80.2707,23.38505299084813,87.26129718240648,8.417834115891583,992.4263625795576,9.36134030953912,27.459647824972205,Break
2023-06-02,Kolkata,West Bengal,22.5726,88.3639,35.3701254794898,83.57416738880198,26.639331216649808,1000.4364554619616,11.164374765994188,32.98523688858133,Break
2023-06-02,Hyderabad,Telangana,17.385,78.4867,34.59966527496569,91.79383204519326,12.563474521894303,989.2783879827075,177.00395619511164,7.823055973803552,Depression
2023-06-02,Pune,Maharashtra,18.5204,73.8567,29.853032921514462,93.42117601088613,21.46349861564321,1010.7748014703506,4.525930913822675,34.62554195795768,Break
2023-06-02,Ahmedabad,Gujarat,23.0225,72.5714,23.481895437726383,80.16046730583793,23.848961531193133,982.6005789999508,128.4874236299873,15.948583142220897,Depression
2023-06-02,Jaipur,Rajasthan,26.9124,75.7873,37.80071248405761,82.51992290188616,15.330798581095623,985.8272518545105,176.18656560556553,26.238443136454936,Depression
2023-06-02,Lucknow,Uttar Pradesh,26.8467,80.9462,23.844342099185795,97.44043315534645,28.21388946762295,1007.6256026706061,109.73519932884629,28.758767871027363,Depression
2023-06-02,Bhopal,Madhya Pradesh,23.2599,77.4126,30.974579910031274,99.03793928293675,28.42526924939491,999.892284939204,15.326984208423474,31.06094913423856,Break
2023-06-02,Guwahati,Assam,26.1445,91.7362,34.84480118491713,79.21926765454631,18.43829896163023,1011.5904343211022,165.06478630496343,36.84878609184628,Depression
2023-06-02,Thiruvananthapuram,Kerala,8.5241,76.9366,28.835130132629953,92.44951489587604,13.479759030457185,1001.4576381254465,11.584689526699204,17.01227719458248,Break
2023-06-02,Bhubaneswar,Odisha,20.2961,85.8245,35.5522839685417,72.121422341803,12.0474560071095,987.2722022197339,57.871859903761646,4.709258752541825,Active
2023-06-02,Raipur,Chhattisgarh,21.2514,81.6296,21.54989850557029,76.17535031752558,7.911178173285386,984.1172544837178,109.56095886681001,4.296668445175309,Depression
2023-06-03,Mumbai,Maharashtra,19.076,72.8777,30.693597377100154,72.07184991395376,6.004453724211971,1011.5600414405383,23.176203157826645,19.432044112920487,Break
2023-06-03,Delhi,Delhi,28.7041,77.1025,26.88348235997977,77.33601906152926,20.90715100784806,986.5211823487491,130.78802472146714,18.85137333957415,Depression
2023-06-03,Bangalore,Karnataka,12.9716,77.5946,21.486050289989745,81.91242495389795,13.258407974278754,994.2129706279392,21.45563253931677,0.727177762298491,Break
2023-06-03,Chennai,Tamil Nadu,13.0827,80.2707,31.03798651432,58.68019762373967,6.830456942494417,1013.4211368931748,97.0922611248413,23.990715577609418,Active
2023-06-03,Kolkata,West Bengal,22.5726,88.3639,28.8910356959084,94.26662124074298,20.489145243700346,984.3261693358405,3.6454749854309023,16.936318282370795,Break
2023-06-03,Hyderabad,Telangana,17.385,78.4867,37.88431654883425,92.44424748112468,9.396981835687152,985.8208024065157,108.3532825373692,11.800926457483346,Active
2023-06-03,Pune,Maharashtra,18.5204,73.8567,31.51864143720709,99.29730579399107,23.99634831108295,996.4549384031794,142.62731264592043,12.340657917971143,Depression
2023-06-03,Ahmedabad,Gujarat,23.0225,72.5714,32.779587210236286,58.81803665599941,17.103885274706492,989.227148939926,181.99533214341483,2.999076922309579,Depression
2023-06-03,Jaipur,Rajasthan,26.9124,75.7873,34.15529491093015,65.39232138687011,23.511967606124788,992.1120099728716,84.60084681656699,7.076656367072111,Active
2023-06-03,Lucknow,Uttar Pradesh,26.8467,80.9462,25.127384622733885,71.52831754518989,11.328744670238883,1013.6731335963942,103.93329100512194,10.708935197089636,Depression
2023-06-03,Bhopal,Madhya Pradesh,23.2599,77.4126,34.48549816325453,73.61000981904726,3.3541813241485277,1011.6773520834261,156.80838650224342,0.584400456709815,Depression
2023-06-03,Guwahati,Assam,26.1445,91.7362,22.32440958975556,86.67139681845647,19.246698641070317,994.5153736630997,148.19048716180586,4.7420998376195795,Depression
2023-06-03,Thiruvananthapuram,Kerala,8.5241,76.9366,32.66100923226655,72.67434814052922,21.33123831737577,981.89172388469,49.590677428772196,3.4504628356626776,Active
2023-06-03,Bhubaneswar,Odisha,20.2961,85.8245,21.163249209470198,73.10407184397725,13.276958184739463,1009.8167158484559,85.57916027373761,9.563635508715794,Depression
2023-06-03,Raipur,Chhattisgarh,21.2514,81.6296,28.183728318683826,91.68380826975417,13.412667967174828,1014.1326495586974,110.36536519652131,7.678500749347196,Depression
2023-06-04,Mumbai,Maharashtra,19.076,72.8777,35.39912711627095,78.93639330979579,29.022992144803634,992.3179142933049,108.23952643165259,20.631733237741045,Active
2023-06-04,Delhi,Delhi,28.7041,77.1025,34.09718401270995,78.91729673861359,20.413162560377398,1013.1723073541442,27.781381896042223,3.6394765989635993,Break
2023-06-04,Bangalore,Karnataka,12.9716,77.5946,23.413414443899974,97.14915351668317,23.509182405960882,1012.7318738862583,93.71453356681718,8.916914944591088,Depression
2023-06-04,Chennai,Tamil Nadu,13.0827,80.2707,34.25149513339614,73.29741396068488,21.2419181362613,1004.531641572162,71.46647052503883,3.5198950326567147,Active
2023-06-04,Kolkata,West Bengal,22.5726,88.3639,22.468752057831864,79.03122805779336,15.43127155768126,1004.9713938465292,7.85974425681302,0.4619824741895879,Break
2023-06-04,Hyderabad,Telangana,17.385,78.4867,22.981450889682264,82.08991255911869,4.468226073766291,1009.6026883293483,18.76836679182511,1.8343481524155834,Break
2023-06-04,Pune,Maharashtra,18.5204,73.8567,34.563122968631255,67.58749071444794,24.737036765314983,999.8602405420525,194.45408759549352,6.490425196270031,Depression
2023-06-04,Ahmedabad,Gujarat,23.0225,72.5714,26.41590564030303,85.32893346181649,17.16672390184103,995.4726670624299,100.8050755179808,3.7557493912736035,Active
2023-06-04,Jaipur,Rajasthan,26.9124,75.7873,30.31596050343477,74.9825982674624,14.576579811455787,984.9630898742347,20.071906156856983,10.241362892549093,Break
2023-06-04,Lucknow,Uttar Pradesh,26.8467,80.9462,29.609499759575648,90.6144054990208,27.068385136124473,994.0738953464016,27.951292101704016,6.912870049735599,Break
2023-06-04,Bhopal,Madhya Pradesh,23.2599,77.4126,34.313022839374604,94.55122741167827,3.6319613042169103,1002.6470966444404,27.139139261194263,17.30953251453046,Break
2023-06-04,Guwahati,Assam,26.1445,91.7362,25.59512439201808,54.33971245517859,2.387489883683674,994.1319433160445,2.6248165292074486,6.9076628034169705,Break
2023-06-04,Thiruvananthapuram,Kerala,8.5241,76.9366,34.29168773513077,52.07174266281391,29.410261445759062,990.9106461708998,13.582991004908171,30.39498692967646,Break
2023-06-04,Bhubaneswar,Odisha,20.2961,85.8245,27.83825133643726,51.68172055328473,22.97311124633123,982.7547269591051,117.67250173435247,14.251647062424464,Active
2023-06-04,Raipur,Chhattisgarh,21.2514,81.6296,23.412261163389868,57.64237558253002,22.94572158859734,998.6885966043662,62.96417706881391,26.36737149738397,Active
2023-06-05,Mumbai,Maharashtra,19.076,72.8777,35.85742130321331,78.53401238980707,13.640069079755783,994.2230999511546,159.44917697511312,36.601511772825035,Depression
2023-06-05,Delhi,Delhi,28.7041,77.1025,21.67902906301731,67.0573765713897,29.613501486971696,1004.9825002312064,114.17595475736503,12.431347461526707,Active
2023-06-05,Bangalore,Karnataka,12.9716,77.5946,36.52810488835513,75.8929888141319,23.180735619552046,991.6685016757058,64.09043591498292,40.94237898244435,Active
2023-06-05,Chennai,Tamil Nadu,13.0827,80.2707,21.57851208447824,66.12961508474248,6.969411946337484,1000.0496778812047,136.8170242025363,2.0954214963112063,Depression
2023-06-05,Kolkata,West Bengal,22.5726,88.3639,22.654597408009124,78.48040172698977,2.3202223867254728,994.356581795415,50.00678304296516,18.052829177002963,Depression
2023-06-05,Hyderabad,Telangana,17.385,78.4867,21.5620580164816,95.98048806422341,19.303348453961753,997.3265384552732,78.86968922881911,16.456537960427855,Active
2023-06-05,Pune,Maharashtra,18.5204,73.8567,22.08340202397311,95.44675307238039,25.19471463685751,1013.4421830790884,63.17245135690209,33.543091564135786,Active
2023-06-05,Ahmedabad,Gujarat,23.0225,72.5714,33.96799011775465,51.15764128636812,24.151553200691644,998.2462639766301,29.187303397736283,22.966232629319084,Break
2023-06-05,Jaipur,Rajasthan,26.9124,75.7873,22.422822507530814,62.45398915503858,29.226269685021418,1006.7133566093045,108.73125563836862,34.0313834189333,Active
2023-06-05,Lucknow,Uttar Pradesh,26.8467,80.9462,24.74069835603949,88.34456027940976,20.790402710301688,1002.1745489093352,187.70629469916437,17.414047944046466,Depression
2023-06-05,Bhopal,Madhya Pradesh,23.2599,77.4126,31.23264076855653,72.71688042370884,18.49384975548517,996.3326170569447,62.59848220350515,39.16380681622954,Active
2023-06-05,Guwahati,Assam,26.1445,91.7362,32.4886683505712,72.41334127468234,14.787102911907859,1009.3747321948565,8.951340958981685,10.377560865480584,Break
2023-06-05,Thiruvananthapuram,Kerala,8.5241,76.9366,23.824150899056356,90.2035404748722,4.512302328596985,993.3785551594493,75.83409914529362,2.5875631043142335,Active
2023-06-05,Bhubaneswar,Odisha,20.2961,85.8245,28.609421032305683,71.49733269413605,19.370850872161483,1005.9373985923328,40.7265504374149,4.347925893790849,Active
2023-06-05,Raipur,Chhattisgarh,21.2514,81.6296,33.56818843818209,93.34599533942959,25.36926812726371,1014.7260698825803,39.94785965645287,10.452586892426266,Active
2023-06-06,Mumbai,Maharashtra,19.076,72.8777,36.69367105484212,81.55711351240373,27.37574908703337,988.7966147879547,60.40791550223054,8.153708394335117,Depression
2023-06-06,Delhi,Delhi,28.7041,77.1025,27.672942289901787,91.08152743677888,5.240529302030523,999.282741532096,55.636716816887635,30.242623606273668,Depression
2023-06-06,Bangalore,Karnataka,12.9716,77.5946,23.73813323478969,78.87871564732278,15.842280303247904,984.929351620496,37.958976935874304,5.609434268830919,Active
2023-06-06,Chennai,Tamil Nadu,13.0827,80.2707,24.885991831316638,57.20589411061016,19.235914314683157,1011.9725000008355,19.764144124948174,1.9482963983232096,Break
2023-06-06,Kolkata,West Bengal,22.5726,88.3639,26.477076586609485,91.48653356383963,14.059553802081144,1001.6151577097837,103.06018893865078,18.7444425020135,Active
2023-06-06,Hyderabad,Telangana,17.385,78.4867,29.575927734152536,96.94736840455107,20.184653397781286,996.6132064074715,20.93374745537809,5.800993917724007,Break
2023-06-06,Pune,Maharashtra,18.5204,73.8567,22.789718834256966,62.20173532371946,20.887511657268313,994.7677347017597,88.85864875497998,6.714001491910809,Active
2023-06-06,Ahmedabad,Gujarat,23.0225,72.5714,29.312267918715985,91.48822698492347,6.840059398375784,1003.1031754583107,45.301199405855215,11.628433425215945,Active
2023-06-06,Jaipur,Rajasthan,26.9124,75.7873,33.958004330640506,87.21254992478767,22.962231513305355,992.2304065653996,87.30991552208788,3.2127806452931957,Active
2023-06-06,Lucknow,Uttar Pradesh,26.8467,80.9462,32.324630772189614,63.84077723860304,19.141413344312973,996.1604455136263,64.9877997264517,49.636611354911906,Active
2023-06-06,Bhopal,Madhya Pradesh,23.2599,77.4126,20.630791761497065,79.34183704523143,5.721230443244995,984.7179697277428,54.485799532208496,0.27626688621712653,Depression
2023-06-06,Guwahati,Assam,26.1445,91.7362,31.83657597861565,89.38882020594409,8.214852373240852,991.036080840336,22.809686056282114,52.331632005442536,Break
2023-06-06,Thiruvananthapuram,Kerala,8.5241,76.9366,22.227082155408223,66.33662150277378,28.2242320194554,1012.8416749055706,1.6650915072426598,9.427851478994306,Break
2023-06-06,Bhubaneswar,Odisha,20.2961,85.8245,23.688067389761216,95.20924568116374,25.411443792351,982.1678770835888,193.70432801780476,10.553247184488853,Depression
2023-06-06,Raipur,Chhattisgarh,21.2514,81.6296,33.97857968439589,85.24088652505979,25.58676960618892,1014.3221318533374,25.300295053301998,2.92428729646332,Break
2023-06-07,Mumbai,Maharashtra,19.076,72.8777,29.087038257957055,52.792799567068926,17.843055808408074,1002.1656808969366,76.60647777604456,5.88648907359013,Depression
2023-06-07,Delhi,Delhi,28.7041,77.1025,36.83795432377525,75.50913568351578,16.544598270439423,1008.092033775533,8.47129465293947,9.789689885019898,Break
2023-06-07,Bangalore,Karnataka,12.9716,77.5946,20.72864648318727,98.38125497427858,13.65991973900548,1004.351533519774,114.98638903083292,3.4995527846772583,Depression
2023-06-07,Chennai,Tamil Nadu,13.0827,80.2707,28.17425889103818,85.84978134716945,13.818082135154995,1003.8178208209255,104.64665502537086,12.408081224248704,Active
2023-06-07,Kolkata,West Bengal,22.5726,88.3639,24.270826643872446,98.13614870604368,2.273967543105798,1013.0526502527025,67.84996128225903,8.168475962145362,Depression
2023-06-07,Hyderabad,Telangana,17.385,78.4867,27.36736612680005,64.06467930027,11.9124907287519,1002.9796104703154,140.95304573752003,2.519147795465082,Depression
2023-06-07,Pune,Maharashtra,18.5204,73.8567,36.09019482435306,88.89304862654944,26.057744567359816,991.712317904789,123.54917140379258,28.726228376178998,Depression
2023-06-07,Ahmedabad,Gujarat,23.0225,72.5714,30.853610531966584,52.72324543651812,15.460176921344473,1002.874548615617,2.5862403953272963,10.337739205957856,Break
2023-06-07,Jaipur,Rajasthan,26.9124,75.7873,31.42589913552981,57.68498488289772,22.539321134028647,982.358906923716,8.100462542704992,13.935343500656897,Break
2023-06-07,Lucknow,Uttar Pradesh,26.8467,80.9462,28.85942008653202,79.76320037450665,12.318461530413215,994.760059442466,13.006014868253487,6.470910506321007,Break
2023-06-07,Bhopal,Madhya Pradesh,23.2599,77.4126,30.01462153609134,85.72450317700778,11.684251296310972,993.4309630344841,61.83743349939949,11.919617640575098,Depression
2023-06-07,Guwahati,Assam,26.1445,91.7362,33.043215835804766,60.36585896109017,3.7918594704170023,983.8338773589712,19.975577564860018,26.559184117068952,Break
2023-06-07,Thiruvananthapuram,Kerala,8.5241,76.9366,35.1138663274598,60.860129340128296,26.712303020833488,985.8568097149596,107.01802590118442,13.664790194213568,Active
2023-06-07,Bhubaneswar,Odisha,20.2961,85.8245,35.96859249909785,81.70818043692223,16.083693255749807,1006.3644770858918,12.789770822113102,2.2498506495302455,Break
2023-06-07,Raipur,Chhattisgarh,21.2514,81.6296,31.562041672453745,85.0378073211215,27.302577578824003,984.3577049233619,1.5279626044229,2.7727412916422507,Break
2023-06-08,Mumbai,Maharashtra,19.076,72.8777,26.79169350076409,60.551663182495886,19.86619617411738,987.9853650155605,76.56188079401664,20.150781615893084,Depression
2023-06-08,Delhi,Delhi,28.7041,77.1025,24.067528191772347,99.1103918312973,17.458217447032432,1003.944188892363,78.8566125971126,18.335858301829298,Active
2023-06-08,Bangalore,Karnataka,12.9716,77.5946,35.1854776237803,60.2467293799118,28.417342954770795,996.5443810093228,2.2268398195671937,3.580396464751175,Break
2023-06-08,Chennai,Tamil Nadu,13.0827,80.2707,37.31040342825246,86.56875150419663,12.75929676626127,987.272547810909,8.925342176989728,20.89901478455687,Break
2023-06-08,Kolkata,West Bengal,22.5726,88.3639,22.315454317041272,87.80135265663094,4.64694355149175,1013.1166984920704,89.26297862747944,40.025853955645715,Active
2023-06-08,Hyderabad,Telangana,17.385,78.4867,24.554862247779422,68.63339566424077,20.337205232132902,983.3647379980783,29.02552455142109,1.227461599907664,Break
2023-06-08,Pune,Maharashtra,18.5204,73.8567,35.88598731335132,74.55328347390699,13.41134571268914,996.6440252926452,7.511999146628122,17.391911755370035,Break
2023-06-08,Ahmedabad,Gujarat,23.0225,72.5714,24.940293238149355,92.92499090703828,16.40816380371954,1013.2979092907691,86.26410196291278,58.00410589042357,Depression
2023-06-08,Jaipur,Rajasthan,26.9124,75.7873,27.150227352670218,77.41696142615858,12.557514867085352,1004.1970055331414,5.508128120978229,48.61207505510046,Break
2023-06-08,Lucknow,Uttar Pradesh,26.8467,80.9462,37.751524830039706,86.79335412478406,29.585597550071938,983.3492232703265,137.3153603386607,15.073417827661707,Depression
2023-06-08,Bhopal,Madhya Pradesh,23.2599,77.4126,35.18163582703174,55.45592628028555,10.916680750747574,1003.7340018412777,70.16773204182086,3.6022593241555514,Depression
2023-06-08,Guwahati,Assam,26.1445,91.7362,20.91169902859094,83.47855353986611,29.639763807612432,1014.8942741121499,34.26340008199948,17.239602180378466,Active
2023-06-08,Thiruvananthapuram,Kerala,8.5241,76.9366,24.327390548907395,83.34720395069604,17.359766900018073,997.3018777199277,133.38757382067865,2.2780579665695164,Depression
2023-06-08,Bhubaneswar,Odisha,20.2961,85.8245,29.106067057607802,61.31875579633946,14.190829138091388,994.0161616794749,12.139707199677325,3.6979252260673263,Break
2023-06-08,Raipur,Chhattisgarh,21.2514,81.6296,25.78336868640143,59.1262210671485,12.806201583242865,992.5807248205588,109.06161973928334,22.73324583189772,Active
2023-06-09,Mumbai,Maharashtra,19.076,72.8777,30.856340548440826,55.484186911854465,23.537380457365096,1010.396882729181,107.57069777039142,1.2857518201700768,Active
2023-06-09,Delhi,Delhi,28.7041,77.1025,24.31123800540369,78.23545240212492,6.496414708014235,993.8443868282554,131.7992066995308,14.158893914171191,Depression
2023-06-09,Bangalore,Karnataka,12.9716,77.5946,28.72506086804319,65.29977307197899,6.953747181315395,994.7128508844128,3.9243602343728723,4.646233287940207,Break
2023-06-09,Chennai,Tamil Nadu,13.0827,80.2707,25.964345741323072,54.20104098092386,22.692061805314907,999.7342878076685,87.61300990016724,33.17068311171549,Active
2023-06-09,Kolkata,West Bengal,22.5726,88.3639,24.70000258926599,96.2919518587347,29.71930572393696,996.4260607745002,14.907487381399372,38.02223264143201,Break
2023-06-09,Hyderabad,Telangana,17.385,78.4867,28.60350551434698,71.82390827844944,16.64878626070386,1011.6851167545005,68.2558979531129,6.509487448505298,Depression
2023-06-09,Pune,Maharashtra,18.5204,73.8567,20.710196773524583,78.25177348014819,5.0317093646982585,994.5970812602111,57.029870743988376,1.8181513803689702,Active
2023-06-09,Ahmedabad,Gujarat,23.0225,72.5714,23.061283940005705,95.31844438664315,29.066129082564622,1000.0582837005444,25.526819529842427,18.947685844536107,Break
2023-06-09,Jaipur,Rajasthan,26.9124,75.7873,30.209546326859112,78.08476055725177,14.374641113413457,1004.7757166497111,2.8100491747324963,73.75075706983084,Break
2023-06-09,Lucknow,Uttar Pradesh,26.8467,80.9462,31.952898298213455,68.7939245773144,6.688689982791913,981.7534574069132,94.67852827428958,16.481347755579485,Active
2023-06-09,Bhopal,Madhya Pradesh,23.2599,77.4126,23.84198706656902,66.0405843846169,21.787231253855648,1013.2042074719229,84.57489384535529,67.86994384279043,Depression
2023-06-09,Guwahati,Assam,26.1445,91.7362,26.87446659352718,69.34930476550343,25.418225696287966,992.0953860658911,119.30942954518086,5.621224021364586,Active
2023-06-09,Thiruvananthapuram,Kerala,8.5241,76.9366,31.925392150798892,63.834360474915954,19.86039880910569,1011.6991167791329,33.32925807402148,0.33442480095258353,Active
2023-06-09,Bhubaneswar,Odisha,20.2961,85.8245,29.590455524371897,82.60356503172005,7.42025162724377,990.5775013998915,107.65041016637088,15.166289438421632,Depression
2023-06-09,Raipur,Chhattisgarh,21.2514,81.6296,29.83654228915746,75.92052693372571,19.950935375689635,1014.0125034630639,0.22333926713682284,30.70292333641668,Break
2023-06-10,Mumbai,Maharashtra,19.076,72.8777,29.074609671839383,91.02966808138959,21.574491514490106,989.5066669859549,30.587228315884246,1.698277601796041,Active
2023-06-10,Delhi,Delhi,28.7041,77.1025,32.739229376281244,78.6258578255329,16.64495755787821,999.2468101366298,171.14070576073277,9.966855199584124,Depression
2023-06-10,Bangalore,Karnataka,12.9716,77.5946,36.32379236801365,79.40811008240374,3.3355174802228453,993.7950020140624,160.27981861610306,9.625466503151584,Depression
2023-06-10,Chennai,Tamil Nadu,13.0827,80.2707,23.949632572398755,82.06394203156674,28.14486738136706,981.2457058894578,18.69631072587355,3.045114715164849,Break
2023-06-10,Kolkata,West Bengal,22.5726,88.3639,33.72016395326682,97.50137782261484,11.264559515680807,1005.940956877045,65.29942545659779,3.5398217916393064,Active
2023-06-10,Hyderabad,Telangana,17.385,78.4867,25.940614791477277,52.73252617128574,6.1743496893340755,1006.7289196796839,80.69991790011474,8.251133225039217,Depression
2023-06-10,Pune,Maharashtra,18.5204,73.8567,20.746135085697542,87.8182688985433,23.742738372569487,1008.6362730261959,55.58813926335483,3.1096655452851407,Depression
2023-06-10,Ahmedabad,Gujarat,23.0225,72.5714,31.992174798104955,91.63193547974419,13.330669608107302,997.3204760087373,88.43329944607768,15.162539228363567,Depression
2023-06-10,Jaipur,Rajasthan,26.9124,75.7873,31.90421924062071,81.11113825687701,20.927841984464244,991.6870053971725,140.07220966031934,9.762760782230172,Depression
2023-06-10,Lucknow,Uttar Pradesh,26.8467,80.9462,35.43059681887984,58.583148852752785,12.54827699778218,991.2025742115802,88.93902623035717,13.473367085211905,Active
2023-06-10,Bhopal,Madhya Pradesh,23.2599,77.4126,33.222963991463075,81.7943937499025,14.232719962583225,1011.0426936070512,26.914428103747394,16.002652477291367,Break
2023-06-10,Guwahati,Assam,26.1445,91.7362,30.028090388928042,91.5331946706936,8.488222247800477,989.1791289403213,29.398118161045687,13.768861676290069,Break
2023-06-10,Thiruvananthapuram,Kerala,8.5241,76.9366,33.902533736349305,59.80084140491359,23.003100101126407,988.6881605779531,103.8947322471735,3.0567524677229585,Depression
2023-06-10,Bhubaneswar,Odisha,20.2961,85.8245,25.84556002810209,93.70246507489466,5.292506619010645,993.7117590522001,88.41939284955407,1.0797270947519266,Depression
2023-06-10,Raipur,Chhattisgarh,21.2514,81.6296,21.488769010302413,68.2031948127495,26.704587950860482,1009.920935196162,46.577150936678734,14.389013311215784,Active
2023-06-11,Mumbai,Maharashtra,19.076,72.8777,21.1436793321123,89.99379836883567,29.908740233718454,995.7155568703715,18.733177695498576,13.69404711586822,Break
2023-06-11,Delhi,Delhi,28.7041,77.1025,34.62904149017961,99.58268843779462,8.923426162402086,984.3754396305744,43.44172281465344,12.385773802146872,Active
2023-06-11,Bangalore,Karnataka,12.9716,77.5946,36.252181082515776,77.79391723316385,7.655072698370603,985.8793371751199,158.57191939072442,0.9505898054204818,Depression
2023-06-11,Chennai,Tamil Nadu,13.0827,80.2707,25.36921410924488,77.01967194587415,9.149544239996478,990.3156225082889,108.47389304212147,7.642187585579239,Depression
2023-06-11,Kolkata,West Bengal,22.5726,88.3639,33.15060136912983,76.81238430285732,3.675003411398207,1003.1089414217888,109.96356263841506,57.18894298264055,Depression
2023-06-11,Hyderabad,Telangana,17.385,78.4867,31.57101977267677,60.06028761824281,29.70757091336026,1001.4252950486269,118.462868627581,23.19345129426232,Active
2023-06-11,Pune,Maharashtra,18.5204,73.8567,26.722707257683027,57.660938169987126,27.072758538529754,1003.9037274326915,58.44663212353828,9.924519542570737,Active
2023-06-11,Ahmedabad,Gujarat,23.0225,72.5714,23.506483879051377,89.83256991946159,29.621581178531684,992.1780771592765,15.424556699106203,13.727131331349632,Break
2023-06-11,Jaipur,Rajasthan,26.9124,75.7873,35.22955939603157,98.237279591743,17.700857114798232,1007.4524633217064,63.90978897587784,13.766142487348622,Depression
2023-06-11,Lucknow,Uttar Pradesh,26.8467,80.9462,22.059207246242007,69.614630968202,20.88080599461681,1010.471982119966,62.89841207466436,9.261067319450449,Depression
2023-06-11,Bhopal,Madhya Pradesh,23.2599,77.4126,25.126609481863163,82.15613441901385,12.639562379565959,1011.0191935061488,116.0543421463208,5.3060956755818,Active
2023-06-11,Guwahati,Assam,26.1445,91.7362,27.36355660993302,81.45031885355041,2.453175387198275,982.4464244007046,25.666372423180462,11.961583234471515,Break
2023-06-11,Thiruvananthapuram,Kerala,8.5241,76.9366,31.103359405148932,69.28126999677495,7.635658819018619,992.2694339446729,167.90098353159925,10.74006478048586,Depression
2023-06-11,Bhubaneswar,Odisha,20.2961,85.8245,25.267449169358414,56.252257148282446,17.602155765899564,992.7877133300985,186.86923934994263,14.835634371849261,Depression
2023-06-11,Raipur,Chhattisgarh,21.2514,81.6296,34.961636169333474,52.896694925946605,19.148988712364595,999.5174368038657,20.67187731431019,7.5363847741596155,Break
2023-06-12,Mumbai,Maharashtra,19.076,72.8777,28.510910748500955,88.77937022718764,20.774014086593688,1013.5790520211131,158.3813958774598,25.016067741089454,Depression
2023-06-12,Delhi,Delhi,28.7041,77.1025,22.66057613250061,83.74130601126915,4.707681061706435,1006.0741007191332,28.24325479097261,39.5928960126671,Break
2023-06-12,Bangalore,Karnataka,12.9716,77.5946,28.096481581736818,99.50990716260524,5.7110403914326575,1008.6855900449397,193.00469951743483,5.89569748107555,Depression
2023-06-12,Chennai,Tamil Nadu,13.0827,80.2707,20.254331714089556,66.55302706917504,6.906388782106225,988.7260383731843,183.80945673233356,16.7799402311466,Depression
2023-06-12,Kolkata,West Bengal,22.5726,88.3639,37.44870104768182,51.97358245257027,29.43591581788558,999.5202645778716,92.55280885400796,13.620894248011773,Depression
2023-06-12,Hyderabad,Telangana,17.385,78.4867,33.575811151158355,90.47712033268633,24.516685224755165,984.9719103871096,9.934185789123207,4.553988695681832,Break
2023-06-12,Pune,Maharashtra,18.5204,73.8567,28.957793522751423,55.483073962882095,27.266256199747193,1014.399074377581,12.684866112186096,4.85394532647617,Break
2023-06-12,Ahmedabad,Gujarat,23.0225,72.5714,33.65709469111536,58.915763783463696,3.744199626019778,1011.2161029961993,64.73562056379805,16.911387784980654,Active
2023-06-12,Jaipur,Rajasthan,26.9124,75.7873,32.654911407799005,54.773850352210104,28.43743923416447,1007.172552270816,23.09407357971041,1.5896253097316564,Break
2023-06-12,Lucknow,Uttar Pradesh,26.8467,80.9462,21.08031612671317,61.33922937404044,16.504827438387856,997.2083357701002,74.84157622720481,49.82034574958822,Active
2023-06-12,Bhopal,Madhya Pradesh,23.2599,77.4126,24.57461451493282,51.99387073695501,21.201232989073457,982.264391165843,4.224309984401682,10.816246675840107,Break
2023-06-12,Guwahati,Assam,26.1445,91.7362,31.153920691680593,84.18793915204459,6.296093498009281,1013.8641232394319,31.907742965679542,49.68871773782801,Active
2023-06-12,Thiruvananthapuram,Kerala,8.5241,76.9366,26.3189188392209,66.96514510453767,12.130583881325494,999.3573549474029,82.90940999835183,50.45637159777177,Active
2023-06-12,Bhubaneswar,Odisha,20.2961,85.8245,30.576999856569415,86.34344733154889,24.93177232339704,1012.4742323182012,14.81745128073633,15.667093720831065,Break
2023-06-12,Raipur,Chhattisgarh,21.2514,81.6296,32.15501607328376,83.82089312903577,25.927346932817006,1002.4174265334107,136.9866220246525,14.324603975579654,Depression
2023-06-13,Mumbai,Maharashtra,19.076,72.8777,37.552431811140366,72.36353674110396,25.34065462710802,1014.6534292823275,74.1208895994015,2.6815199642117458,Depression
2023-06-13,Delhi,Delhi,28.7041,77.1025,36.70198529619232,95.09766603693062,24.767140502477737,1004.043241867264,16.798381722335158,1.2470715701137354,Break
2023-06-13,Bangalore,Karnataka,12.9716,77.5946,25.196299210649983,84.78954369225346,4.994871174058037,991.0343595717457,125.01230570516488,16.360780923325244,Depression
2023-06-13,Chennai,Tamil Nadu,13.0827,80.2707,29.321878441522152,81.91936235996081,5.315711761770013,1002.8152745665235,71.2792416419467,5.82499631995573,Depression
2023-06-13,Kolkata,West Bengal,22.5726,88.3639,26.217834770056644,59.7850429561799,2.42696120807189,995.6741250485525,17.609944605776526,3.8137920897328588,Break
2023-06-13,Hyderabad,Telangana,17.385,78.4867,36.15498745476022,54.68404846488748,22.088913674332765,1012.2100087424338,19.62810641478247,3.276813803925942,Break
2023-06-13,Pune,Maharashtra,18.5204,73.8567,32.25760332149061,86.75651047014037,6.225206233235852,1012.7902682689718,184.6461751098343,2.129703992085135,Depression
2023-06-13,Ahmedabad,Gujarat,23.0225,72.5714,30.428160248123596,79.96354751842843,5.0470436549971875,999.4336191905288,88.04093468875675,0.6236475570251546,Active
2023-06-13,Jaipur,Rajasthan,26.9124,75.7873,33.49320436029271,60.6631756144845,17.79774183329357,997.9935701438042,109.84764100583037,24.329154367003017,Active
2023-06-13,Lucknow,Uttar Pradesh,26.8467,80.9462,24.164894931515132,57.46787344593513,15.90536381165236,1000.5480021979937,92.31294582582291,19.38816475342153,Depression
2023-06-13,Bhopal,Madhya Pradesh,23.2599,77.4126,34.47753444903929,51.480815101124946,24.061222569692923,998.7719119900189,61.620096849089045,14.062409130205223,Active
2023-06-13,Guwahati,Assam,26.1445,91.7362,31.892867184179728,81.86961296506314,20.767854788168876,987.0458099585028,34.33158765918961,9.280852945871079,Active
2023-06-13,Thiruvananthapuram,Kerala,8.5241,76.9366,29.45052030147115,54.57908408661001,12.6711736464527,1001.9498522337688,169.98828283350736,6.139113627694914,Depression
2023-06-13,Bhubaneswar,Odisha,20.2961,85.8245,34.08639535208946,52.408654055375855,3.037077717611819,991.5260886492082,22.456644581851357,48.77670783531566,Break
2023-06-13,Raipur,Chhattisgarh,21.2514,81.6296,34.36444004550024,61.48682781037689,26.527051447306786,981.8129985704645,108.54788463572652,25.780589284692123,Active
2023-06-14,Mumbai,Maharashtra,19.076,72.8777,30.31540503670542,86.90612869983676,10.868892137314475,999.7224422857827,34.94802996786819,7.304296254474854,Active
2023-06-14,Delhi,Delhi,28.7041,77.1025,31.867806286180375,65.67328803084148,2.6898086843774696,982.9229327001854,17.147148783225642,8.067782176912372,Break
2023-06-14,Bangalore,Karnataka,12.9716,77.5946,34.49441389738171,90.21013436756131,3.603260016974007,980.2962267871728,8.709746382292371,1.7677901210331561,Break
2023-06-14,Chennai,Tamil Nadu,13.0827,80.2707,20.48379111574053,87.47067645001825,4.655314273410797,1008.9495212557376,114.898472051255,18.56472804445816,Active
2023-06-14,Kolkata,West Bengal,22.5726,88.3639,37.29789674256293,66.11379579693589,26.983286754199426,1009.9197076281573,68.40188321787508,7.770903903329264,Active
2023-06-14,Hyderabad,Telangana,17.385,78.4867,37.881391742820114,82.39814949892312,4.587200949521595,1013.7311783320018,95.15912997877234,13.016961113688687,Depression
2023-06-14,Pune,Maharashtra,18.5204,73.8567,22.248594136340376,73.79642767382666,17.03241825556791,994.7313760408001,5.403606525218158,3.5272476020487313,Break
2023-06-14,Ahmedabad,Gujarat,23.0225,72.5714,29.50840083215551,74.16836157349582,9.291607768986239,1008.5900223370487,130.1839783981604,42.27393917517586,Depression
2023-06-14,Jaipur,Rajasthan,26.9124,75.7873,26.937908739329217,80.80742488842708,18.23397288488914,987.3442829374947,62.5599967496009,11.163584763634253,Active
2023-06-14,Lucknow,Uttar Pradesh,26.8467,80.9462,21.704221030032375,73.64332328220156,28.201662913114482,1014.096119183351,121.00735843462138,7.51080711397658,Depression
2023-06-14,Bhopal,Madhya Pradesh,23.2599,77.4126,26.100867259704565,88.84582433035706,5.901298027299454,997.5229701150073,66.14397955014263,12.738487963655661,Depression
2023-06-14,Guwahati,Assam,26.1445,91.7362,35.51012694626783,54.53798746102815,29.98756256317286,1005.9770443806303,53.53686408601051,2.461919836122114,Active
2023-06-14,Thiruvananthapuram,Kerala,8.5241,76.9366,22.825113883070255,63.304782479249205,22.37374372385231,1005.5798224376906,38.81510332214923,41.350010641972986,Active
2023-06-14,Bhubaneswar,Odisha,20.2961,85.8245,35.28900725440826,95.8672858549046,24.97829536919837,994.9021453371228,25.74079370499355,7.988290431396124,Break
2023-06-14,Raipur,Chhattisgarh,21.2514,81.6296,27.157124248993547,50.500958118354546,12.586214212089697,997.373625672664,150.39118522774368,24.809497713907714,Depression
2023-06-15,Mumbai,Maharashtra,19.076,72.8777,29.853226083712343,74.2822131594645,19.1007587140016,1008.6123626497504,96.97517754169064,22.6628751588089,Active
2023-06-15,Delhi,Delhi,28.7041,77.1025,33.67510387149225,86.05929614791019,14.364809407088158,989.284076916919,121.06773913904475,3.6153241653426322,Depression
2023-06-15,Bangalore,Karnataka,12.9716,77.5946,30.243953938868998,73.82712291878792,17.519548243743774,1009.0238642275782,39.39939296504572,12.31903053615255,Active
2023-06-15,Chennai,Tamil Nadu,13.0827,80.2707,33.34605245656252,72.58432344256676,2.783091587729908,1010.3010587269099,69.33308400193238,27.977843354611363,Depression
2023-06-15,Kolkata,West Bengal,22.5726,88.3639,35.99682410064203,74.46375571353516,4.4757221364120365,1002.2291407060975,105.21466549428537,11.892094845501564,Active
2023-06-15,Hyderabad,Telangana,17.385,78.4867,22.466825972598922,97.28640677878427,4.214707730375839,996.2778836408778,50.764629519187494,15.814325649874437,Active
2023-06-15,Pune,Maharashtra,18.5204,73.8567,23.75560423271962,86.51299155338677,2.6283867139521986,981.5656180744415,47.269088619499,91.28063155678765,Active
2023-06-15,Ahmedabad,Gujarat,23.0225,72.5714,31.1329089393616,69.99361838447902,25.816306407591952,981.5121758807812,142.83648894582248,1.968802310213771,Depression
2023-06-15,Jaipur,Rajasthan,26.9124,75.7873,34.22342674934396,51.596066562961276,28.084571833703137,993.5726336553247,29.28395865491156,8.27570350646759,Break
2023-06-15,Lucknow,Uttar Pradesh,26.8467,80.9462,37.43300760957396,72.181069055349,8.082605777267148,999.3038880247466,35.7446545680193,16.048203183942665,Active
2023-06-15,Bhopal,Madhya Pradesh,23.2599,77.4126,31.60108620039626,84.96692053628765,9.888490720297634,986.8853342458079,159.4330708288128,14.60166414928883,Depression
2023-06-15,Guwahati,Assam,26.1445,91.7362,22.93503248890128,90.21639309517965,14.024155562520901,983.5296395930151,51.105682651375936,11.854839617547876,Depression
2023-06-15,Thiruvananthapuram,Kerala,8.5241,76.9366,32.927125811783284,56.14536534057632,29.185553182762803,987.7019507309919,104.80239505787566,14.27594769379778,Depression
2023-06-15,Bhubaneswar,Odisha,20.2961,85.8245,27.073630529024786,65.30113154361226,25.756357692220995,995.4165581802624,31.339604791845833,54.2430722927987,Active
2023-06-15,Raipur,Chhattisgarh,21.2514,81.6296,24.4730148111988,98.99605211232222,5.977795692484662,994.0649132548602,180.48443149555678,48.66000701969932,Depression
2023-06-16,Mumbai,Maharashtra,19.076,72.8777,32.74842800596197,90.41222553037016,16.2628419997246,994.9328043783781,158.46459140604884,36.523036564092045,Depression
2023-06-16,Delhi,Delhi,28.7041,77.1025,21.27343229616277,93.24446202588118,27.548893713093662,989.5794651570754,73.55480534676539,54.126404632856094,Depression
2023-06-16,Bangalore,Karnataka,12.9716,77.5946,27.495466429428305,69.33512593666,13.740763788501127,1003.2976382835088,121.38398606322038,0.013895816071198833,Depression
2023-06-16,Chennai,Tamil Nadu,13.0827,80.2707,21.81359851341975,64.9835999795181,5.394793928625145,983.5269942066318,27.86925352317612,15.576600973503234,Break
2023-06-16,Kolkata,West Bengal,22.5726,88.3639,28.163726840669877,71.46274738554679,24.718866359113797,991.9350141364639,169.3694680316119,30.372254017729368,Depression
2023-06-16,Hyderabad,Telangana,17.385,78.4867,34.7497847104069,97.25569332505823,17.234830681439966,990.639786072524,84.74720302769126,25.430824419017426,Active
2023-06-16,Pune,Maharashtra,18.5204,73.8567,32.127536058413085,92.44591049024368,26.597170452640473,1006.9048844720281,40.63907744188251,75.08253579699463,Active
2023-06-16,Ahmedabad,Gujarat,23.0225,72.5714,20.444288688698794,92.22097111061092,14.980016777869354,1004.5837090546631,57.62156864895088,16.38352844178396,Depression
2023-06-16,Jaipur,Rajasthan,26.9124,75.7873,20.2472376295444,73.2695924934149,8.292064343335044,1003.6111175552547,67.9179569336582,23.833071092106287,Active
2023-06-16,Lucknow,Uttar Pradesh,26.8467,80.9462,31.80996906726478,99.345679289285,21.530676560762515,999.9312142520033,14.272306402692395,8.489581495256742,Break
2023-06-16,Bhopal,Madhya Pradesh,23.2599,77.4126,22.333640336594513,71.41733450506689,8.686920988096674,1003.5317529834679,30.182852464199534,20.08897891415896,Active
2023-06-16,Guwahati,Assam,26.1445,91.7362,35.99436993214974,96.29405741400899,4.8350891236515405,1006.6826741675468,130.7783651980976,15.998493346912692,Depression
2023-06-16,Thiruvananthapuram,Kerala,8.5241,76.9366,35.30173813727328,92.89193178824829,10.948521931026715,992.0624315103169,4.109837215793749,9.214531341447186,Break
2023-06-16,Bhubaneswar,Odisha,20.2961,85.8245,24.64748590422395,78.15645789533154,23.819388206564696,987.1423934247055,24.403819730668094,1.725809717314247,Break
2023-06-16,Raipur,Chhattisgarh,21.2514,81.6296,28.866085738045257,54.009989450421294,12.992979195421228,993.5675068483735,71.87764752152414,2.921817705853994,Depression
2023-06-17,Mumbai,Maharashtra,19.076,72.8777,29.09099385695,96.47244849723029,25.57642040367903,1011.9016624500762,11.755682344722096,40.5180972552499,Break
2023-06-17,Delhi,Delhi,28.7041,77.1025,27.141607822639024,96.76959386633938,25.54868742946484,1001.9931254080847,38.70832302747685,25.75529351198722,Active
2023-06-17,Bangalore,Karnataka,12.9716,77.5946,37.521768660168235,99.87869697400092,12.332555045104886,996.5089490918409,137.25494912691937,29.22180969478537,Depression
2023-06-17,Chennai,Tamil Nadu,13.0827,80.2707,26.20734863213128,99.06495511768061,23.25946070071035,995.0728762907873,172.99855214212658,6.973791811404444,Depression
2023-06-17,Kolkata,West Bengal,22.5726,88.3639,29.35105193900354,61.88614907071788,19.269617693425232,1002.8125759496277,93.40431337215779,1.111117219462986,Active
2023-06-17,Hyderabad,Telangana,17.385,78.4867,25.053382473920465,64.22037654288556,2.6717223033079898,1011.7948358595653,5.930224956409037,12.671407517118336,Break
2023-06-17,Pune,Maharashtra,18.5204,73.8567,34.838630099615315,61.1358220826956,21.442649969715987,991.0265100880993,7.132571105701684,25.933571915929168,Break
2023-06-17,Ahmedabad,Gujarat,23.0225,72.5714,37.35186608972578,82.6396837525395,29.585382518163264,998.6931789671103,90.39995808776413,11.499354165142387,Depression
2023-06-17,Jaipur,Rajasthan,26.9124,75.7873,36.27254765571955,56.874733730727904,8.743876938484124,984.7092814114051,21.63216841398429,8.246646551840021,Break
2023-06-17,Lucknow,Uttar Pradesh,26.8467,80.9462,37.91673186911958,61.44176400819163,25.30579246630623,987.8643653206163,104.18910982886594,13.242490348347719,Active
2023-06-17,Bhopal,Madhya Pradesh,23.2599,77.4126,23.216304054409058,74.71937323219181,24.81305342185465,989.349536224648,22.918032080977316,26.352770765802664,Break
2023-06-17,Guwahati,Assam,26.1445,91.7362,35.18362877192336,73.62219113781866,6.965809028311014,986.4880398548573,8.314315637251227,1.3726422575838926,Break
2023-06-17,Thiruvananthapuram,Kerala,8.5241,76.9366,25.625995152035628,91.5112207267593,9.154997660762257,1005.1609679947803,100.8336633146281,30.464483284932967,Depression
2023-06-17,Bhubaneswar,Odisha,20.2961,85.8245,20.896355702217335,86.1150521529726,8.937870315721764,1014.5924152814484,192.50982656342345,2.2441555999257994,Depression
2023-06-17,Raipur,Chhattisgarh,21.2514,81.6296,26.828272193842125,60.60695323528405,16.986431860789892,1005.0505372028573,7.453448172149044,20.572427686825634,Break
2023-06-18,Mumbai,Maharashtra,19.076,72.8777,20.908573623287644,94.68951851250182,23.316350660445856,994.4510139702643,99.00441217100385,3.4065647432125887,Active
2023-06-18,Delhi,Delhi,28.7041,77.1025,23.301431710260182,72.38799769923767,18.7766874012554,992.6859460752027,109.41556945883642,6.89854955473253,Depression
2023-06-18,Bangalore,Karnataka,12.9716,77.5946,23.179167074186097,51.60441248695427,18.937621242958095,1014.5273885567418,174.1417694748685,10.953425207303273,Depression
2023-06-18,Chennai,Tamil Nadu,13.0827,80.2707,27.267992204641384,93.3463039553298,28.250432598443584,985.2119132436743,6.668345016573546,43.14649122420657,Break
2023-06-18,Kolkata,West Bengal,22.5726,88.3639,28.249285861033805,92.17850527359892,9.615887951943819,1006.886993748037,3.075340072840582,3.1176512671302095,Break
2023-06-18,Hyderabad,Telangana,17.385,78.4867,30.756057144447247,88.14610334980622,23.773650286413613,980.098009941146,35.206990898896905,11.632896385425092,Active
2023-06-18,Pune,Maharashtra,18.5204,73.8567,20.007963152667436,99.23564447482315,19.427891714807053,1010.4719366147202,30.406587641132766,7.418878237415456,Active
2023-06-18,Ahmedabad,Gujarat,23.0225,72.5714,29.00351976350534,52.58991080661243,19.463153790923904,982.8090601877456,168.1933666110505,14.473451845132411,Depression
2023-06-18,Jaipur,Rajasthan,26.9124,75.7873,26.089054338187275,62.68606331159592,29.078802314284797,988.1969172588114,5.537879686701715,0.20516684098996213,Break
2023-06-18,Lucknow,Uttar Pradesh,26.8467,80.9462,29.32193246706676,85.61857910202963,2.61154111633243,1006.0352151554686,8.56220794077233,14.840457057709482,Break
2023-06-18,Bhopal,Madhya Pradesh,23.2599,77.4126,30.148321423394215,93.49803642683581,28.66473592298116,997.8485755874437,46.65291352373401,21.011458002533125,Active
2023-06-18,Guwahati,Assam,26.1445,91.7362,26.113003222418403,92.36200531918155,25.599915455568336,988.8769559053385,13.34996543391631,28.474527071150828,Break
2023-06-18,Thiruvananthapuram,Kerala,8.5241,76.9366,32.082567424643784,82.72568959201658,8.92699777588516,988.4532262083356,119.22213014496569,11.831097342201739,Active
2023-06-18,Bhubaneswar,Odisha,20.2961,85.8245,31.696559478991954,72.79342177599486,27.92693081677921,999.3751776218884,17.51378714126469,17.493574451069627,Break
2023-06-18,Raipur,Chhattisgarh,21.2514,81.6296,21.47613675800808,83.54978816894736,20.351192734643526,991.2025048506434,86.73697827959842,17.873597959169928,Active
2023-06-19,Mumbai,Maharashtra,19.076,72.8777,35.33940253271108,87.24828209160657,12.082030180172707,1013.2328713209757,86.11691926766501,19.736773531395848,Active
2023-06-19,Delhi,Delhi,28.7041,77.1025,23.12911932521543,50.51588124316023,6.204376435620842,984.0569606268721,114.7099668801074,30.576863511168046,Depression
2023-06-19,Bangalore,Karnataka,12.9716,77.5946,31.208532926964086,67.7884091861737,2.8424247277765993,993.3224268730921,140.8359941371875,8.438261297308806,Depression
2023-06-19,Chennai,Tamil Nadu,13.0827,80.2707,21.874911195703024,81.76478717203416,23.337377659298664,991.5488925564481,160.70849159550667,14.047889354440121,Depression
2023-06-19,Kolkata,West Bengal,22.5726,88.3639,33.26656554095302,84.68553132990232,9.907051206922214,993.2634236170454,128.94767169302173,13.811326666538637,Depression
2023-06-19,Hyderabad,Telangana,17.385,78.4867,21.22663887379621,68.29871923798478,25.999043861865733,1008.5364415175986,20.41624659297471,1.14012128481812,Break
2023-06-19,Pune,Maharashtra,18.5204,73.8567,36.23365186620289,87.07114697334114,13.333559494985458,996.6473769591277,62.49865860423892,2.525008780587222,Depression
2023-06-19,Ahmedabad,Gujarat,23.0225,72.5714,21.75146329859529,99.9792920671049,10.459639724603642,1002.8852777061923,21.959518532631016,10.349438707533048,Break
2023-06-19,Jaipur,Rajasthan,26.9124,75.7873,29.50599319542043,80.50913395065331,15.572862223039623,1008.5806556368138,55.9399846182463,1.6984698314476852,Active
2023-06-19,Lucknow,Uttar Pradesh,26.8467,80.9462,31.10896481644206,60.57085532154308,20.154043309419652,982.6804159675876,90.00198357306034,14.203941540443278,Depression
2023-06-19,Bhopal,Madhya Pradesh,23.2599,77.4126,22.544896688222316,90.80566447069384,24.615797584407304,988.8915644837898,29.95814314646629,11.174401025341755,Break
2023-06-19,Guwahati,Assam,26.1445,91.7362,20.148853224880686,87.07017205345043,11.061004760767498,1000.7592462093629,15.380494637087807,10.639855198959431,Break
2023-06-19,Thiruvananthapuram,Kerala,8.5241,76.9366,26.467986567171984,74.29545803625955,17.984501168415143,999.5337952560762,44.95047270911223,6.553369292173413,Active
2023-06-19,Bhubaneswar,Odisha,20.2961,85.8245,34.939524624544084,60.55701295546953,24.781354362658163,999.3673950278805,165.51067973749974,45.653665995573505,Depression
2023-06-19,Raipur,Chhattisgarh,21.2514,81.6296,29.517671985264748,55.29824974761371,9.368841114360976,999.3761699309179,114.78838102553838,5.273153967788257,Active
2023-06-20,Mumbai,Maharashtra,19.076,72.8777,30.41212784293318,67.64984859025276,26.781986514781156,1003.8410833726479,109.42085479860107,17.202673854673954,Active
2023-06-20,Delhi,Delhi,28.7041,77.1025,22.950651828975584,72.40828106329744,16.36661359272368,990.8193073538627,179.12086046500238,2.252020318122932,Depression
2023-06-20,Bangalore,Karnataka,12.9716,77.5946,36.55438508412279,77.06536786265792,11.73411347981591,1002.4736941287292,12.379658342514638,3.1443104998286855,Break
2023-06-20,Chennai,Tamil Nadu,13.0827,80.2707,34.51010159571685,57.303540889786596,13.252855046143207,999.15249061795,8.962261723011869,15.727734665056174,Break
2023-06-20,Kolkata,West Bengal,22.5726,88.3639,37.53308598338354,91.87796684831761,11.639541016497546,1008.9980457466713,83.30350882084323,4.046282531216654,Active
2023-06-20,Hyderabad,Telangana,17.385,78.4867,34.39941438652037,93.5249351707353,8.563770843759164,995.867655390121,13.113892334135787,17.202829749750457,Break
2023-06-20,Pune,Maharashtra,18.5204,73.8567,35.72893772754707,54.94403347857813,28.17256967122968,1008.3943924076596,83.38430041041923,0.09157079799527779,Active
2023-06-20,Ahmedabad,Gujarat,23.0225,72.5714,23.58411425582223,70.44662799131189,25.07032460231404,1004.3785147765414,50.539821257117744,5.919077471091923,Active
2023-06-20,Jaipur,Rajasthan,26.9124,75.7873,34.37778700796011,58.560684675732865,18.106729663752798,1013.9935859608726,1.3378327203221696,9.821864951153504,Break
2023-06-20,Lucknow,Uttar Pradesh,26.8467,80.9462,25.411696372773626,75.36393498021991,6.744777450727458,987.3758860126211,5.105596954123364,22.084696015412426,Break
2023-06-20,Bhopal,Madhya Pradesh,23.2599,77.4126,21.025744195063815,80.01455591874921,23.384171710775796,980.0984859122881,9.361578746110487,35.865723395284974,Break
2023-06-20,Guwahati,Assam,26.1445,91.7362,21.451286161184647,50.12394122741963,12.57629642841085,988.6405622822564,152.82110304068303,0.2770071178337376,Depression
2023-06-20,Thiruvananthapuram,Kerala,8.5241,76.9366,24.608481965801936,88.24105400028074,21.74492722682599,997.5106660485147,109.6287427214292,0.4921535076389031,Depression
2023-06-20,Bhubaneswar,Odisha,20.2961,85.8245,21.9895829248096,74.52993356088615,12.81695939760559,1004.1080076392641,100.22570598998843,9.444616137339585,Depression
2023-06-20,Raipur,Chhattisgarh,21.2514,81.6296,33.40519717969902,73.70326498073864,22.00224452960928,982.7209404529139,132.23836700926688,1.0166186742594985,Depression
2023-06-21,Mumbai,Maharashtra,19.076,72.8777,30.388805782983066,96.61723799835326,21.870610874665857,986.4856598659409,109.16613966934234,5.27572104088095,Active
2023-06-21,Delhi,Delhi,28.7041,77.1025,34.62328484504855,70.85047585939398,26.8312673182618,1009.4011879907232,25.27455676263396,13.227117306274414,Break
2023-06-21,Bangalore,Karnataka,12.9716,77.5946,28.79013310103214,97.5286013117674,17.92480209925015,1011.5432090244802,54.208001709980124,14.503014721345068,Active
2023-06-21,Chennai,Tamil Nadu,13.0827,80.2707,30.721500247310082,87.2369974157555,13.758153243666625,1009.3123395591325,108.76062862358708,3.189639984765959,Depression
2023-06-21,Kolkata,West Bengal,22.5726,88.3639,31.48005324914682,91.60092427267988,11.20038204229784,1007.5827271982275,85.3904593652874,4.4731466891963585,Depression
2023-06-21,Hyderabad,Telangana,17.385,78.4867,22.60020208993429,83.34821029120434,4.709972727923542,1012.7132763622376,28.38881302917555,21.994379122741876,Break
2023-06-21,Pune,Maharashtra,18.5204,73.8567,23.715196835899093,53.9061597803984,27.986633824715728,996.4664775698681,134.3639466322756,13.500914952423184,Depression
2023-06-21,Ahmedabad,Gujarat,23.0225,72.5714,32.52621880064943,91.47211289861434,29.538952831143444,1006.8764275620792,102.59734756317022,38.85630892099285,Depression
2023-06-21,Jaipur,Rajasthan,26.9124,75.7873,32.89779117652659,67.50163207592388,13.188527229414248,995.3714526314228,56.31361258745687,7.952125246827534,Active
2023-06-21,Lucknow,Uttar Pradesh,26.8467,80.9462,27.145815026966826,59.262198533572715,24.43226663769333,1000.6081486182916,115.53924818361526,15.886441572823887,Active
2023-06-21,Bhopal,Madhya Pradesh,23.2599,77.4126,30.093932313285755,67.10591396234679,24.274856123905657,984.9780135863439,122.77156959545556,0.6802043994329735,Depression
2023-06-21,Guwahati,Assam,26.1445,91.7362,22.35175360428407,83.24900998802086,13.18270614681031,1012.5227071696319,0.930808599777676,9.680882752166584,Break
2023-06-21,Thiruvananthapuram,Kerala,8.5241,76.9366,27.43421195059768,54.18455968756736,27.346110134336904,988.3080568948922,142.64201840992234,3.868828010542845,Depression
2023-06-21,Bhubaneswar,Odisha,20.2961,85.8245,34.459085036563245,78.47708642410038,14.534981171455636,984.4068493392991,82.69592921425374,1.5083674586742577,Active
2023-06-21,Raipur,Chhattisgarh,21.2514,81.6296,22.875440693286514,74.15380482772493,3.075125107771211,986.8981283658449,48.486146589787495,58.80853865740514,Active
2023-06-22,Mumbai,Maharashtra,19.076,72.8777,32.717667331025474,68.95881591366938,24.239482501075887,982.6542507793201,116.87302751178285,0.13223344913736212,Depression
2023-06-22,Delhi,Delhi,28.7041,77.1025,26.129790143091387,86.20642294442746,2.045190996500381,1000.7045072237609,86.31888825646287,5.945616580136045,Depression
2023-06-22,Bangalore,Karnataka,12.9716,77.5946,24.978972436978403,51.03235890432553,13.648369400465153,1001.2722763611489,93.06726553644761,27.12525661763033,Active
2023-06-22,Chennai,Tamil Nadu,13.0827,80.2707,25.822790493704858,50.978072103905916,22.067140832786492,1012.5341070438421,114.89206246902349,11.305226578704278,Depression
2023-06-22,Kolkata,West Bengal,22.5726,88.3639,26.402950625023443,66.79841692131643,10.815673583329588,1001.1248105997615,29.132427502645225,4.462826527825172,Break
2023-06-22,Hyderabad,Telangana,17.385,78.4867,33.39349211813119,52.79143764097656,5.431189630060253,1014.9642538264618,128.13349317724035,31.42419807432318,Depression
2023-06-22,Pune,Maharashtra,18.5204,73.8567,29.60067664391318,64.2318028840816,28.82619693578607,991.0665012814791,45.08150665931598,8.811546333236036,Active
2023-06-22,Ahmedabad,Gujarat,23.0225,72.5714,24.55380156925189,66.1643089044451,5.816909160918051,991.2690835780226,172.80042175071847,12.945886453771273,Depression
2023-06-22,Jaipur,Rajasthan,26.9124,75.7873,37.062874806086164,86.05163793898487,24.60381303994393,997.4207485679925,2.691455665943261,5.793533149260095,Break
2023-06-22,Lucknow,Uttar Pradesh,26.8467,80.9462,22.780754671763287,83.43227519595686,16.163893226392755,1005.712322007809,101.80208479565825,17.275428572206934,Active
2023-06-22,Bhopal,Madhya Pradesh,23.2599,77.4126,35.723879453998066,95.31866731507137,15.460356118650681,988.1195143636642,94.59032963274215,3.101504519917343,Active
2023-06-22,Guwahati,Assam,26.1445,91.7362,29.64372811760173,55.47958101199667,24.9772940392223,997.2468996477735,23.5428694927192,27.39546411749284,Break
2023-06-22,Thiruvananthapuram,Kerala,8.5241,76.9366,34.58137249978026,50.54834795853675,14.658997734743483,990.0538564609168,19.064676948861106,6.4776245448226355,Break
2023-06-22,Bhubaneswar,Odisha,20.2961,85.8245,34.65001445826252,63.615860013638375,10.052999856022208,988.5083251746071,47.91401631254608,1.4755168915240073,Active
2023-06-22,Raipur,Chhattisgarh,21.2514,81.6296,29.200715685593977,88.63025403974115,10.67798511372059,1013.9183690882386,92.8519131526862,3.500173550660476,Depression
2023-06-23,Mumbai,Maharashtra,19.076,72.8777,20.207303359420354,68.81220760206531,29.339147759835548,996.0238509879192,50.12741352950465,36.33150078787275,Active
2023-06-23,Delhi,Delhi,28.7041,77.1025,32.585012880516395,54.04883242026513,2.61149845859392,1008.9901346205172,122.58514148434496,19.877277439627115,Depression
2023-06-23,Bangalore,Karnataka,12.9716,77.5946,35.79809701849743,92.35763240330833,18.646708219273787,1007.098971202392,1.3973021300283883,1.2828444718565821,Break
2023-06-23,Chennai,Tamil Nadu,13.0827,80.2707,24.114140952971557,63.15534019734173,10.604026694660096,1014.9784749555063,61.962739847941464,27.40131909649179,Active
2023-06-23,Kolkata,West Bengal,22.5726,88.3639,37.148103693366245,57.933668671963204,2.7219972230824836,993.1963351422809,13.338634623889392,0.37178534969536176,Break
2023-06-23,Hyderabad,Telangana,17.385,78.4867,29.32859429014691,52.377536107247074,13.6982360545998,1013.5648444710681,181.8272819117106,25.461799121899354,Depression
2023-06-23,Pune,Maharashtra,18.5204,73.8567,34.41599966116286,52.64764907622212,4.9291063861200115,995.3512388242481,69.54642449232878,18.570316416047937,Depression
2023-06-23,Ahmedabad,Gujarat,23.0225,72.5714,25.41719984554806,52.99468024659551,25.481633928576063,1000.8408398661431,105.75320607017335,33.06129867248104,Active
2023-06-23,Jaipur,Rajasthan,26.9124,75.7873,21.1025868942109,55.67208585578462,11.42601984324363,1013.672763710988,64.28524346884181,20.231277550793667,Active
2023-06-23,Lucknow,Uttar Pradesh,26.8467,80.9462,21.352755529221547,67.3299255102593,5.969289494948137,987.3851417281721,62.94570510430548,3.9002165325757026,Depression
2023-06-23,Bhopal,Madhya Pradesh,23.2599,77.4126,36.15119554267069,52.35270843676801,6.63654038117425,1000.4693606640932,88.02944831829394,16.447406665156535,Active
2023-06-23,Guwahati,Assam,26.1445,91.7362,32.220978366139235,99.74205631611304,22.596773604549906,1001.4715216882707,186.39370856552074,3.353901542317693,Depression
2023-06-23,Thiruvananthapuram,Kerala,8.5241,76.9366,31.579031125533938,81.10356917445814,7.2169567497706,993.8592670142929,3.258181599717538,3.9947206706349174,Break
2023-06-23,Bhubaneswar,Odisha,20.2961,85.8245,23.596116774645523,94.09516549605029,8.437809150706254,1005.8326948533862,108.28402907604574,21.4707846739826,Depression
2023-06-23,Raipur,Chhattisgarh,21.2514,81.6296,28.697577989144165,75.47915974036997,17.350363064890555,998.1367969459847,101.2875288438312,20.911364509761338,Active
2023-06-24,Mumbai,Maharashtra,19.076,72.8777,21.824907141530755,52.371474626818326,13.981558513109828,1008.4417942818301,27.324987684171685,14.11224640905674,Break
2023-06-24,Delhi,Delhi,28.7041,77.1025,22.70613879756019,57.177843753786384,17.18730201445143,1014.3555199669837,14.040878724068781,18.230413620792344,Break
2023-06-24,Bangalore,Karnataka,12.9716,77.5946,36.01869593758499,83.45579978270409,19.167548627533954,1014.0886647889754,9.09326999149004,17.16220958359769,Break
2023-06-24,Chennai,Tamil Nadu,13.0827,80.2707,25.673495267893294,86.61831554745879,4.820480126212523,1002.974239938411,127.65732434097387,41.66732151034959,Depression
2023-06-24,Kolkata,West Bengal,22.5726,88.3639,34.69849586145812,51.3847133268503,19.217936823209293,985.9255971231439,54.52217084798369,15.862340109287098,Active
2023-06-24,Hyderabad,Telangana,17.385,78.4867,32.06609694179783,80.20693474517408,13.99702121314012,1002.2622075715122,105.61947408311258,2.4878572117273885,Depression
2023-06-24,Pune,Maharashtra,18.5204,73.8567,36.71227004079626,71.8313174815053,20.823342681185423,1002.9684880832242,113.13299097439675,23.62787501591924,Active
2023-06-24,Ahmedabad,Gujarat,23.0225,72.5714,28.500887603899663,76.25443520749411,24.46441435090138,996.4848978428556,84.0044747785152,7.154818588285891,Active
2023-06-24,Jaipur,Rajasthan,26.9124,75.7873,22.731267736845616,52.94572768871571,22.288271929038444,1012.1406849304968,21.39699469616214,11.126681682504246,Break
2023-06-24,Lucknow,Uttar Pradesh,26.8467,80.9462,20.939323593774326,67.42562981368494,12.686230319650889,1003.947632557342,23.238635488118437,45.48292751433972,Break
2023-06-24,Bhopal,Madhya Pradesh,23.2599,77.4126,27.343984315367223,93.40627515134142,26.562241841836464,1013.3499890442129,89.27776139642549,29.76709757741957,Active
2023-06-24,Guwahati,Assam,26.1445,91.7362,28.216812371685663,61.12003028920892,22.47532163510739,986.0834148808585,15.105873133468581,15.859550996857193,Break
2023-06-24,Thiruvananthapuram,Kerala,8.5241,76.9366,26.32100374275558,76.28190311329453,27.505906134195826,992.8901580575198,33.92774829092423,12.988360043782398,Active
2023-06-24,Bhubaneswar,Odisha,20.2961,85.8245,37.01009858983568,79.2300749606474,20.423088437379615,993.439190167248,54.464637625599295,7.3332696654501,Active
2023-06-24,Raipur,Chhattisgarh,21.2514,81.6296,20.043771130788684,80.29342266726377,20.0840179930143,1012.5948467818878,57.46698481538402,14.04359183185573,Depression
2023-06-25,Mumbai,Maharashtra,19.076,72.8777,31.559574391305468,75.13451458454401,7.728807844821162,984.653528293073,100.50802858048633,9.209692401041066,Depression
2023-06-25,Delhi,Delhi,28.7041,77.1025,32.681595144179916,97.3006759987826,12.509786872912166,1013.6495188811139,59.70839075958111,19.72598142569345,Depression
2023-06-25,Bangalore,Karnataka,12.9716,77.5946,25.22754277025879,61.20182460605076,10.22008708355211,980.9979530019901,103.48116682712079,5.641154461162987,Active
2023-06-25,Chennai,Tamil Nadu,13.0827,80.2707,30.57233875497581,78.11346347961836,28.869027396785597,985.4277734235208,130.191704685687,4.476931631119844,Depression
2023-06-25,Kolkata,West Bengal,22.5726,88.3639,26.555282923384905,86.266615150837,22.11932036007118,991.9800902822301,1.6568216456016105,11.822111757881434,Break
2023-06-25,Hyderabad,Telangana,17.385,78.4867,24.170924977335872,78.80950786007622,27.68837556848114,1002.0908418780715,10.377941772675008,2.6016361100042333,Break
2023-06-25,Pune,Maharashtra,18.5204,73.8567,21.214486045212357,94.20403856007323,3.5053398808396414,1004.2331022902883,67.74275052415595,4.128936083138204,Active
2023-06-25,Ahmedabad,Gujarat,23.0225,72.5714,37.33527829447664,57.58732899631396,3.4825252136878273,990.6215599295743,116.5362917424255,5.195737707519203,Active
2023-06-25,Jaipur,Rajasthan,26.9124,75.7873,20.19919274424706,66.21094432385351,12.279133047009658,987.7736678172881,22.747753591508705,12.29429800597765,Break
2023-06-25,Lucknow,Uttar Pradesh,26.8467,80.9462,27.14776343653876,60.250362124147046,16.428754505697526,982.7548061616782,194.66521568961647,4.925056773294159,Depression
2023-06-25,Bhopal,Madhya Pradesh,23.2599,77.4126,23.291821248510445,79.88418585067663,3.1179757998390216,1004.2654070863629,133.87356083459008,2.145788542812459,Depression
2023-06-25,Guwahati,Assam,26.1445,91.7362,26.50358748194637,68.77034593765198,28.981329745990628,1008.6449330861776,21.75448802621925,6.536192501508834,Break
2023-06-25,Thiruvananthapuram,Kerala,8.5241,76.9366,20.801304100324685,96.96732515859648,24.581232742300838,1007.9376297256453,162.67093495784144,24.32904166548831,Depression
2023-06-25,Bhubaneswar,Odisha,20.2961,85.8245,21.3253935228902,76.04300047914978,26.750800694677412,981.5360013197093,81.88528731137832,0.29232277593838957,Depression
2023-06-25,Raipur,Chhattisgarh,21.2514,81.6296,33.200468016242155,89.22749648239716,29.09207576127275,996.4858273764946,23.848354350445824,15.550451143069404,Break
2023-06-26,Mumbai,Maharashtra,19.076,72.8777,28.45124708790047,79.1001904392467,14.347449562167023,1009.9648076515635,14.175752955730289,49.818007232723346,Break
2023-06-26,Delhi,Delhi,28.7041,77.1025,23.377097554019265,77.58622140224227,12.669445449035301,1001.9891928234565,3.963065902771783,10.65908584105178,Break
2023-06-26,Bangalore,Karnataka,12.9716,77.5946,35.510064375100534,69.31213784317576,11.151015686632672,999.2842389475059,16.54653040698652,8.323393435418215,Break
2023-06-26,Chennai,Tamil Nadu,13.0827,80.2707,36.33638990131186,79.46855513995862,2.8155525130201036,991.0017930567394,174.95310265404066,6.382279101000687,Depression
2023-06-26,Kolkata,West Bengal,22.5726,88.3639,32.01907988264246,61.08305410591879,19.833967018229146,1005.534553442102,171.26782365061638,39.58307397295017,Depression
2023-06-26,Hyderabad,Telangana,17.385,78.4867,31.440840264231444,76.16480296335652,5.3756456775937504,1014.6316072681399,57.545904051318956,85.48976330731513,Depression
2023-06-26,Pune,Maharashtra,18.5204,73.8567,27.478392487231602,85.44646190505077,21.910434644803914,990.93304790711,83.66950312581294,7.34715054877454,Active
2023-06-26,Ahmedabad,Gujarat,23.0225,72.5714,27.34106062141996,54.15381692766434,2.914457963937497,995.4506472478351,29.810033264881433,29.344076672736715,Break
2023-06-26,Jaipur,Rajasthan,26.9124,75.7873,35.407432192035785,57.31473813772702,14.060911672227766,999.7188562410224,13.968545985975874,15.495176473021571,Break
2023-06-26,Lucknow,Uttar Pradesh,26.8467,80.9462,34.55642831664364,58.47396952990764,15.753331839850699,1001.6755420310884,93.59683693503715,11.119988124915754,Active
2023-06-26,Bhopal,Madhya Pradesh,23.2599,77.4126,24.863716790678687,60.52380403468569,29.152209951795637,984.5187581762208,43.51641367308621,20.108416787425863,Active
2023-06-26,Guwahati,Assam,26.1445,91.7362,25.482860416912146,79.76732808937894,17.571417256240334,1013.4042934473189,2.734660894033425,4.749847523522145,Break
2023-06-26,Thiruvananthapuram,Kerala,8.5241,76.9366,23.19618323663654,66.1876602385837,14.963486743397837,981.8717969895628,9.16741183522491,1.7646294548103472,Break
2023-06-26,Bhubaneswar,Odisha,20.2961,85.8245,27.930792523508,80.40875897406293,10.352655225499422,992.1323843591387,123.72281680007238,23.544366735381928,Depression
2023-06-26,Raipur,Chhattisgarh,21.2514,81.6296,27.095493886009912,55.42655287415599,4.849581597796957,1006.2082401115782,54.455055812531505,1.801586234155796,Active
2023-06-27,Mumbai,Maharashtra,19.076,72.8777,35.19318702885073,54.5458144181538,6.566823918791833,984.0030399585801,182.26593139775227,13.245705332389374,Depression
2023-06-27,Delhi,Delhi,28.7041,77.1025,20.830618407303472,79.7305170298801,16.778358516015075,990.2568475028974,179.01912432881713,10.899251393226985,Depression
2023-06-27,Bangalore,Karnataka,12.9716,77.5946,35.24967699011999,59.923429276313016,6.1168227981705305,995.2635863807521,0.21862079369144527,9.24480919587924,Break
2023-06-27,Chennai,Tamil Nadu,13.0827,80.2707,23.862584207651356,85.33854829541687,9.062159369012292,986.743360978287,42.35876658611294,9.984438737676715,Active
2023-06-27,Kolkata,West Bengal,22.5726,88.3639,32.3012785601253,74.24540154508921,2.9419440610284937,986.8845772594116,137.2792582887683,8.563165793435203,Depression
2023-06-27,Hyderabad,Telangana,17.385,78.4867,30.990414434423123,86.11036756200846,28.482952781767974,994.5040684107917,124.08575478882425,68.71168855485348,Depression
2023-06-27,Pune,Maharashtra,18.5204,73.8567,33.9508731044585,51.32319039618042,5.556974340637341,1009.6979502964084,84.19566898964402,2.878991162056614,Active
2023-06-27,Ahmedabad,Gujarat,23.0225,72.5714,24.50407473090979,52.80516913953968,19.766767142852792,991.4794075401495,28.025595867244565,23.689442287018217,Break
2023-06-27,Jaipur,Rajasthan,26.9124,75.7873,25.241920773318476,82.7290435423879,14.49151667675955,1006.7542625637554,75.37547932479288,62.41215717776572,Depression
2023-06-27,Lucknow,Uttar Pradesh,26.8467,80.9462,25.757261789266067,84.17528201063902,3.1209600702531404,989.0572038645978,129.36999886744724,22.87507299337941,Depression
2023-06-27,Bhopal,Madhya Pradesh,23.2599,77.4126,23.074191218580058,84.08173006221513,12.159067449751886,1005.926619853208,102.33203397854305,0.08284020227065456,Depression
2023-06-27,Guwahati,Assam,26.1445,91.7362,29.620752716200634,54.943501738480045,21.8651610251317,1004.4755526461519,179.7957028474701,17.399069313967562,Depression
2023-06-27,Thiruvananthapuram,Kerala,8.5241,76.9366,20.38968562121543,95.335831023205,14.181311375902148,1009.4066316807407,39.39954898084524,41.90012434575766,Active
2023-06-27,Bhubaneswar,Odisha,20.2961,85.8245,22.294507389556642,82.41567840902232,5.762090505175843,988.8897202357514,95.26371446670844,17.033978467355414,Active
2023-06-27,Raipur,Chhattisgarh,21.2514,81.6296,23.417085817906997,86.17151399853044,25.93283575776259,1013.0929752810453,27.378001089702,4.464211819256766,Break
2023-06-28,Mumbai,Maharashtra,19.076,72.8777,23.029844063618643,65.81701331295797,7.21466183237702,995.9467932391381,84.44508465096158,2.489750964050404,Active
2023-06-28,Delhi,Delhi,28.7041,77.1025,21.455006108115914,55.06007841953432,23.871254195029913,1014.4335411899601,23.915395376963126,0.4448613566359902,Break
2023-06-28,Bangalore,Karnataka,12.9716,77.5946,29.861683870924317,81.46674937879217,25.206082223413098,1000.1912393911786,70.48392253434972,35.969201176616124,Depression
2023-06-28,Chennai,Tamil Nadu,13.0827,80.2707,32.17008935438968,87.32405059264418,9.747864902294923,1008.6898305693455,140.73488894947582,4.445661228385692,Depression
2023-06-28,Kolkata,West Bengal,22.5726,88.3639,22.83303848377524,99.08216969288983,7.534671321438711,996.1939603531563,12.590659807614307,3.422068650849166,Break
2023-06-28,Hyderabad,Telangana,17.385,78.4867,31.907839927989855,83.4461238324266,25.520850488893775,989.748170525224,20.619472758636284,0.8033317977037212,Break
2023-06-28,Pune,Maharashtra,18.5204,73.8567,36.30782878476806,83.25294144907329,10.752933024319166,1009.8571380947806,68.77931293192987,17.2679372584299,Depression
2023-06-28,Ahmedabad,Gujarat,23.0225,72.5714,35.77885945382576,55.76494511862118,8.693735569325089,998.5600378440122,2.5909973147281065,21.87806437752097,Break
2023-06-28,Jaipur,Rajasthan,26.9124,75.7873,32.33961090697482,91.57098107152592,27.31647914422183,992.6552709178818,115.50927487982518,36.67924666388611,Depression
2023-06-28,Lucknow,Uttar Pradesh,26.8467,80.9462,37.6269689915478,84.4222907365941,24.68737460401184,1013.4038790722818,81.28683079519338,13.56732454382952,Depression
2023-06-28,Bhopal,Madhya Pradesh,23.2599,77.4126,35.9422338522774,69.89711043440975,8.053658490455435,1011.1258220748415,14.47358547424534,4.312661624893282,Break
2023-06-28,Guwahati,Assam,26.1445,91.7362,33.69003967929333,77.65177291183802,13.89623241815281,991.9629964095608,196.6361625745069,69.36127181082203,Depression
2023-06-28,Thiruvananthapuram,Kerala,8.5241,76.9366,30.35196923168957,58.05966461270795,22.909633056096556,984.6377820114274,28.46434730964114,5.410007388610639,Break
2023-06-28,Bhubaneswar,Odisha,20.2961,85.8245,34.35795420635315,59.97870756350285,20.029412649375082,994.21923258685,3.363758949602127,6.765786152429156,Break
2023-06-28,Raipur,Chhattisgarh,21.2514,81.6296,31.143270430399483,50.3947940111097,19.074137690454595,994.045521335669,48.3370059878077,28.419916885143795,Active
2023-06-29,Mumbai,Maharashtra,19.076,72.8777,33.52809827611957,68.86305057803777,18.660226086636882,985.9124442526338,24.67521684506166,14.331429597145096,Break
2023-06-29,Delhi,Delhi,28.7041,77.1025,27.45873234662549,92.69889990536711,25.88218015896302,1014.5016895936741,114.39381203876671,2.2892771105092766,Depression
2023-06-29,Bangalore,Karnataka,12.9716,77.5946,33.26142575401056,54.43886045956817,7.416722753292726,1002.1763463735193,164.90410656250575,37.62148407308404,Depression
2023-06-29,Chennai,Tamil Nadu,13.0827,80.2707,25.437515650518833,71.9964238700864,11.147226589592632,1014.043783568226,14.267681819203863,43.806531951325866,Break
2023-06-29,Kolkata,West Bengal,22.5726,88.3639,33.05208462959408,53.21216702840239,28.48027321424217,1009.2955632762257,191.56309132515838,2.029957402686852,Depression
2023-06-29,Hyderabad,Telangana,17.385,78.4867,31.773465314412917,88.60609414047732,5.890093116511402,1010.2485965363127,157.7727396998518,8.653169985321142,Depression
2023-06-29,Pune,Maharashtra,18.5204,73.8567,31.028666532610167,63.00425692432291,26.27410236121226,1006.2374702266409,57.19255544744347,0.7571802311485787,Active
2023-06-29,Ahmedabad,Gujarat,23.0225,72.5714,34.10324559704382,86.74940350698171,26.44956006445348,1011.7008592159206,194.35730490788538,56.920461752297626,Depression
2023-06-29,Jaipur,Rajasthan,26.9124,75.7873,25.130342910336594,79.41568513472721,23.77568961985815,986.0588734304787,83.63336237296328,9.48384946879526,Active
2023-06-29,Lucknow,Uttar Pradesh,26.8467,80.9462,36.40357133292748,78.07671065673003,16.779804957793736,980.9317938223908,6.753034263176002,4.201641075071599,Break
2023-06-29,Bhopal,Madhya Pradesh,23.2599,77.4126,21.24411242222584,61.843878886088845,11.731157885187168,1006.618715141668,18.559669053113623,7.200141578676138,Break
2023-06-29,Guwahati,Assam,26.1445,91.7362,29.09998128052281,68.02054313250595,24.302005340844932,1000.3375193830457,108.53654417212786,12.796113625112133,Active
2023-06-29,Thiruvananthapuram,Kerala,8.5241,76.9366,31.69246748302699,73.69514655504867,10.788568267931142,1000.4926642365084,77.88762229214494,11.497282842418773,Depression
2023-06-29,Bhubaneswar,Odisha,20.2961,85.8245,34.05277355238069,65.53826352260651,21.466430393773564,1003.6632655900362,113.64802208435016,4.7577685132336835,Active
2023-06-29,Raipur,Chhattisgarh,21.2514,81.6296,31.034741867372468,91.81207246567897,25.88953293040056,998.322553830989,93.51008741302357,0.593948100739467,Active
2023-06-30,Mumbai,Maharashtra,19.076,72.8777,28.74064984673059,56.93552928498034,5.511318194284023,996.7222385233352,1.3685866010746106,2.2952207990859375,Break
2023-06-30,Delhi,Delhi,28.7041,77.1025,28.27977196929402,85.25096718445747,22.27957221121459,983.5884898472522,92.1374883293418,9.396502134951243,Active
2023-06-30,Bangalore,Karnataka,12.9716,77.5946,36.34505427932193,73.10000436747774,13.71335884491596,990.0019101897545,195.96391723271557,42.76903317161698,Depression
2023-06-30,Chennai,Tamil Nadu,13.0827,80.2707,29.537212112730526,96.02729762878411,14.263926983994157,1012.6368986938254,0.4428366066452183,48.704235798585586,Break
2023-06-30,Kolkata,West Bengal,22.5726,88.3639,27.04989159892004,90.86582866988735,26.903610885326206,1013.1747502808754,4.8865885383531005,48.43107432042592,Break
2023-06-30,Hyderabad,Telangana,17.385,78.4867,27.779350685134915,89.31688463373422,24.25383035509106,997.1056507179272,55.43889783961416,18.362040080890853,Depression
2023-06-30,Pune,Maharashtra,18.5204,73.8567,27.429811334960007,67.53900207963157,18.891697739345872,981.7834013380328,27.970397462027023,33.69088234693352,Break
2023-06-30,Ahmedabad,Gujarat,23.0225,72.5714,27.73404821618673,99.6348576888173,16.06368244638262,1004.4320240732635,9.649544702735616,16.11667849901603,Break
2023-06-30,Jaipur,Rajasthan,26.9124,75.7873,29.936463575085966,73.27926405576773,27.16289739664261,999.4880470792698,52.586315719207334,1.7174260056456112,Depression
2023-06-30,Lucknow,Uttar Pradesh,26.8467,80.9462,26.90646773240318,62.64826200396374,12.274360228476844,1006.5653369116582,56.12042067014926,15.25148676022219,Depression
2023-06-30,Bhopal,Madhya Pradesh,23.2599,77.4126,35.84134233038354,57.295642747084166,23.774537112098848,993.8093369197769,19.85481723075485,30.479633958380873,Break
2023-06-30,Guwahati,Assam,26.1445,91.7362,24.422695494326042,84.23715697889565,2.645174502530338,985.2317691918186,171.53864193106756,1.1720637468055188,Depression
2023-06-30,Thiruvananthapuram,Kerala,8.5241,76.9366,27.56336305793174,89.77724761225373,4.593282882406228,1002.5127655992419,29.33960158173892,2.6030274801262685,Break
2023-06-30,Bhubaneswar,Odisha,20.2961,85.8245,31.016994280466427,82.8591213412335,11.69969306871906,1010.6650047464574,177.59696525082205,16.54965246568085,Depression
2023-06-30,Raipur,Chhattisgarh,21.2514,81.6296,23.35558546674436,70.08238337169391,8.015098790482625,981.7297926092134,80.71711704943019,11.35804600957144,Active
2023-07-01,Mumbai,Maharashtra,19.076,72.8777,23.9784931853778,75.5195521023991,18.847275517576445,981.9167808065514,48.96396581759664,8.691330691961847,Active
2023-07-01,Delhi,Delhi,28.7041,77.1025,37.899145510889625,66.02168461435863,7.8799953280536315,997.4178770477325,153.11405080820126,6.628467513643188,Depression
2023-07-01,Bangalore,Karnataka,12.9716,77.5946,35.21648283707184,67.52982039793733,3.811787116874232,985.7735828915115,81.59609164521873,6.050467213064576,Depression
2023-07-01,Chennai,Tamil Nadu,13.0827,80.2707,25.66344554777038,85.55772346321012,3.6670221748695515,1014.6181770537282,48.99144432190367,0.1260028033976012,Active
2023-07-01,Kolkata,West Bengal,22.5726,88.3639,32.51128895828731,90.41792831119956,5.248901713857839,985.1559115815197,95.3972629709055,9.404121056067586,Active
2023-07-01,Hyderabad,Telangana,17.385,78.4867,31.599054592527125,73.20150627214943,2.2054021054493576,1003.9185320666638,86.85138818262303,10.059457782739903,Active
2023-07-01,Pune,Maharashtra,18.5204,73.8567,24.974075931728734,78.63149815527656,4.4226369482092895,1001.3834754726316,25.50777015909014,3.5155693554939873,Break
2023-07-01,Ahmedabad,Gujarat,23.0225,72.5714,23.01296642662914,94.07962780735119,6.233119457509407,1006.3260341899885,9.398638170709612,20.094042194838448,Break
2023-07-01,Jaipur,Rajasthan,26.9124,75.7873,35.73907771873307,56.43178575127132,6.923937887897273,985.3821621028873,62.79611294064699,21.368137287790095,Active
2023-07-01,Lucknow,Uttar Pradesh,26.8467,80.9462,36.55725622564591,61.73278097006008,24.350391973060905,1006.8780714396993,105.74343402003191,11.333252583068965,Depression
2023-07-01,Bhopal,Madhya Pradesh,23.2599,77.4126,35.610620291375604,83.99366573517506,4.7658756733383445,1009.9860634781212,92.90871041016601,6.0911450767489494,Active
2023-07-01,Guwahati,Assam,26.1445,91.7362,29.842721920116205,87.91032958211073,11.427674392448687,999.2067021541935,9.74976472462064,13.945173604559724,Break
2023-07-01,Thiruvananthapuram,Kerala,8.5241,76.9366,35.508135645364476,92.46487842963703,8.547277912728227,981.3153478745227,29.919741330723173,8.268686122682697,Break
2023-07-01,Bhubaneswar,Odisha,20.2961,85.8245,37.64558966123073,78.23059409448591,18.76983451986394,988.9813499661584,109.78456411722087,0.6430969598282028,Depression
2023-07-01,Raipur,Chhattisgarh,21.2514,81.6296,34.141531358174525,58.228445680263576,7.392373049999687,995.561804418505,123.91667419228581,21.209143974999506,Depression
2023-07-02,Mumbai,Maharashtra,19.076,72.8777,31.334415579903766,74.73479333049522,10.625268904251472,984.2326196502861,18.20663687821296,10.291045612467235,Break
2023-07-02,Delhi,Delhi,28.7041,77.1025,32.084755710759794,91.07941793560468,6.443412068717376,985.6092053371459,83.18670792066047,8.623787122687965,Depression
2023-07-02,Bangalore,Karnataka,12.9716,77.5946,33.37106395458111,92.24145516525843,2.2889009818932804,986.6576355546982,75.71328066435996,8.605890006036542,Depression
2023-07-02,Chennai,Tamil Nadu,13.0827,80.2707,36.92938772545513,93.19354130195336,13.996613569943122,1013.7071712801618,53.88615955409553,5.510359166863614,Depression
2023-07-02,Kolkata,West Bengal,22.5726,88.3639,31.70639744113651,89.02016131804365,11.278945243671465,988.588566304585,56.44231170991574,9.766969794469627,Active
2023-07-02,Hyderabad,Telangana,17.385,78.4867,37.29216706477783,72.36368052627381,9.410753258245544,1001.2893411467337,18.499394911097216,10.09453225116674,Break
2023-07-02,Pune,Maharashtra,18.5204,73.8567,36.210633503948564,66.1019783243103,25.75413392590945,981.1423758286084,84.83612921722133,7.411793862777717,Active
2023-07-02,Ahmedabad,Gujarat,23.0225,72.5714,37.0406523083283,97.99569878215246,25.20119860341857,986.6073867283693,135.59374664719502,5.783076602085006,Depression
2023-07-02,Jaipur,Rajasthan,26.9124,75.7873,25.07668070615288,81.7661186125802,20.134317441849852,981.2512781947569,53.03870929199955,6.639826681429422,Depression
2023-07-02,Lucknow,Uttar Pradesh,26.8467,80.9462,36.301046223346006,81.10494909391278,5.9376126221799215,1006.9344553103537,140.4295303257811,65.21192220722386,Depression
2023-07-02,Bhopal,Madhya Pradesh,23.2599,77.4126,25.576481131522808,51.8554293096213,17.59877797045007,995.9340095619045,4.666125528408144,12.866542208569198,Break
2023-07-02,Guwahati,Assam,26.1445,91.7362,36.797724664739384,80.50465617660873,24.61143476807132,1003.4311994536063,139.39138320444056,5.9489711731008486,Depression
2023-07-02,Thiruvananthapuram,Kerala,8.5241,76.9366,32.50208476563934,70.19189007354252,24.55032173114487,999.213827409573,169.7179486969048,25.045429982295765,Depression
2023-07-02,Bhubaneswar,Odisha,20.2961,85.8245,20.089802143656666,81.396165274039,13.21228822546707,1000.5963491429219,103.2823764979292,11.524282042237404,Active
2023-07-02,Raipur,Chhattisgarh,21.2514,81.6296,27.710114691036914,70.93539411131727,5.681790556333372,990.4228016478563,0.2965206371526641,1.132159608871242,Break
2023-07-03,Mumbai,Maharashtra,19.076,72.8777,27.839617899763315,56.696399332268015,14.358638739853287,990.3424609064433,34.86140582488192,21.4210115842646,Active
2023-07-03,Delhi,Delhi,28.7041,77.1025,32.66647050229712,85.43284051000214,9.050672828809041,994.7908040060108,67.65357741741047,4.844868432336871,Active
2023-07-03,Bangalore,Karnataka,12.9716,77.5946,29.866117538726293,84.68149736264101,18.522208465817755,1005.2167411510103,18.840923189600744,11.121063010854877,Break
2023-07-03,Chennai,Tamil Nadu,13.0827,80.2707,21.601831227815648,83.00443231687494,5.251460206693604,993.175544049048,78.93756268157023,28.2128213051957,Depression
2023-07-03,Kolkata,West Bengal,22.5726,88.3639,33.2430967396277,67.1845408350426,10.869609284080827,995.0255845612645,112.2599706204106,49.25742533329029,Depression
2023-07-03,Hyderabad,Telangana,17.385,78.4867,26.37246790322756,61.11480586833311,26.35463172396427,992.5842046726028,10.856811207292862,4.538497613625079,Break
2023-07-03,Pune,Maharashtra,18.5204,73.8567,25.900754374481245,53.6317519492412,12.78976297762124,988.3177696336267,104.05879864722101,30.824419622858418,Depression
2023-07-03,Ahmedabad,Gujarat,23.0225,72.5714,25.959022393125093,85.78041592495464,17.692855878593825,1001.2739999824557,19.391579742255082,12.407954768014893,Break
2023-07-03,Jaipur,Rajasthan,26.9124,75.7873,31.823551593588707,95.98679670885423,10.38298636815772,998.7659652593073,114.58381246561675,13.861578631192591,Depression
2023-07-03,Lucknow,Uttar Pradesh,26.8467,80.9462,22.90006955734336,60.33664147204048,13.297143563856618,980.8669687629528,108.98067527566535,26.368629879810673,Active
2023-07-03,Bhopal,Madhya Pradesh,23.2599,77.4126,30.891166315439598,84.24836971985815,6.479293187448931,994.0828168070622,63.10497882460324,22.424381964163135,Active
2023-07-03,Guwahati,Assam,26.1445,91.7362,37.151272998042344,67.16727113353365,23.969750869171005,984.3713214603104,72.12101916101008,0.6021544510922785,Depression
2023-07-03,Thiruvananthapuram,Kerala,8.5241,76.9366,24.105396341523363,86.98584450566644,18.584203048663884,1007.548801049044,43.053146960493386,27.727335187129047,Active
2023-07-03,Bhubaneswar,Odisha,20.2961,85.8245,27.60028512187081,68.53466147889253,24.20635951573657,992.9478262427446,58.94057908771386,17.068815201051247,Active
2023-07-03,Raipur,Chhattisgarh,21.2514,81.6296,30.397037209870184,53.414873435564026,28.797926664756318,1000.4403803816615,42.014369695154485,4.6548570621245915,Active
2023-07-04,Mumbai,Maharashtra,19.076,72.8777,35.219941395563225,60.23573226690561,28.31961577066888,999.5328830902978,83.28734779947658,12.727265357167521,Active
2023-07-04,Delhi,Delhi,28.7041,77.1025,25.519697488292095,66.38651403025715,18.357924666303873,984.5202252347301,82.37131006011282,5.1929232503562,Depression
2023-07-04,Bangalore,Karnataka,12.9716,77.5946,26.366788743047422,64.93793531721009,27.71312609655966,1011.5512477351184,58.29087981116221,20.525201964669655,Active
2023-07-04,Chennai,Tamil Nadu,13.0827,80.2707,28.24581328623315,58.28805882195579,26.84508393400489,1012.4849947414339,164.84613789968455,0.9786481520272023,Depression
2023-07-04,Kolkata,West Bengal,22.5726,88.3639,24.65020865622232,87.22709570879763,10.830058358512392,984.3606232101786,15.879394168429728,0.3930181936673961,Break
2023-07-04,Hyderabad,Telangana,17.385,78.4867,30.338837437989277,69.05235848585204,18.883059199383027,995.1705822411178,61.85623855265788,4.0102902464450905,Depression
2023-07-04,Pune,Maharashtra,18.5204,73.8567,24.059289151416493,60.174392271040716,9.056518459468734,991.3454436144999,64.52412662272818,10.940682032909624,Active
2023-07-04,Ahmedabad,Gujarat,23.0225,72.5714,29.02259607827133,52.53790263901842,10.43703659499702,992.0008176739548,66.53391883779223,24.51973880923002,Depression
2023-07-04,Jaipur,Rajasthan,26.9124,75.7873,36.722199410038314,99.78824860553239,16.30884297972782,981.7476036187173,195.1037077384304,7.739739319965763,Depression
2023-07-04,Lucknow,Uttar Pradesh,26.8467,80.9462,35.19035859293827,52.71078280845556,12.09864801199391,985.0048388785243,166.02826246403686,7.850443034414537,Depression
2023-07-04,Bhopal,Madhya Pradesh,23.2599,77.4126,33.33328617280567,85.15555053771186,21.30241257892404,1013.197638331127,30.392910185581474,6.2174780354184165,Active
2023-07-04,Guwahati,Assam,26.1445,91.7362,21.115952888482266,75.57443409144798,19.013020978458197,981.4057305239544,113.83073216000707,1.5275985281319258,Depression
2023-07-04,Thiruvananthapuram,Kerala,8.5241,76.9366,25.4932732504533,80.58966332092419,12.7652833450353,1008.7777983447475,117.3504228047894,73.24627844870052,Active
2023-07-04,Bhubaneswar,Odisha,20.2961,85.8245,37.26598543549245,69.37820271666344,2.7317448352594647,991.2172536250665,56.45863823108658,9.007272487916895,Active
2023-07-04,Raipur,Chhattisgarh,21.2514,81.6296,27.125619848895546,98.48471595240184,23.9025417274726,1002.0973028008247,4.213760020364842,28.5901351660986,Break
2023-07-05,Mumbai,Maharashtra,19.076,72.8777,26.448020553444056,92.12941870149808,25.997846124911383,984.1621306782406,50.80750005537041,11.16103327012988,Active
2023-07-05,Delhi,Delhi,28.7041,77.1025,24.120887803150275,86.31625758543228,8.955381678594339,1000.6574086521749,85.32524930310495,9.465494960729403,Active
2023-07-05,Bangalore,Karnataka,12.9716,77.5946,25.884112475499297,88.86131446014605,29.776151914201314,983.4386685569664,109.67302622307291,15.01663401664175,Active
2023-07-05,Chennai,Tamil Nadu,13.0827,80.2707,34.39202218508806,69.10577567223584,29.26675711307609,1008.4681362373735,108.20359890752621,29.15775507466289,Active
2023-07-05,Kolkata,West Bengal,22.5726,88.3639,36.772033408379755,75.72428489954936,26.037287076471756,983.4091656443827,114.74334813940138,20.28542171802252,Active
2023-07-05,Hyderabad,Telangana,17.385,78.4867,36.229240034073015,66.83507240067048,2.887327377448895,1004.8413068113941,163.19634480652033,0.9200872987434359,Depression
2023-07-05,Pune,Maharashtra,18.5204,73.8567,22.49474893520028,55.731477648738974,9.681080014659543,987.012602531558,72.32865856180403,11.473113645268556,Active
2023-07-05,Ahmedabad,Gujarat,23.0225,72.5714,29.187997333160318,93.42472284626197,29.505451146082272,991.3732737017625,39.219373844740986,17.26474911661514,Active
2023-07-05,Jaipur,Rajasthan,26.9124,75.7873,25.0748821430527,59.3928134238891,8.294015740372341,1002.2246691373907,159.71697078702545,3.49532298649222,Depression
2023-07-05,Lucknow,Uttar Pradesh,26.8467,80.9462,27.14449834088618,87.62228521707624,25.923555307906227,988.0034619753324,92.95806891255293,21.51188112246501,Active
2023-07-05,Bhopal,Madhya Pradesh,23.2599,77.4126,29.177520802960046,78.79569527142698,22.710453263791486,996.4696303185489,87.51015828928286,9.232601586525236,Active
2023-07-05,Guwahati,Assam,26.1445,91.7362,23.821258038287,93.25665355163466,10.53953573434179,986.2912461559166,93.23299952018921,2.97723819427524,Depression
2023-07-05,Thiruvananthapuram,Kerala,8.5241,76.9366,32.9830164060745,98.4532679820033,25.283611708764624,996.7987588342712,75.30673002672376,20.53186912570329,Active
2023-07-05,Bhubaneswar,Odisha,20.2961,85.8245,35.14153973003211,88.21631593004315,18.111326119750753,988.143582690961,62.8732067529872,19.92671528087103,Depression
2023-07-05,Raipur,Chhattisgarh,21.2514,81.6296,27.037375161211425,89.90238463501314,20.571126872282726,995.1947683298417,39.4060387044768,35.74188089301242,Active
2023-07-06,Mumbai,Maharashtra,19.076,72.8777,29.223644344814428,85.50161314593447,16.835153984275195,1013.9033080765348,100.86001857640348,39.38635951894616,Depression
2023-07-06,Delhi,Delhi,28.7041,77.1025,24.74174432132753,53.95090702122885,27.746146990322497,999.5724230329673,48.50213662115947,0.013157970289428828,Active
2023-07-06,Bangalore,Karnataka,12.9716,77.5946,30.881343362754293,55.64925896255442,2.868712235207128,989.4994480707742,10.342233724131193,5.223708817839396,Break
2023-07-06,Chennai,Tamil Nadu,13.0827,80.2707,29.725520588414884,80.13858067293835,9.845803170808416,990.4110095147817,176.06941561313823,1.7944635830704423,Depression
2023-07-06,Kolkata,West Bengal,22.5726,88.3639,21.51321135353402,78.01427011716805,18.679938837440304,1009.1769316239461,173.81544447002184,28.150328093817496,Depression
2023-07-06,Hyderabad,Telangana,17.385,78.4867,37.15313113125075,65.3924587493512,21.53690311044194,983.0692835300032,113.58247360336125,23.1635854827989,Active
2023-07-06,Pune,Maharashtra,18.5204,73.8567,29.93584920547469,70.94982291023663,8.896470745607896,1004.7713478390884,73.87876368234843,30.54215108180179,Active
2023-07-06,Ahmedabad,Gujarat,23.0225,72.5714,28.26217151342029,93.99545099305982,10.610640607292009,1000.198793173296,56.97646767974199,0.335001315696583,Active
2023-07-06,Jaipur,Rajasthan,26.9124,75.7873,27.837504273948213,82.66413916950569,8.727914690920727,1006.1333954402588,79.06443916789276,44.53724806278976,Active
2023-07-06,Lucknow,Uttar Pradesh,26.8467,80.9462,28.066365285938353,86.54617712241941,25.4805741630083,998.85702986042,43.59379689710131,3.0387853922165866,Active
2023-07-06,Bhopal,Madhya Pradesh,23.2599,77.4126,27.15850187519537,64.3958639195733,4.0555326409416015,986.3865309347121,31.770577147116125,14.320231615585417,Active
2023-07-06,Guwahati,Assam,26.1445,91.7362,21.2590514268473,56.93996214513961,4.922370220356201,993.1056499510136,20.986913346591248,0.609372144330962,Break
2023-07-06,Thiruvananthapuram,Kerala,8.5241,76.9366,24.33743379381759,81.9217278088461,5.141422981455094,995.7860875526595,83.18095899232596,6.772068034473874,Active
2023-07-06,Bhubaneswar,Odisha,20.2961,85.8245,29.157086114916215,76.9041346691728,20.177192695706868,997.2769511666498,18.150971297812642,60.570998680561054,Break
2023-07-06,Raipur,Chhattisgarh,21.2514,81.6296,27.118376608667262,52.13433453782243,3.2737632109106873,984.5280340496421,8.80935566346731,38.03237110335927,Break
2023-07-07,Mumbai,Maharashtra,19.076,72.8777,21.82426953835367,51.482707603210144,2.0973416449855824,993.0311427292637,56.961088969766664,17.88447085530987,Depression
2023-07-07,Delhi,Delhi,28.7041,77.1025,25.593509219953148,89.86892783257039,7.44186968008912,1008.860167070611,144.63471773021286,42.504128718098336,Depression
2023-07-07,Bangalore,Karnataka,12.9716,77.5946,33.94341678661267,67.03050476872968,23.729183174083502,1012.0522514202869,111.03321839059744,4.718473658064628,Active
2023-07-07,Chennai,Tamil Nadu,13.0827,80.2707,30.72829892731016,53.65516971925543,17.079066766898684,992.5355215922089,12.78973656766632,11.310152673142243,Break
2023-07-07,Kolkata,West Bengal,22.5726,88.3639,36.72413765507261,56.8282371265727,4.489150497646135,997.8018233412865,67.86029932611791,39.962058226725446,Depression
2023-07-07,Hyderabad,Telangana,17.385,78.4867,21.996073990066193,51.871534965386076,25.176237052828164,1005.5651794254719,145.8463916522074,11.997749911646444,Depression
2023-07-07,Pune,Maharashtra,18.5204,73.8567,33.87042680969611,86.42440485826407,26.83715102078737,980.5194767908243,26.115439637085696,40.99944221662039,Break
2023-07-07,Ahmedabad,Gujarat,23.0225,72.5714,21.040104615598565,72.58262552206293,12.968939357749939,1005.4399692050067,156.3605750499704,15.223884119201951,Depression
2023-07-07,Jaipur,Rajasthan,26.9124,75.7873,36.99240199366186,78.09301813147624,25.845739958052363,983.9600575614778,94.73525539771123,11.56157550968484,Active
2023-07-07,Lucknow,Uttar Pradesh,26.8467,80.9462,25.49256368824926,95.6241454212178,6.9102005115225005,984.5884672135375,38.18226245108601,14.396157231637435,Active
2023-07-07,Bhopal,Madhya Pradesh,23.2599,77.4126,31.620277182817915,82.35869748831075,28.29372282829425,1002.8186526237944,55.003903629236525,0.45406477228415315,Depression
2023-07-07,Guwahati,Assam,26.1445,91.7362,25.110487417704437,86.945363666256,13.296337679591879,996.555743620698,7.633527562678978,20.55155750213433,Break
2023-07-07,Thiruvananthapuram,Kerala,8.5241,76.9366,31.410337231989903,74.53671246983873,7.356429911927758,1009.1228601321471,103.81131658720898,6.234993484512006,Active
2023-07-07,Bhubaneswar,Odisha,20.2961,85.8245,26.52042238852369,97.69510817936379,3.6789648676019158,985.9513507010028,45.15988515011588,4.846782599453099,Active
2023-07-07,Raipur,Chhattisgarh,21.2514,81.6296,24.733604248125417,50.434828849947664,25.43241719441935,1003.640939302849,74.84434739510142,38.317746252133915,Active
2023-07-08,Mumbai,Maharashtra,19.076,72.8777,37.63721593388621,91.60919472986559,22.240896207686795,1011.0784975705684,93.8458224960363,2.3986206130623415,Active
2023-07-08,Delhi,Delhi,28.7041,77.1025,37.89225863846921,96.09573066748987,9.275813503929278,984.0463665660428,133.8345970889605,5.098719020550922,Depression
2023-07-08,Bangalore,Karnataka,12.9716,77.5946,35.22160389840971,90.56119567618308,7.515257027977175,989.7889847969047,89.30556539052029,18.23990369956274,Active
2023-07-08,Chennai,Tamil Nadu,13.0827,80.2707,25.977741816418586,99.10160160316252,22.937036446540656,1014.878435342786,18.518291421500862,7.149751401519196,Break
2023-07-08,Kolkata,West Bengal,22.5726,88.3639,22.216415899992306,82.36984039754151,25.814754225349017,1013.5761813374958,28.054084866369678,16.16177636066366,Break
2023-07-08,Hyderabad,Telangana,17.385,78.4867,26.682446880306088,70.36746645966879,25.06671824629447,999.4717861559764,33.75725812749721,20.898857657359233,Active
2023-07-08,Pune,Maharashtra,18.5204,73.8567,27.539584756838533,90.90456086729854,11.953163282854234,1013.2086197642169,32.85791580909191,28.330077703956924,Active
2023-07-08,Ahmedabad,Gujarat,23.0225,72.5714,25.029234120043824,83.9413867790251,27.733917973273194,998.0782904861801,13.550795310165261,26.224670975805218,Break
2023-07-08,Jaipur,Rajasthan,26.9124,75.7873,22.413883265457958,60.17446838258105,7.183373671932349,1006.8501860804622,22.692482034693626,33.057565573640005,Break
2023-07-08,Lucknow,Uttar Pradesh,26.8467,80.9462,20.001944364837954,85.04166950077631,16.58100897979213,997.5781996678936,14.127060900043924,50.17022866915324,Break
2023-07-08,Bhopal,Madhya Pradesh,23.2599,77.4126,21.252032708021662,83.75061813661706,11.478738840974431,992.4904008529617,36.998121733092326,4.0678159450010165,Active
2023-07-08,Guwahati,Assam,26.1445,91.7362,24.386068319070244,68.5843459396316,22.453501877377676,1009.6608015262701,100.06466579944838,32.216341569932,Active
2023-07-08,Thiruvananthapuram,Kerala,8.5241,76.9366,23.312787925689033,83.37535951597292,11.55594251743361,999.9404321328918,19.756056670412228,38.090474993641784,Break
2023-07-08,Bhubaneswar,Odisha,20.2961,85.8245,20.929387486204156,63.00278328123069,5.6229384170527075,1014.8236051142583,128.14221671178944,20.948486452667428,Depression
2023-07-08,Raipur,Chhattisgarh,21.2514,81.6296,28.47806487289015,90.8975227521585,14.383477059649321,1001.4019761796354,29.68821806502495,0.570470934913773,Break
2023-07-09,Mumbai,Maharashtra,19.076,72.8777,20.555233065803872,83.2963634909056,18.475633231070432,1004.5061510862787,119.52483966989902,11.550032047672401,Depression
2023-07-09,Delhi,Delhi,28.7041,77.1025,23.596332457562315,97.41401037195101,25.178587284645086,984.0558425124415,5.456394616511862,0.24606579197067036,Break
2023-07-09,Bangalore,Karnataka,12.9716,77.5946,21.54684444695151,84.18763797182237,14.374339212269936,995.6968032883235,90.68734942576586,38.14629346403806,Depression
2023-07-09,Chennai,Tamil Nadu,13.0827,80.2707,35.04974345986224,63.073149356807065,24.248515125306255,989.2378620138456,60.20616037325884,6.553216066932969,Depression
2023-07-09,Kolkata,West Bengal,22.5726,88.3639,20.102226209519245,65.69569778688656,25.503373113136156,1014.4765167040143,18.344171426778292,25.707483239190424,Break
2023-07-09,Hyderabad,Telangana,17.385,78.4867,36.64774111318826,90.26269476600538,21.39511760129272,998.7150151578919,1.4779193386634704,17.485741750567488,Break
2023-07-09,Pune,Maharashtra,18.5204,73.8567,28.40629627644467,99.61500503987097,26.33382781202846,983.703399822367,82.89367734231675,22.195352560830248,Active
2023-07-09,Ahmedabad,Gujarat,23.0225,72.5714,31.352800208939833,99.8703988934081,22.16229220098074,1005.3254335904456,23.953228887153657,2.9402610858482983,Break
2023-07-09,Jaipur,Rajasthan,26.9124,75.7873,24.11140426788015,99.64384150606926,26.30152111901575,997.171076980136,196.9654178141181,10.94241133192257,Depression
2023-07-09,Lucknow,Uttar Pradesh,26.8467,80.9462,25.03498153795671,89.47189971632648,29.54475060668479,1001.5014182150712,56.63460911200937,5.820161646546787,Active
2023-07-09,Bhopal,Madhya Pradesh,23.2599,77.4126,34.34446597342248,52.195623063779436,22.975706867387775,995.2205153558605,16.289697194995895,18.71703182244647,Break
2023-07-09,Guwahati,Assam,26.1445,91.7362,28.60983714931936,87.61924090015195,17.96805084047677,1009.6307767671569,0.7518940927397755,7.479490992128361,Break
2023-07-09,Thiruvananthapuram,Kerala,8.5241,76.9366,34.710557221225976,52.21302263936357,22.54343503903553,1000.6336827819475,53.76708709321359,39.20012197899895,Active
2023-07-09,Bhubaneswar,Odisha,20.2961,85.8245,21.155030260023967,79.04259079090016,4.638164154963382,997.0996446012787,169.6349526507546,15.896153130744747,Depression
2023-07-09,Raipur,Chhattisgarh,21.2514,81.6296,37.96820492280298,70.0963038587226,2.952478908622592,999.3798437849922,17.480439628288643,25.35843794857564,Break
2023-07-10,Mumbai,Maharashtra,19.076,72.8777,31.161315283325987,89.31702594657267,3.6726147948246437,998.8125172657553,3.863852430003175,13.969277713782365,Break
2023-07-10,Delhi,Delhi,28.7041,77.1025,33.210865266339,78.22444550102787,8.100794315118243,1003.7870159623615,68.21067778195055,22.81571345528552,Depression
2023-07-10,Bangalore,Karnataka,12.9716,77.5946,34.08310531828643,96.53696384565944,19.622065225328434,1012.535313420543,41.31003126261331,12.121359648031207,Active
2023-07-10,Chennai,Tamil Nadu,13.0827,80.2707,30.678462995943015,65.83384308290256,8.67621093655621,998.4268221621957,6.65795199895217,54.329760770885166,Break
2023-07-10,Kolkata,West Bengal,22.5726,88.3639,22.228857036130453,67.049508299629,3.712001548281681,1010.314129810219,10.988332398556908,29.119835692447122,Break
2023-07-10,Hyderabad,Telangana,17.385,78.4867,24.169021081808634,67.87748837017058,15.547739592397571,983.0946234153173,32.91701392715124,0.9334267797329464,Active
2023-07-10,Pune,Maharashtra,18.5204,73.8567,36.52964067390069,70.18688996831204,11.341893645494778,997.9464964523122,78.32678701433488,9.241123111913772,Active
2023-07-10,Ahmedabad,Gujarat,23.0225,72.5714,36.76686257115972,74.38414538368893,19.13402483958135,997.8684590955029,126.17363156484716,5.835799949859784,Depression
2023-07-10,Jaipur,Rajasthan,26.9124,75.7873,24.685944672373672,92.42380183489566,11.868753546155675,1006.5693898782313,189.20935521147382,60.19369143553622,Depression
2023-07-10,Lucknow,Uttar Pradesh,26.8467,80.9462,31.408746806008985,87.37530797644752,20.178629450525897,985.7725696417493,3.757321478544501,11.37828503581174,Break
2023-07-10,Bhopal,Madhya Pradesh,23.2599,77.4126,35.21372141689528,69.69346828645428,5.0670967931277815,981.3321276921865,141.3923814797876,3.470166035039462,Depression
2023-07-10,Guwahati,Assam,26.1445,91.7362,34.36950170673141,85.321746554516,26.599224586267127,994.6155938874377,70.44728740409417,0.21287539159465088,Depression
2023-07-10,Thiruvananthapuram,Kerala,8.5241,76.9366,37.503336788923924,86.48224991910664,5.237108713022742,1010.3660197217968,152.18444989502035,15.950046226250317,Depression
2023-07-10,Bhubaneswar,Odisha,20.2961,85.8245,21.308947525478953,89.58065491146628,7.310406805911288,982.6581865698621,109.6289979214479,4.057301191992419,Active
2023-07-10,Raipur,Chhattisgarh,21.2514,81.6296,27.44737971342325,97.01078447944005,24.95514697244574,1001.6006009534821,101.65264231151775,1.8993254821371826,Active
2023-07-11,Mumbai,Maharashtra,19.076,72.8777,35.92798884645068,88.27044516727892,13.953863899727548,1014.8544436681888,27.607084143355262,2.7431490619772756,Break
2023-07-11,Delhi,Delhi,28.7041,77.1025,35.808490626720484,82.34637598132882,19.020850737414108,984.0731911149885,153.30118666299603,11.939733804623511,Depression
2023-07-11,Bangalore,Karnataka,12.9716,77.5946,37.86715350754608,73.53416646415957,25.06965848305117,999.3459088194268,70.33006014112505,0.16191039562602552,Depression
2023-07-11,Chennai,Tamil Nadu,13.0827,80.2707,20.22839177749943,85.247751032603,3.6753338547051415,1014.0192142991257,55.89493644558255,7.615042607106456,Active
2023-07-11,Kolkata,West Bengal,22.5726,88.3639,31.226129903636576,55.79886538661131,16.455154171240753,1006.4741022821443,108.1467272626016,33.442847909289426,Active
2023-07-11,Hyderabad,Telangana,17.385,78.4867,24.812600164005246,84.43937445760365,29.879247773882835,1006.9173705079563,113.1802031357601,28.02144007016931,Active
2023-07-11,Pune,Maharashtra,18.5204,73.8567,31.874364229827375,67.59159015917328,20.092109252756323,990.4297674760339,158.2508210937585,3.3059914403850157,Depression
2023-07-11,Ahmedabad,Gujarat,23.0225,72.5714,31.92961458697804,83.38344685809697,10.364890782914603,994.9400010100135,33.073808676258096,27.106647736426495,Active
2023-07-11,Jaipur,Rajasthan,26.9124,75.7873,29.353369067521278,99.0427973440575,20.898452493872945,1007.1471417638865,24.550478250573438,31.408578749289163,Break
2023-07-11,Lucknow,Uttar Pradesh,26.8467,80.9462,30.773920542775848,93.22966872801064,5.242639895591937,996.3489862153492,134.02190892710018,17.929140540372586,Depression
2023-07-11,Bhopal,Madhya Pradesh,23.2599,77.4126,25.857733295170643,94.79366877345115,28.498863832748437,1006.246005787849,191.3808311432099,37.75773631039377,Depression
2023-07-11,Guwahati,Assam,26.1445,91.7362,21.67535391311805,95.08645796290742,25.471442482173522,996.5408240010645,22.996344810304745,5.181568526826111,Break
2023-07-11,Thiruvananthapuram,Kerala,8.5241,76.9366,31.164459918276975,88.64647688927036,15.295647585291327,983.2477923832952,174.94398803827,10.621461014361895,Depression
2023-07-11,Bhubaneswar,Odisha,20.2961,85.8245,22.055244464927583,94.17144362087798,13.63349361761197,1009.4476323726666,21.687792773078378,5.205556574697065,Break
2023-07-11,Raipur,Chhattisgarh,21.2514,81.6296,22.837136401621475,74.93332728003558,8.532962337039503,991.368883990566,101.91721659049466,0.21451893911472555,Active
2023-07-12,Mumbai,Maharashtra,19.076,72.8777,22.309048013236506,83.05804262833408,3.1556666862520864,993.9893126045032,20.808726842614494,10.83535716245842,Break
2023-07-12,Delhi,Delhi,28.7041,77.1025,29.04223536764031,61.14817622474006,16.740102310354338,994.42976772654,31.85962252525036,16.299769376563525,Active
2023-07-12,Bangalore,Karnataka,12.9716,77.5946,37.68389834981283,89.61761002163585,6.5518672472063795,989.5662395025403,26.813980281080976,20.106585047425135,Break
2023-07-12,Chennai,Tamil Nadu,13.0827,80.2707,32.99655207686671,58.404509612222384,21.790855843738846,982.5629158710408,9.246620628135574,4.216484733096287,Break
2023-07-12,Kolkata,West Bengal,22.5726,88.3639,20.801857872003218,95.13113358998687,6.414595771591095,1001.3338238903397,130.24119492357158,14.948023876433407,Depression
2023-07-12,Hyderabad,Telangana,17.385,78.4867,34.389478168531994,93.2290886565504,29.757443797217874,998.1531328508834,18.69291423310939,14.221953904878282,Break
2023-07-12,Pune,Maharashtra,18.5204,73.8567,28.619703683297242,67.74006390992412,11.064788074613588,999.9260631753016,93.79467199218979,39.614991391292115,Active
2023-07-12,Ahmedabad,Gujarat,23.0225,72.5714,20.610605602287713,80.86394453796954,2.2785817328207063,987.8110386661548,81.16809483760599,29.566715256683473,Depression
2023-07-12,Jaipur,Rajasthan,26.9124,75.7873,22.567985023493236,73.95358809235589,3.9706946998368235,998.9111901898636,187.4853978417857,12.271775387652621,Depression
2023-07-12,Lucknow,Uttar Pradesh,26.8467,80.9462,26.558713311484507,59.460110256584585,11.7965560113041,1003.8951476169409,53.99650749537383,0.8900551888619049,Depression
2023-07-12,Bhopal,Madhya Pradesh,23.2599,77.4126,20.154972757955427,62.27013029159558,5.894770580121508,1006.7505361629908,15.766127786002048,14.722335087928993,Break
2023-07-12,Guwahati,Assam,26.1445,91.7362,34.10717413285506,80.44241011210708,18.119827074236845,995.6300762872223,100.73469098727145,18.13061281535061,Active
2023-07-12,Thiruvananthapuram,Kerala,8.5241,76.9366,30.688222395318085,96.98527557236037,11.319548625187968,998.3234499761844,35.4011035850387,11.96059622887734,Active
2023-07-12,Bhubaneswar,Odisha,20.2961,85.8245,29.272707070063277,79.68437043177292,15.050427814684909,984.9847112703061,80.36948825242558,2.408455414216837,Active
2023-07-12,Raipur,Chhattisgarh,21.2514,81.6296,26.261613499059198,84.9815769098659,3.160010258577077,988.5065730102594,28.9131392690515,0.2074648595585109,Break
2023-07-13,Mumbai,Maharashtra,19.076,72.8777,27.142896010099584,93.46707568350479,6.674728321451403,988.0804640584734,168.0704784162263,13.975068472924303,Depression
2023-07-13,Delhi,Delhi,28.7041,77.1025,32.92333355713693,68.34395961162167,7.494388048591263,1000.7127833334051,61.17467046009583,9.336402671308312,Active
2023-07-13,Bangalore,Karnataka,12.9716,77.5946,21.693353801507293,55.87225826094531,9.73384929904507,989.2958333067571,103.43892790883811,85.2668567915471,Active
2023-07-13,Chennai,Tamil Nadu,13.0827,80.2707,20.580568004331468,66.86006649656625,27.976951517418453,1014.5748924016573,5.526344301036282,2.5233431229210943,Break
2023-07-13,Kolkata,West Bengal,22.5726,88.3639,26.976939782637697,71.05488109867736,25.386735520179585,1011.2724250119813,29.017955308589993,12.745220952781231,Break
2023-07-13,Hyderabad,Telangana,17.385,78.4867,23.758414846326737,56.774479531091046,15.789440404646122,995.6151715277035,40.649127592100704,40.739896788358806,Active
2023-07-13,Pune,Maharashtra,18.5204,73.8567,24.173819307513845,87.79466233749034,8.791101916972218,1010.0631492827174,118.71151593435536,36.02027193569727,Active
2023-07-13,Ahmedabad,Gujarat,23.0225,72.5714,26.440978891475474,66.5554719666146,5.898410160557285,993.3867121975823,5.213013160646991,0.7424513823990837,Break
2023-07-13,Jaipur,Rajasthan,26.9124,75.7873,37.2495114701583,72.93679542117052,6.274310247129372,986.9104901743124,112.7887534843579,3.49947775998144,Depression
2023-07-13,Lucknow,Uttar Pradesh,26.8467,80.9462,28.856980950990934,63.803745570161034,24.042191430697645,1008.4750827118032,106.32775884255476,6.171506420116069,Active
2023-07-13,Bhopal,Madhya Pradesh,23.2599,77.4126,22.13353588490774,62.71066037969153,5.383280187071211,981.6711397692728,111.59077065910702,0.812206364321822,Active
2023-07-13,Guwahati,Assam,26.1445,91.7362,32.02418182740941,75.74232350010232,26.287044006522862,988.603531774973,117.33057963153738,21.95726289543385,Depression
2023-07-13,Thiruvananthapuram,Kerala,8.5241,76.9366,26.201270045126993,72.30908258824647,15.989664448129384,980.8134404809266,31.16359012021491,14.168387966782538,Active
2023-07-13,Bhubaneswar,Odisha,20.2961,85.8245,22.06685401415158,52.38075133462878,18.23592955370175,996.450268375104,41.29256310869137,0.681397656392784,Active
2023-07-13,Raipur,Chhattisgarh,21.2514,81.6296,30.30021376578328,69.51813805512994,11.604657407195946,992.2556663734397,153.94769724206682,3.6978927872898826,Depression
2023-07-14,Mumbai,Maharashtra,19.076,72.8777,28.544792941487962,65.49868079685712,2.7166416938731457,998.0623809543647,2.4611888695754978,3.8849957811855407,Break
2023-07-14,Delhi,Delhi,28.7041,77.1025,32.41193791647249,98.7992403464686,12.751300547822295,1014.9300739489756,107.53785958533766,0.7799996466371363,Depression
2023-07-14,Bangalore,Karnataka,12.9716,77.5946,27.56045974432417,97.68884110266526,3.388531693416286,1010.5882336090003,59.15934654780603,2.8655497491374855,Active
2023-07-14,Chennai,Tamil Nadu,13.0827,80.2707,33.81923431692165,98.08459337289096,5.520837205394778,1004.5491705666213,5.85219447623203,6.106511707963115,Break
2023-07-14,Kolkata,West Bengal,22.5726,88.3639,36.62831868379194,85.08327844886453,9.52991324641944,982.0123728919399,10.365441563725145,2.4519017615241063,Break
2023-07-14,Hyderabad,Telangana,17.385,78.4867,26.261350854429114,68.27201586674214,27.724954896058037,1006.4251952530692,59.30930154416905,14.122869908941993,Depression
2023-07-14,Pune,Maharashtra,18.5204,73.8567,29.36851072830342,76.50063766005329,18.896624827440963,982.1260323323647,81.28889581530564,14.197076914522206,Depression
2023-07-14,Ahmedabad,Gujarat,23.0225,72.5714,28.09293674383836,98.81360098954804,16.77679658083909,1009.8729977845006,53.025796611853906,0.4940175614361062,Active
2023-07-14,Jaipur,Rajasthan,26.9124,75.7873,37.83247464363687,55.14458999911778,4.938190723341399,990.2275906130684,140.45621542394957,12.75481550025604,Depression
2023-07-14,Lucknow,Uttar Pradesh,26.8467,80.9462,28.245079210342915,84.53484160834513,27.782602522317994,999.8452244286492,86.42757283839637,77.59405576769797,Active
2023-07-14,Bhopal,Madhya Pradesh,23.2599,77.4126,25.6643727650209,60.66996483410398,4.582570990640652,1008.0083147864951,98.43323574200656,2.563403882235843,Active
2023-07-14,Guwahati,Assam,26.1445,91.7362,28.990401546304575,51.522796058114814,5.528762360551723,999.2695166511835,35.956351375287525,29.735242740758057,Active
2023-07-14,Thiruvananthapuram,Kerala,8.5241,76.9366,35.68364561310931,83.13730091420305,12.92891457868776,999.9704099886006,7.932480959722794,2.804561647546527,Break
2023-07-14,Bhubaneswar,Odisha,20.2961,85.8245,33.97640419944115,72.54813580665422,28.00819479192835,990.203969295977,94.73889363021561,8.76046508870064,Depression
2023-07-14,Raipur,Chhattisgarh,21.2514,81.6296,27.688161417461906,78.31831461028472,10.288688808413616,987.9986293368748,88.35566250171165,10.097541314469492,Depression
2023-07-15,Mumbai,Maharashtra,19.076,72.8777,35.41406977572547,94.42716682492355,10.792945794530837,993.8687399325376,35.967856658501674,16.570629903991257,Active
2023-07-15,Delhi,Delhi,28.7041,77.1025,30.318056222035093,91.51681574797264,27.21640562263353,1007.6718077574059,0.7253050703413955,26.998660224954893,Break
2023-07-15,Bangalore,Karnataka,12.9716,77.5946,27.08649396786796,99.57708039728469,29.948914072744014,980.433473750228,4.850905409037656,19.63403243422173,Break
2023-07-15,Chennai,Tamil Nadu,13.0827,80.2707,35.982485945312575,67.49928615789862,28.307203726405557,998.7133894354597,16.15497782113449,31.72756509102807,Break
2023-07-15,Kolkata,West Bengal,22.5726,88.3639,26.306454902387102,75.96633680354951,17.765136985546462,1006.6856795080113,81.4181006040624,23.406839851854013,Depression
2023-07-15,Hyderabad,Telangana,17.385,78.4867,30.75637579958093,93.7792332305723,26.29086885546096,999.3777325588688,9.939493412697974,2.3740285260784746,Break
2023-07-15,Pune,Maharashtra,18.5204,73.8567,33.17601368944922,74.1140305353857,4.68497495169664,1013.3063822994109,32.83591377547811,19.189952222229955,Active
2023-07-15,Ahmedabad,Gujarat,23.0225,72.5714,27.37105782413027,50.60812623770129,28.636067664058412,1001.3287417126456,51.15269677695022,9.896128863918461,Depression
2023-07-15,Jaipur,Rajasthan,26.9124,75.7873,27.988255555666306,96.76316704976952,23.9678456358503,999.2407348104223,26.287804115176478,2.8063449072991165,Break
2023-07-15,Lucknow,Uttar Pradesh,26.8467,80.9462,28.621252382121625,79.6959266559193,12.358420739546165,994.1445547135244,124.73683391071273,0.2949838793076303,Depression
2023-07-15,Bhopal,Madhya Pradesh,23.2599,77.4126,21.01919657615327,92.55318051581222,16.279774980286636,1002.3719024044518,8.65036843699049,13.213464215912381,Break
2023-07-15,Guwahati,Assam,26.1445,91.7362,32.474839924257154,69.07075222435586,27.68171654699885,1008.4027153652804,2.0889456020751385,35.118071218576034,Break
2023-07-15,Thiruvananthapuram,Kerala,8.5241,76.9366,31.93927413959777,57.609740315020005,16.269797307238363,997.099490384577,16.614646763034834,22.658669889680304,Break
2023-07-15,Bhubaneswar,Odisha,20.2961,85.8245,28.996311386283914,69.83141283665395,4.458826162800207,1004.7356411257839,81.47233514816833,37.21479477376481,Active
2023-07-15,Raipur,Chhattisgarh,21.2514,81.6296,34.235807747328096,84.54428518425524,6.6732817850833275,1001.313119176746,2.338634749664049,25.46188646163045,Break
2023-07-16,Mumbai,Maharashtra,19.076,72.8777,33.887549898600724,79.41488754473978,24.032446901476323,980.3568545620357,86.91884669681059,0.8123606189721015,Depression
2023-07-16,Delhi,Delhi,28.7041,77.1025,21.176420681034237,90.38675185034745,25.959193400138275,1009.0008242862511,102.44194617973568,3.6374317538692718,Depression
2023-07-16,Bangalore,Karnataka,12.9716,77.5946,32.63374561886274,56.28677757214406,29.22085659111895,1009.3103325251212,68.9165793253781,17.03407086343189,Depression
2023-07-16,Chennai,Tamil Nadu,13.0827,80.2707,34.47379105613061,94.4842563678774,27.162103332818617,996.3037684255714,4.873169755514349,0.35233813116652213,Break
2023-07-16,Kolkata,West Bengal,22.5726,88.3639,23.525191888745454,53.289508069291905,2.8801856603613767,985.9530243134952,17.84595796098024,10.562477163741708,Break
2023-07-16,Hyderabad,Telangana,17.385,78.4867,27.454925595796468,90.8716327670588,24.403925190687673,995.4658067569645,22.09005683852283,30.65332661253054,Break
2023-07-16,Pune,Maharashtra,18.5204,73.8567,37.13535544412466,60.96995577893979,22.896427975651,982.2119356588474,5.084470848678766,23.28350568594632,Break
2023-07-16,Ahmedabad,Gujarat,23.0225,72.5714,28.894127084978464,84.74234232326206,23.320029329194227,984.3888593135645,32.31953809993987,12.590923018050614,Active
2023-07-16,Jaipur,Rajasthan,26.9124,75.7873,27.219268376271707,75.14569507919259,19.21486895097364,1013.0150520519635,73.18572806499844,5.490224386287377,Active
2023-07-16,Lucknow,Uttar Pradesh,26.8467,80.9462,21.62403115063604,67.78632440136029,25.67160665768857,984.1505801258734,88.18441112164962,65.08029063259346,Active
2023-07-16,Bhopal,Madhya Pradesh,23.2599,77.4126,37.395866552721245,76.03768259884775,27.929943985091676,988.6080054680543,99.44252776597308,4.135634202512846,Active
2023-07-16,Guwahati,Assam,26.1445,91.7362,36.74234127972191,94.71454685139958,12.582658319874088,1005.3123483460781,0.5927026903023702,5.8004010182826375,Break
2023-07-16,Thiruvananthapuram,Kerala,8.5241,76.9366,33.688428627087646,69.98130117695813,13.58462530946618,984.4353150950502,12.846794039979349,8.854125205613073,Break
2023-07-16,Bhubaneswar,Odisha,20.2961,85.8245,22.56640165645939,89.87139517194015,26.241185738344775,997.5430374748528,40.86574755330014,20.413524758119657,Active
2023-07-16,Raipur,Chhattisgarh,21.2514,81.6296,26.495380650217143,69.06322223792874,16.791638970984383,990.0068838220062,19.919694449540884,8.380527334685622,Break
2023-07-17,Mumbai,Maharashtra,19.076,72.8777,28.81203219960838,56.79148984637021,14.158992270525385,981.1315036914729,80.57837335154449,11.680137233874925,Active
2023-07-17,Delhi,Delhi,28.7041,77.1025,32.11166840941155,73.74712810037454,4.993579903504074,986.3095460231377,27.331366375619307,8.179710531242288,Break
2023-07-17,Bangalore,Karnataka,12.9716,77.5946,21.948754811740532,61.621168063732185,14.277947830666529,984.037236798162,119.38991451345893,35.56160245359261,Depression
2023-07-17,Chennai,Tamil Nadu,13.0827,80.2707,34.719011482358916,60.44455028769763,7.190074699880366,1010.5390714045832,65.00889366020407,17.6628970358713,Depression
2023-07-17,Kolkata,West Bengal,22.5726,88.3639,24.973825601989397,52.012678561018674,7.799086641113037,985.9882535603487,137.3581092139067,37.53953514265265,Depression
2023-07-17,Hyderabad,Telangana,17.385,78.4867,29.564068860139912,59.16934759190948,20.213938962859256,1014.4175517733219,14.485195236370433,7.788879071400498,Break
2023-07-17,Pune,Maharashtra,18.5204,73.8567,24.94338100499136,96.40652852601033,24.655747280596852,1008.8498426583255,103.57890840936778,0.997528998233485,Active
2023-07-17,Ahmedabad,Gujarat,23.0225,72.5714,20.342763800206377,61.478102825619054,4.4200686566655225,1014.496407583709,56.21247351865088,14.244469609872237,Active
2023-07-17,Jaipur,Rajasthan,26.9124,75.7873,34.99074408481851,71.26841149740473,26.938363385995864,989.3400198548518,20.0955173004121,1.0856164777768094,Break
2023-07-17,Lucknow,Uttar Pradesh,26.8467,80.9462,24.239348807207623,94.63334793795482,20.36628327271077,980.2953765277028,107.77585581600798,12.948506615001483,Depression
2023-07-17,Bhopal,Madhya Pradesh,23.2599,77.4126,23.053122259966575,57.545260292978526,26.168289271254263,999.3163354215014,162.72279601713043,15.833760008662898,Depression
2023-07-17,Guwahati,Assam,26.1445,91.7362,31.604892766521516,57.102358549951845,4.4463798044577105,1002.0262736384115,72.04939971820822,9.754488408010916,Active
2023-07-17,Thiruvananthapuram,Kerala,8.5241,76.9366,22.62867435065114,71.37129675196182,18.537865245481285,991.1730399384548,197.89415135340093,1.0312213491357851,Depression
2023-07-17,Bhubaneswar,Odisha,20.2961,85.8245,33.12185064462328,98.26492480109758,5.353543933082003,985.4469841232906,45.04345150124056,29.11692523092687,Active
2023-07-17,Raipur,Chhattisgarh,21.2514,81.6296,26.607379764541964,56.740391517578885,4.982944677169037,1011.7322034302989,117.77154973328592,18.740484517269785,Active
2023-07-18,Mumbai,Maharashtra,19.076,72.8777,27.149283390049916,50.62808555503361,10.863046276041208,980.1232944375554,79.14529528744882,43.4676380316933,Depression
2023-07-18,Delhi,Delhi,28.7041,77.1025,25.47857792771854,69.66774843515358,5.362057747974257,999.0309171730563,114.34226561340336,1.6781539650288975,Depression
2023-07-18,Bangalore,Karnataka,12.9716,77.5946,24.603378816366934,78.83730750340511,25.96751164239889,997.030635885531,15.596777272330929,20.206025843368298,Break
2023-07-18,Chennai,Tamil Nadu,13.0827,80.2707,34.689556817512766,86.53505981646728,18.502436574224475,1011.1698600593697,74.62961336768352,48.94369438966413,Active
2023-07-18,Kolkata,West Bengal,22.5726,88.3639,28.848417941565675,97.5498611081773,17.881658515305787,1013.8692102976024,96.11176297085092,15.239026226534545,Active
2023-07-18,Hyderabad,Telangana,17.385,78.4867,31.533120457842607,64.73313625440794,18.854448482578327,982.621530971304,8.269161560706062,32.28265024231837,Break
2023-07-18,Pune,Maharashtra,18.5204,73.8567,34.51795235821906,79.60542595537555,16.286063649234794,1002.507215283401,12.566262226921058,14.339805705784663,Break
2023-07-18,Ahmedabad,Gujarat,23.0225,72.5714,24.585403952578687,65.15532114042753,7.603833517029008,995.7570477650248,97.69721299317695,14.044642283986263,Active
2023-07-18,Jaipur,Rajasthan,26.9124,75.7873,32.07213208136951,63.253279603474226,10.853764450280973,984.4589487611148,115.27620138722314,24.33499853713794,Active
2023-07-18,Lucknow,Uttar Pradesh,26.8467,80.9462,20.818169744203995,67.80561019583942,12.308925680327956,1010.9770706430114,85.56497325699226,11.62189134733954,Active
2023-07-18,Bhopal,Madhya Pradesh,23.2599,77.4126,21.74961772732594,82.99589414465915,7.829097181689734,990.1859787348059,138.59885721440588,0.7894536184235976,Depression
2023-07-18,Guwahati,Assam,26.1445,91.7362,31.300763934787444,69.49510214948361,7.792303712734731,1003.5332720997744,64.09256929543237,0.2276347426430996,Depression
2023-07-18,Thiruvananthapuram,Kerala,8.5241,76.9366,32.080458502384744,68.19569786289668,27.079110634441005,982.1605549464376,102.16450757955883,15.111200402196692,Active
2023-07-18,Bhubaneswar,Odisha,20.2961,85.8245,32.63692653567829,63.82729361742081,18.11034283890585,985.402970113866,83.07416032774765,6.0699806378461725,Depression
2023-07-18,Raipur,Chhattisgarh,21.2514,81.6296,32.658515663267465,64.04266082862279,3.8639708402393635,1012.6945584461617,101.05853909641621,29.255245963364114,Active
2023-07-19,Mumbai,Maharashtra,19.076,72.8777,27.190697239283423,97.09349100142006,16.772618219924773,981.1600505327425,69.47465493022625,10.244538799547055,Active
2023-07-19,Delhi,Delhi,28.7041,77.1025,31.64046410466588,58.33614878892246,4.586574317904153,1004.5781841971842,39.505597947775364,1.9788445432058805,Active
2023-07-19,Bangalore,Karnataka,12.9716,77.5946,20.157884721262626,69.5807994880107,3.1244267189356156,1014.5571584813964,0.35579787334835133,4.006975077854396,Break
2023-07-19,Chennai,Tamil Nadu,13.0827,80.2707,20.81541051603545,95.53116691563477,5.2527912007940945,1005.9833587585282,93.40667351601985,4.652468661382113,Depression
2023-07-19,Kolkata,West Bengal,22.5726,88.3639,27.954790540301133,76.99716110484985,10.150265070725293,997.7360793223988,67.57844313700019,0.8553114681515067,Active
2023-07-19,Hyderabad,Telangana,17.385,78.4867,20.80538941339315,77.52971995314347,9.30887529913765,1009.8765927554252,93.12697471643587,21.955532189324042,Active
2023-07-19,Pune,Maharashtra,18.5204,73.8567,36.798117967557275,99.017008936006,29.045309521414048,986.5304596647584,113.01716501948813,15.437182607504683,Active
2023-07-19,Ahmedabad,Gujarat,23.0225,72.5714,35.54805487257122,72.97536728628768,18.485854230229666,1008.1295252210533,15.150118842322133,3.726136425222967,Break
2023-07-19,Jaipur,Rajasthan,26.9124,75.7873,26.460322383472914,92.94414850971961,13.024344175738557,1011.4542457561963,132.0803160498848,15.985135299293065,Depression
2023-07-19,Lucknow,Uttar Pradesh,26.8467,80.9462,34.65388132898781,88.76377799158018,18.70041376184256,998.4187318285465,118.91460399451498,12.589920629915003,Active
2023-07-19,Bhopal,Madhya Pradesh,23.2599,77.4126,31.228205963758484,52.32959954080007,26.74702924621679,1009.6603114913412,182.31622194350862,1.9754168210050957,Depression
2023-07-19,Guwahati,Assam,26.1445,91.7362,20.725581641505123,51.95267900659706,22.006595310983318,1009.8425421098069,187.88339774667907,27.155131682437368,Depression
2023-07-19,Thiruvananthapuram,Kerala,8.5241,76.9366,20.71498313586054,74.55855874424222,15.326550039053883,1000.5273805547032,107.91497806564473,12.192560091654862,Active
2023-07-19,Bhubaneswar,Odisha,20.2961,85.8245,37.65384995508844,93.46093766355668,29.283243063976464,987.1305132174737,4.885817972406937,3.0387967480934406,Break
2023-07-19,Raipur,Chhattisgarh,21.2514,81.6296,31.750592049939073,74.65182918812987,18.428146343639508,989.5525671597426,121.81966317902047,2.5606186588384685,Depression
2023-07-20,Mumbai,Maharashtra,19.076,72.8777,36.49746214699423,93.61994936917449,10.786738657159754,989.8104287102149,21.64630871177053,23.891845983233953,Break
2023-07-20,Delhi,Delhi,28.7041,77.1025,25.838312129483416,86.2927127871426,11.586698714136112,1010.5064868525205,65.63587620443255,4.175146646140556,Active
2023-07-20,Bangalore,Karnataka,12.9716,77.5946,35.471019622757176,57.557652665532984,8.19331809287711,982.3251183915763,26.234494547925898,42.73046617038798,Break
2023-07-20,Chennai,Tamil Nadu,13.0827,80.2707,27.367852767443612,50.674977040973104,22.448574956955042,992.3492276149346,18.436455166807054,12.886234798444722,Break
2023-07-20,Kolkata,West Bengal,22.5726,88.3639,33.32015488808207,69.49850013557088,13.27299725296093,995.6132707281886,117.27039166670355,7.824690394644275,Active
2023-07-20,Hyderabad,Telangana,17.385,78.4867,25.905243103697867,81.86196926517076,7.408199726637761,1002.6679008717283,0.05935393700478131,6.596665893075472,Break
2023-07-20,Pune,Maharashtra,18.5204,73.8567,26.15638757735756,82.82856116975596,27.324245617352677,981.9366228079298,24.57862410912844,29.84494687892524,Break
2023-07-20,Ahmedabad,Gujarat,23.0225,72.5714,28.934621922726386,86.07939056118765,3.5766334922994316,980.4929929954529,7.486644539050077,1.4171924265941918,Break
2023-07-20,Jaipur,Rajasthan,26.9124,75.7873,34.324238497565624,84.65817978492457,26.243392310535413,980.3505897651012,14.249532403539064,12.92013018295847,Break
2023-07-20,Lucknow,Uttar Pradesh,26.8467,80.9462,20.85576897026391,86.5263974048585,13.482736062031094,1006.1421050147559,58.24977164679905,20.05686129928071,Active
2023-07-20,Bhopal,Madhya Pradesh,23.2599,77.4126,35.903020254740156,97.13860794624469,27.30634825061698,1010.8373975177979,112.36872045893519,13.92038688464208,Depression
2023-07-20,Guwahati,Assam,26.1445,91.7362,28.204415957593753,62.44486213878031,6.244559620916664,991.8465523714174,131.05396324132636,27.336120857715827,Depression
2023-07-20,Thiruvananthapuram,Kerala,8.5241,76.9366,27.846136510067456,69.52300634428684,5.496520750596634,993.7152647709003,4.126732533859006,20.04188331421709,Break
2023-07-20,Bhubaneswar,Odisha,20.2961,85.8245,23.974840463185497,75.77255429973584,5.945356084057081,1009.4299917109445,115.48013916112083,37.547742596426176,Depression
2023-07-20,Raipur,Chhattisgarh,21.2514,81.6296,37.12758800008633,66.22225961555608,6.243227035499485,981.6861935047111,185.38555560108193,36.73742917924192,Depression
2023-07-21,Mumbai,Maharashtra,19.076,72.8777,37.0704107064007,53.3154129488281,2.0717424534436786,1009.7077169631845,182.63053831843396,35.00392917870266,Depression
2023-07-21,Delhi,Delhi,28.7041,77.1025,29.622822793337832,90.47864275824382,27.936941198248622,998.9848683975321,51.93848635555688,8.167723562312416,Active
2023-07-21,Bangalore,Karnataka,12.9716,77.5946,37.135612233401815,88.28746593602173,12.955097309878049,980.3569204778735,156.91455256510352,9.064241247771587,Depression
2023-07-21,Chennai,Tamil Nadu,13.0827,80.2707,36.47950561407998,66.85434941877888,17.63502796621453,1011.7425473181056,195.3537214268998,33.61873800700085,Depression
2023-07-21,Kolkata,West Bengal,22.5726,88.3639,27.977512453688863,50.86961020642442,18.292443292461247,994.1110816057919,108.70014385784529,31.73117507893076,Depression
2023-07-21,Hyderabad,Telangana,17.385,78.4867,21.1523243669756,98.68223534971767,24.27673822802609,996.7358954687157,184.63748867474942,19.435643067591386,Depression
2023-07-21,Pune,Maharashtra,18.5204,73.8567,25.66054982488982,95.63854198991675,17.04903705154676,1011.6601174295508,3.0406490510716564,1.8572025377790258,Break
2023-07-21,Ahmedabad,Gujarat,23.0225,72.5714,37.82190511228809,97.44187939215055,8.60384453255233,980.4990937424843,98.63127526763489,6.061003248767812,Active
2023-07-21,Jaipur,Rajasthan,26.9124,75.7873,32.27561897302971,58.56280533368373,17.35290178154878,991.8747971255297,104.80529663351918,3.7303755751567045,Active
2023-07-21,Lucknow,Uttar Pradesh,26.8467,80.9462,36.45031535347209,58.19904095696745,4.527293260482876,1000.4410655433367,98.14548878698126,6.670911318959554,Active
2023-07-21,Bhopal,Madhya Pradesh,23.2599,77.4126,28.576186388440583,80.06007140395002,3.3303679937597117,990.1119250290797,170.06205518331828,23.015857885957548,Depression
2023-07-21,Guwahati,Assam,26.1445,91.7362,37.078147923139596,73.12110713201598,24.84077832599298,996.175624478479,96.2360709327207,52.17469631849608,Active
2023-07-21,Thiruvananthapuram,Kerala,8.5241,76.9366,31.71561593136598,84.394866151878,14.019573888932879,1008.3007334057108,2.877063244989948,21.819754464279654,Break
2023-07-21,Bhubaneswar,Odisha,20.2961,85.8245,33.43246562319677,59.24396460407896,12.032580149611405,980.3357375360188,117.11774905293598,41.55728734457931,Active
2023-07-21,Raipur,Chhattisgarh,21.2514,81.6296,29.626761932496706,53.254569706568844,24.59680316179343,991.5263212482965,17.1107200348075,44.25083731912632,Break
2023-07-22,Mumbai,Maharashtra,19.076,72.8777,30.772042305726096,65.73739305873703,4.890883982406619,1003.6276812130116,88.04474517829532,9.351517665871986,Active
2023-07-22,Delhi,Delhi,28.7041,77.1025,31.946583499268392,57.26249078963729,13.485161107174028,989.7214458557222,148.61577675135948,17.518043177887467,Depression
2023-07-22,Bangalore,Karnataka,12.9716,77.5946,28.140795856283923,82.68508409973015,9.353464532532616,1001.0448715853479,53.940714141864575,0.6451483070230545,Active
2023-07-22,Chennai,Tamil Nadu,13.0827,80.2707,22.799617016062967,71.40429348150252,4.60030333907153,980.8441248690024,160.6481737628513,0.5353548069228965,Depression
2023-07-22,Kolkata,West Bengal,22.5726,88.3639,24.51992201412948,52.363650951681144,22.621056677167513,1005.2031297725854,30.40103918382735,5.291139429275575,Active
2023-07-22,Hyderabad,Telangana,17.385,78.4867,36.0524995447017,80.26691645980091,16.521673594851034,1011.3710078768167,2.08371191377294,10.583965307551509,Break
2023-07-22,Pune,Maharashtra,18.5204,73.8567,32.95803244303714,93.56294117616675,2.4653104903058334,983.9685760267117,3.342609813905484,6.737560351805319,Break
2023-07-22,Ahmedabad,Gujarat,23.0225,72.5714,30.214094162560805,62.86123350751174,12.314231242864729,1005.3915828433111,175.90759711649721,9.495272350932952,Depression
2023-07-22,Jaipur,Rajasthan,26.9124,75.7873,27.808394635262687,52.3956401635025,17.335217665690983,1001.9589603544248,61.49736803895292,20.90004119544389,Active
2023-07-22,Lucknow,Uttar Pradesh,26.8467,80.9462,31.156999963451785,61.40385902147338,24.897201901940225,1002.3155224157521,23.517817449933958,3.7826288101045775,Break
2023-07-22,Bhopal,Madhya Pradesh,23.2599,77.4126,21.558388082607774,89.0174376283938,11.871244507294042,990.5101378614377,85.71314410758461,33.95445368551071,Active
2023-07-22,Guwahati,Assam,26.1445,91.7362,31.16547862709143,55.5294866626504,21.854664689357264,1008.4639307874274,24.439662184405627,4.752108577090575,Break
2023-07-22,Thiruvananthapuram,Kerala,8.5241,76.9366,36.66315921983768,95.74450915303875,9.381544318183138,993.1272037631206,104.15541317812774,26.79344939992162,Depression
2023-07-22,Bhubaneswar,Odisha,20.2961,85.8245,22.913539302066532,63.16619865747689,5.495910398945674,1010.0093493899253,103.34830484026791,2.417104238174659,Active
2023-07-22,Raipur,Chhattisgarh,21.2514,81.6296,37.14656197616434,62.02989225422901,9.332802089755646,1012.7781098636221,56.56958261678071,12.437977958567235,Active
2023-07-23,Mumbai,Maharashtra,19.076,72.8777,30.028534297497202,53.499236933172476,24.82524604492679,997.7499171901154,79.83899623020629,34.66911861966071,Active
2023-07-23,Delhi,Delhi,28.7041,77.1025,21.851349676221027,82.2623985441302,23.20803155789049,1014.4384960639421,54.742393183480516,4.06779030103894,Active
2023-07-23,Bangalore,Karnataka,12.9716,77.5946,25.093858191282898,69.16356964788305,8.873895272597911,1006.499685414965,85.72794898992161,4.629520697345576,Active
2023-07-23,Chennai,Tamil Nadu,13.0827,80.2707,37.170990124374434,73.89272877321494,3.534792429647179,999.7696997580977,177.02970942464827,32.94814994711444,Depression
2023-07-23,Kolkata,West Bengal,22.5726,88.3639,26.0778397109601,51.458155838456925,17.810087217832816,995.849086532003,50.274183183263084,50.89147898538924,Active
2023-07-23,Hyderabad,Telangana,17.385,78.4867,27.659374890486,67.33553260378402,22.00002655294983,996.3208809535473,29.331454402102217,53.5164387427895,Break
2023-07-23,Pune,Maharashtra,18.5204,73.8567,30.114352614830185,50.55834937612514,12.393292369765707,991.0364467650086,101.66657223636602,5.978576258028207,Active
2023-07-23,Ahmedabad,Gujarat,23.0225,72.5714,36.75146434437236,90.04917739099639,20.237273251989127,990.3703584691796,24.007687195258736,5.798083162673851,Break
2023-07-23,Jaipur,Rajasthan,26.9124,75.7873,34.86293331433217,98.54182889746447,7.84493278743969,986.9469019162743,158.4660275574831,6.272766496440134,Depression
2023-07-23,Lucknow,Uttar Pradesh,26.8467,80.9462,21.96657502088923,55.35749622136773,21.66880735962324,1011.6573427158019,58.30622849256571,17.239692441428495,Depression
2023-07-23,Bhopal,Madhya Pradesh,23.2599,77.4126,25.115768565534797,97.19549927510757,8.670849866312249,1000.6106430716778,16.265844904608496,2.0947684150476378,Break
2023-07-23,Guwahati,Assam,26.1445,91.7362,25.230141802478435,85.20389373695804,10.96990943012825,980.4919023552579,68.29497077651753,0.7676181339051955,Depression
2023-07-23,Thiruvananthapuram,Kerala,8.5241,76.9366,34.276637724889035,54.893924730293904,13.279077314265049,993.2898260346707,12.62423030421049,1.2509543571532902,Break
2023-07-23,Bhubaneswar,Odisha,20.2961,85.8245,27.436720024074233,93.31439028012944,27.263296854837055,995.7789907036705,69.5209182967663,1.3141258158769604,Depression
2023-07-23,Raipur,Chhattisgarh,21.2514,81.6296,22.511369553722428,74.87565240307379,14.976777720206906,985.4592755719499,66.48171551627624,2.20302081225759,Depression
2023-07-24,Mumbai,Maharashtra,19.076,72.8777,27.433590834624468,73.71533295134867,22.157414060994544,993.0291302301539,7.364616761556036,87.29631538022663,Break
2023-07-24,Delhi,Delhi,28.7041,77.1025,26.22437084994884,89.6256498544374,23.64464686118098,987.7634659327134,104.25986399150949,1.9163469696431152,Depression
2023-07-24,Bangalore,Karnataka,12.9716,77.5946,31.356570103194777,78.46528037743306,28.39094159681755,990.7910224981191,63.73874552554396,17.500974582870498,Active
2023-07-24,Chennai,Tamil Nadu,13.0827,80.2707,34.29635072586971,66.13570176778802,11.394007864517558,1001.0016611955648,67.8237583463237,17.023486534052598,Active
2023-07-24,Kolkata,West Bengal,22.5726,88.3639,22.074154904251376,55.74196410359462,3.1416124300595745,983.5570340646753,9.982415914243802,2.262717730655438,Break
2023-07-24,Hyderabad,Telangana,17.385,78.4867,35.89595213739415,65.04017884994107,29.389453810357473,1012.4565375438716,28.180304778720267,18.222891382576137,Break
2023-07-24,Pune,Maharashtra,18.5204,73.8567,28.203460885128916,90.0437196569361,4.494085581774829,987.9119612270065,116.89211274541063,6.4871949396446436,Active
2023-07-24,Ahmedabad,Gujarat,23.0225,72.5714,33.991516163556604,96.31577028736382,21.46287963031835,995.8101656035063,58.280304071162426,0.14508511447473002,Active
2023-07-24,Jaipur,Rajasthan,26.9124,75.7873,37.37552281839653,96.20126205286996,4.108762713461269,985.3832698517676,15.334336308392825,16.580467235344614,Break
2023-07-24,Lucknow,Uttar Pradesh,26.8467,80.9462,33.3139988450235,61.91180172686477,23.067265068586707,982.298822575535,68.60126035968236,36.79887625880909,Active
2023-07-24,Bhopal,Madhya Pradesh,23.2599,77.4126,35.58466499497498,59.79730675712439,9.316775994506685,998.2407175713288,71.79320039212934,19.25770183891091,Depression
2023-07-24,Guwahati,Assam,26.1445,91.7362,21.861497157343425,79.06695800540457,4.6321006611203135,983.058602971403,147.6369622555843,23.923333714122563,Depression
2023-07-24,Thiruvananthapuram,Kerala,8.5241,76.9366,35.12594192088031,55.74381868674605,4.27801305412434,1001.3652441562302,69.81570441039345,3.574839050019152,Depression
2023-07-24,Bhubaneswar,Odisha,20.2961,85.8245,28.608387036570512,86.67092098762805,22.983909699592925,990.0889410279848,23.79930476673589,23.74036220194749,Break
2023-07-24,Raipur,Chhattisgarh,21.2514,81.6296,36.330512845174866,58.52379559872336,4.1770872961782235,987.2998934452066,166.85537448888743,32.34756597593184,Depression
2023-07-25,Mumbai,Maharashtra,19.076,72.8777,27.17081942679094,84.19172315965412,11.751756162025588,991.0923766023053,194.36465121812805,49.43478154666872,Depression
2023-07-25,Delhi,Delhi,28.7041,77.1025,23.671578075980065,63.2994571771866,3.8234126939258206,986.6943794575038,12.241218076910904,6.3731980529003485,Break
2023-07-25,Bangalore,Karnataka,12.9716,77.5946,35.836992398832415,86.92674194276202,19.323883828719968,982.8043578919269,195.66882317234254,0.2703784757296223,Depression
2023-07-25,Chennai,Tamil Nadu,13.0827,80.2707,29.2718362909359,59.82406412614773,27.07237139512533,989.0128499602289,166.59988745683762,26.690415562168113,Depression
2023-07-25,Kolkata,West Bengal,22.5726,88.3639,23.146802846595186,85.58762902884257,16.74143392219492,1009.0985258816725,3.1964695132090695,20.708901110672368,Break
2023-07-25,Hyderabad,Telangana,17.385,78.4867,26.326305276724334,85.60849270854624,19.00605340714421,1011.457223038865,17.835728558656925,7.39326179481707,Break
2023-07-25,Pune,Maharashtra,18.5204,73.8567,34.617640112350166,94.68214069816491,28.972751414622675,996.9651171664442,4.219490886136614,24.03939655786265,Break
2023-07-25,Ahmedabad,Gujarat,23.0225,72.5714,24.515087261237966,59.81807054124823,27.244678281657976,993.9463884382852,20.59798197160503,12.882388674914397,Break
2023-07-25,Jaipur,Rajasthan,26.9124,75.7873,34.09780104850708,91.24408449175525,29.20379958584822,1000.9682814469581,58.29868468709752,0.7410571409521098,Active
2023-07-25,Lucknow,Uttar Pradesh,26.8467,80.9462,26.69120008635536,52.90764586250701,28.93582053673097,997.6135608532375,131.77912767444658,31.16993626305475,Depression
2023-07-25,Bhopal,Madhya Pradesh,23.2599,77.4126,28.02387840924174,60.43253427660002,20.921653299071856,997.4542278825836,19.774278668848186,2.268701714642681,Break
2023-07-25,Guwahati,Assam,26.1445,91.7362,35.27227365894093,68.81232581683135,10.490072518692452,1002.8930212515118,15.977524973817916,0.10718570792476083,Break
2023-07-25,Thiruvananthapuram,Kerala,8.5241,76.9366,25.99354530968442,83.14115157989434,7.524436934724887,1013.9301071014357,26.74355566267962,38.38513275801427,Break
2023-07-25,Bhubaneswar,Odisha,20.2961,85.8245,26.292157994228056,67.58516904276684,12.698030334335286,990.3162362153716,104.50043866249794,10.920084460514552,Depression
2023-07-25,Raipur,Chhattisgarh,21.2514,81.6296,30.16629310262914,93.8576955706432,24.254147661235674,982.1143989768784,16.874199829591518,12.998647808609656,Break
2023-07-26,Mumbai,Maharashtra,19.076,72.8777,22.217682261957655,96.4361213634406,12.22282669280014,1004.8201325737923,16.029513415538965,12.497170464806985,Break
2023-07-26,Delhi,Delhi,28.7041,77.1025,33.69608272599316,75.57931027017972,7.1320123220769425,991.8595353241254,167.49012048685944,21.91716118472657,Depression
2023-07-26,Bangalore,Karnataka,12.9716,77.5946,20.230930462236135,74.29031880513331,21.963980383108805,980.7074011437683,149.54065666901099,9.672384074636978,Depression
2023-07-26,Chennai,Tamil Nadu,13.0827,80.2707,32.641751932961334,66.8064310256553,28.382030966686536,988.7075930825595,59.32300893813694,7.507064311345824,Active
2023-07-26,Kolkata,West Bengal,22.5726,88.3639,21.155900389170498,53.77104465896769,28.78313537670691,1004.5738589177358,104.38923753862959,7.926179516072459,Active
2023-07-26,Hyderabad,Telangana,17.385,78.4867,26.355229631958572,91.52744269679343,4.254908041598162,995.1023415819968,105.12454955323986,3.3559622167572374,Active
2023-07-26,Pune,Maharashtra,18.5204,73.8567,34.77371878088928,68.00490459706225,3.3995609255139825,1002.6198450789761,167.68261120347853,5.924382062788994,Depression
2023-07-26,Ahmedabad,Gujarat,23.0225,72.5714,24.29841081447878,76.79071171456727,27.954097373047233,996.5709550244618,61.663644363844384,22.0949829343855,Depression
2023-07-26,Jaipur,Rajasthan,26.9124,75.7873,30.33860751437851,90.34776737162504,2.485154228920474,982.0787307920257,66.58139278708379,2.531737695702814,Depression
2023-07-26,Lucknow,Uttar Pradesh,26.8467,80.9462,30.466255304004925,91.07340472403214,12.880244728348433,1013.9631314794719,94.82677432737636,0.4726526389719429,Active
2023-07-26,Bhopal,Madhya Pradesh,23.2599,77.4126,23.88666444069536,78.99958151662008,3.508610296932643,995.6686535380886,88.86920312493416,4.182344533218354,Active
2023-07-26,Guwahati,Assam,26.1445,91.7362,37.70379750119761,55.56308235999447,12.530542686777796,1013.1173547314779,27.32031815574766,12.454846502606909,Break
2023-07-26,Thiruvananthapuram,Kerala,8.5241,76.9366,22.410870585494656,86.34316893028293,25.483996657311085,987.650837859735,1.9009529067890563,17.727641470576796,Break
2023-07-26,Bhubaneswar,Odisha,20.2961,85.8245,32.44997086774515,54.948086499475494,27.247927048951095,1006.4783050544507,55.74556478757499,7.0921973991361575,Depression
2023-07-26,Raipur,Chhattisgarh,21.2514,81.6296,21.892572934415917,70.37092699662041,26.30173897031361,1004.909379874592,5.77929819664956,0.20710429267536432,Break
2023-07-27,Mumbai,Maharashtra,19.076,72.8777,20.869752083022828,99.3939203709316,14.32842627609306,1014.3969485285647,14.335141778543255,15.97889966180858,Break
2023-07-27,Delhi,Delhi,28.7041,77.1025,36.171522809785415,77.00279515454862,14.80027890828399,983.3153059344946,91.33239417696714,3.6985731025849256,Depression
2023-07-27,Bangalore,Karnataka,12.9716,77.5946,20.867574047482524,63.72515178594884,18.08053008699296,1007.7877921906396,35.09574058329368,1.8699823704874923,Active
2023-07-27,Chennai,Tamil Nadu,13.0827,80.2707,25.300851304553564,64.24536801651642,16.55813457777199,1003.6714666675709,89.21815448461152,1.5390214828878106,Active
2023-07-27,Kolkata,West Bengal,22.5726,88.3639,37.51989777994024,78.04241588673642,18.511809801341983,982.119056718704,180.80253093775661,9.639332357381663,Depression
2023-07-27,Hyderabad,Telangana,17.385,78.4867,27.74629393671152,77.27952433601273,27.69781465336978,1001.4676732543545,21.355512716720675,57.68128771589537,Break
2023-07-27,Pune,Maharashtra,18.5204,73.8567,35.80162139323123,71.89695392589297,27.162491957317755,1012.0266714165101,16.5239316679915,3.097857289961579,Break
2023-07-27,Ahmedabad,Gujarat,23.0225,72.5714,36.07278843603595,94.08094382897679,15.809381916891496,993.5949917716397,26.55094893774281,8.178983250167796,Break
2023-07-27,Jaipur,Rajasthan,26.9124,75.7873,34.604393413774744,96.03200049414946,25.05299987070202,1005.5828148411608,16.542992561826917,23.04671116417511,Break
2023-07-27,Lucknow,Uttar Pradesh,26.8467,80.9462,20.527796356112912,98.60454162178661,4.839961665175428,993.7853857343513,101.52263210788102,3.417677855038826,Active
2023-07-27,Bhopal,Madhya Pradesh,23.2599,77.4126,23.145115927620438,54.7691076254563,20.22319814568249,1014.0355473200449,83.7608134667357,1.114797666805973,Depression
2023-07-27,Guwahati,Assam,26.1445,91.7362,20.177219905979175,97.31707083985417,19.45128554771308,1007.6488146584707,179.94930938173664,8.977952940982062,Depression
2023-07-27,Thiruvananthapuram,Kerala,8.5241,76.9366,32.8483782925252,79.32042830836389,14.019509229581866,1001.7595026495272,29.048976377162266,28.060010141005364,Break
2023-07-27,Bhubaneswar,Odisha,20.2961,85.8245,30.442366879527412,52.641216059608276,16.101786544028958,986.4209104506424,67.64708630159143,48.007379531440584,Depression
2023-07-27,Raipur,Chhattisgarh,21.2514,81.6296,23.955273782189945,73.88025800180043,9.721260052334884,1011.4612808577879,84.35621859863284,3.989554902173194,Depression
2023-07-28,Mumbai,Maharashtra,19.076,72.8777,35.09846710683516,90.48034464271866,14.916176520028387,988.1493262340271,25.4906908299872,44.9370792252416,Break
2023-07-28,Delhi,Delhi,28.7041,77.1025,24.652388168754722,60.8065112512203,17.26663069944857,994.4232665070818,48.05695525351989,24.26019585725939,Active
2023-07-28,Bangalore,Karnataka,12.9716,77.5946,35.407515440148885,90.58804444925931,10.013826233380902,1006.1409244552888,151.7166580557249,21.975615219794832,Depression
2023-07-28,Chennai,Tamil Nadu,13.0827,80.2707,36.0173386800634,76.0695159714152,6.132044973767437,984.371014808969,39.611833416054964,22.22592715889351,Active
2023-07-28,Kolkata,West Bengal,22.5726,88.3639,30.053951318960912,51.95747724516257,9.078838711967311,1008.0746311445038,16.785380472903512,21.190788282989395,Break
2023-07-28,Hyderabad,Telangana,17.385,78.4867,33.48414890279261,59.376986095494175,22.267797802195314,1012.2799291065712,135.5775175970087,23.909920443752696,Depression
2023-07-28,Pune,Maharashtra,18.5204,73.8567,22.85017208736488,66.56025485016364,17.028709435690033,985.3613095399686,91.52801844120255,50.423842984921926,Active
2023-07-28,Ahmedabad,Gujarat,23.0225,72.5714,23.909289121092637,91.43183530989364,15.753045845763953,1003.7571504379056,15.259569307772786,14.813532259784298,Break
2023-07-28,Jaipur,Rajasthan,26.9124,75.7873,30.924610882505313,81.5325822992439,10.812887351797798,1010.866570566115,19.643901678420985,3.2772197350641354,Break
2023-07-28,Lucknow,Uttar Pradesh,26.8467,80.9462,36.28462822852866,73.58663799104121,14.0373384719688,985.8214591724679,142.225625153102,19.5461049933471,Depression
2023-07-28,Bhopal,Madhya Pradesh,23.2599,77.4126,23.081575823917913,99.29066846356667,26.40263779723786,993.2566962230579,155.96565513949972,6.859012470091692,Depression
2023-07-28,Guwahati,Assam,26.1445,91.7362,37.62237258041536,58.5915580504239,3.633933357626424,984.7897267180248,0.43468894420441107,31.435511292970382,Break
2023-07-28,Thiruvananthapuram,Kerala,8.5241,76.9366,37.69393793731446,86.08974560996154,26.906180456685988,1009.3056573727781,14.391807883326917,0.6242561004370445,Break
2023-07-28,Bhubaneswar,Odisha,20.2961,85.8245,37.90798716921189,77.92987947684162,16.031137241208505,1007.4681231490107,3.6845577912763883,1.623813879969154,Break
2023-07-28,Raipur,Chhattisgarh,21.2514,81.6296,36.69405546641734,70.15845589339162,13.36672627642517,982.6028747230838,54.476494188263516,7.137394946496221,Active
2023-07-29,Mumbai,Maharashtra,19.076,72.8777,20.457006932077853,55.586690548517105,20.964984011884205,980.2834440161969,26.334501871892435,5.9512950486857505,Break
2023-07-29,Delhi,Delhi,28.7041,77.1025,36.68327886723438,55.5293156796987,16.66207885893096,989.5961065274549,150.2000469216736,1.5729873572371411,Depression
2023-07-29,Bangalore,Karnataka,12.9716,77.5946,31.689709913018053,63.403345075866426,17.187526506582877,992.254644663249,161.27143267596747,6.529723855346885,Depression
2023-07-29,Chennai,Tamil Nadu,13.0827,80.2707,25.292552383022652,50.71936129282824,17.21933226249541,999.7350224368262,5.0853439512862515,14.380191049567486,Break
2023-07-29,Kolkata,West Bengal,22.5726,88.3639,26.17474669942259,95.52496238509269,13.002583687220564,1005.4425126247002,17.344175537599522,4.810614966187689,Break
2023-07-29,Hyderabad,Telangana,17.385,78.4867,36.640312236640845,99.66773967534806,9.311135766425146,1003.9734639643783,28.600121709171017,0.5043769920886848,Break
2023-07-29,Pune,Maharashtra,18.5204,73.8567,26.423136965610826,56.47432362311174,17.92467902913932,992.6550054849989,178.6476621677701,29.41291029497141,Depression
2023-07-29,Ahmedabad,Gujarat,23.0225,72.5714,24.31215241352198,87.19595273439245,14.865330210820385,1005.241164541049,18.9221240213187,17.490669876216693,Break
2023-07-29,Jaipur,Rajasthan,26.9124,75.7873,37.650845863973586,85.19504943075523,22.83707588692301,997.3772723833617,25.776900264809292,1.1840890874635996,Break
2023-07-29,Lucknow,Uttar Pradesh,26.8467,80.9462,30.955121393599104,62.06447582248485,15.351048870446125,1001.37543665309,66.12290084054638,6.643885515839787,Depression
2023-07-29,Bhopal,Madhya Pradesh,23.2599,77.4126,24.87690454703992,57.379884688438,7.465946819266438,1014.4392767174243,8.211279636365335,18.78674468849481,Break
2023-07-29,Guwahati,Assam,26.1445,91.7362,26.32836698248095,84.67443467016065,22.328524005009307,982.1841482137906,168.07165280478205,2.209062477423794,Depression
2023-07-29,Thiruvananthapuram,Kerala,8.5241,76.9366,35.72302554440118,71.08918802604808,23.901972789176057,984.0256326516678,193.59313151134353,2.0336880961728623,Depression
2023-07-29,Bhubaneswar,Odisha,20.2961,85.8245,28.132518931603187,70.95858742112105,6.388662362978582,1005.8845786981412,0.12399054385695107,0.3502849825897448,Break
2023-07-29,Raipur,Chhattisgarh,21.2514,81.6296,25.960401324473562,65.06043572214492,9.18588921952413,985.3075750285252,71.58296852089649,10.59571491859299,Active
2023-07-30,Mumbai,Maharashtra,19.076,72.8777,21.85257914605104,59.52226737169428,20.389775423841797,1007.7668020557148,10.112938251061902,4.765507649835829,Break
2023-07-30,Delhi,Delhi,28.7041,77.1025,34.01730270081936,53.55080347771041,19.890044262152827,990.2277432265416,48.934241695708316,5.262977605311634,Active
2023-07-30,Bangalore,Karnataka,12.9716,77.5946,25.659203103316813,68.14836879677192,3.40210406241366,995.6848104514135,3.7814175763721867,2.6797859481495383,Break
2023-07-30,Chennai,Tamil Nadu,13.0827,80.2707,20.2643502089769,89.54331919556952,5.0561616704799,1003.5456543011198,91.01126735283333,13.481454547208672,Active
2023-07-30,Kolkata,West Bengal,22.5726,88.3639,29.903509601703746,89.40267283269796,23.627424193676045,1011.0543778457421,27.787000450247536,7.4531617938078885,Break
2023-07-30,Hyderabad,Telangana,17.385,78.4867,21.797273345489682,68.36582840022582,8.59306457465072,993.4122000182624,28.816848272423545,4.11850016532153,Break
2023-07-30,Pune,Maharashtra,18.5204,73.8567,31.73456163876095,72.9903985597644,16.199625161141686,1002.8382497268352,7.624359313280692,9.179601136078247,Break
2023-07-30,Ahmedabad,Gujarat,23.0225,72.5714,30.660027659423694,81.6747884132117,29.757467653093766,1000.3300932415266,117.06293826644377,3.4672158104603685,Depression
2023-07-30,Jaipur,Rajasthan,26.9124,75.7873,37.6508018238501,65.63171264774601,20.30851558627395,1009.091157432664,113.42083596924479,11.967897161044272,Depression
2023-07-30,Lucknow,Uttar Pradesh,26.8467,80.9462,37.041674124573845,52.69859553184957,20.32971959141149,988.7422132911365,23.717526750004957,0.41511951984240986,Break
2023-07-30,Bhopal,Madhya Pradesh,23.2599,77.4126,22.405371475776217,93.56275656866033,26.140029501716196,982.2242067646126,12.464111251147546,2.035161199971466,Break
2023-07-30,Guwahati,Assam,26.1445,91.7362,28.521671937999315,85.81167686542571,10.769162610302644,993.4888635516533,99.77882464492818,7.010160562356972,Active
2023-07-30,Thiruvananthapuram,Kerala,8.5241,76.9366,32.75020389707764,61.62839225241164,11.700861840168095,1012.017449004035,101.29812922555851,28.12567341590172,Depression
2023-07-30,Bhubaneswar,Odisha,20.2961,85.8245,36.11020070229932,67.50825990024657,15.689899103338773,1010.9827180722476,58.471246199133034,11.704158079124333,Depression
2023-07-30,Raipur,Chhattisgarh,21.2514,81.6296,33.79163101555529,91.51572854446292,2.052503104571975,1011.9357668855396,26.12430006227309,25.03011399103504,Break
2023-07-31,Mumbai,Maharashtra,19.076,72.8777,31.831866610905877,62.970227222172014,15.256038768948958,1001.9643278980506,100.38825626705835,55.79665677525637,Active
2023-07-31,Delhi,Delhi,28.7041,77.1025,34.755189386999575,56.46144673446263,15.478920076620946,982.7528473536581,0.9428724343774442,24.165871646231814,Break
2023-07-31,Bangalore,Karnataka,12.9716,77.5946,32.50469587758997,52.91999771076611,19.82327073397411,996.0056923887857,150.76673649627008,7.785682347169076,Depression
2023-07-31,Chennai,Tamil Nadu,13.0827,80.2707,35.40681893235016,97.4820385230532,26.53984889991947,1012.5429188589815,65.75155606858974,13.365483868780272,Depression
2023-07-31,Kolkata,West Bengal,22.5726,88.3639,34.29498916011208,65.53202740691967,10.672005136077257,1010.9709794830054,99.07970375644071,19.331106300972102,Active
2023-07-31,Hyderabad,Telangana,17.385,78.4867,20.54023295499702,82.70152562834949,2.7032786531942086,992.895862669648,60.07948802076646,42.804271823114114,Active
2023-07-31,Pune,Maharashtra,18.5204,73.8567,29.38693430233844,82.62577985306791,18.976257584495293,981.1724237556867,37.976099355134906,13.673684429025606,Active
2023-07-31,Ahmedabad,Gujarat,23.0225,72.5714,23.180920754230932,94.28699671998055,24.32827828929104,1014.5668168684056,133.6723529282737,7.911090631792344,Depression
2023-07-31,Jaipur,Rajasthan,26.9124,75.7873,35.117653312692546,84.39939966035179,6.865861597709335,996.0209910174096,21.765636867586288,14.01911018812975,Break
2023-07-31,Lucknow,Uttar Pradesh,26.8467,80.9462,20.683850168033125,71.05806041393551,19.567744669574896,1002.86777106789,19.2575373608391,7.3049762137102725,Break
2023-07-31,Bhopal,Madhya Pradesh,23.2599,77.4126,26.912737480434068,95.00945806519516,19.01416436028499,982.5087272399232,2.7582889927720586,9.281397684242004,Break
2023-07-31,Guwahati,Assam,26.1445,91.7362,22.706494310085596,63.341756762075384,29.514948744385624,1008.4103818357697,27.002543620890908,69.68026277428557,Break
2023-07-31,Thiruvananthapuram,Kerala,8.5241,76.9366,35.24152108956137,94.27135925629099,4.104443792487315,999.3753197356504,102.01172029662199,2.919251828043558,Active
2023-07-31,Bhubaneswar,Odisha,20.2961,85.8245,29.68858774786522,54.57008152162528,28.26492327438483,1012.1458927150551,13.871152352119232,0.6570559512915496,Break
2023-07-31,Raipur,Chhattisgarh,21.2514,81.6296,27.848189047158485,50.20415280020793,18.266533992516255,1003.0984920704668,80.43518149200987,3.7462409171889237,Active
2023-08-01,Mumbai,Maharashtra,19.076,72.8777,32.02211338468422,84.11122921396185,26.8089397507001,1011.8730785547433,97.86849916280346,6.137181487671798,Depression
2023-08-01,Delhi,Delhi,28.7041,77.1025,29.5434901529462,61.5133643462867,23.21347930587077,980.8914811445381,10.559309777802673,0.11404254099928365,Break
2023-08-01,Bangalore,Karnataka,12.9716,77.5946,35.7661381128674,53.2812729181891,2.6744450490828573,984.2302585701369,11.553618624142288,8.622742892569027,Break
2023-08-01,Chennai,Tamil Nadu,13.0827,80.2707,30.96660892695118,91.83718853025161,10.041604646239588,1008.8833996880422,92.25568300396685,1.5421855566775835,Active
2023-08-01,Kolkata,West Bengal,22.5726,88.3639,29.917205976620743,57.834636135481546,27.771985732654127,990.5757518464719,33.055590172323754,8.488337102063097,Active
2023-08-01,Hyderabad,Telangana,17.385,78.4867,35.28464708843707,96.21903414466155,23.612884517142888,1006.2436987135129,156.6137320463758,14.839396066107112,Depression
2023-08-01,Pune,Maharashtra,18.5204,73.8567,30.8797059204844,54.251294222134945,14.910405164079059,986.5363490865864,166.5434797392477,2.1988918884576583,Depression
2023-08-01,Ahmedabad,Gujarat,23.0225,72.5714,26.885614192015183,52.71127980939877,27.49488352089829,1003.4922941070604,0.173787541800281,34.183547268507105,Break
2023-08-01,Jaipur,Rajasthan,26.9124,75.7873,26.261021882977253,60.797715686762245,16.63203262265575,1001.3889045150823,42.045058279118415,0.6013826357581961,Active
2023-08-01,Lucknow,Uttar Pradesh,26.8467,80.9462,20.018255224194046,81.8222021900087,15.588785511931361,983.0241094665037,53.99488061073762,9.46845872845747,Depression
2023-08-01,Bhopal,Madhya Pradesh,23.2599,77.4126,34.97071058480498,82.22363859258864,8.115820719162594,1014.342422599839,129.72875326470208,17.962063691177164,Depression
2023-08-01,Guwahati,Assam,26.1445,91.7362,32.67636004773197,63.38239016848454,10.903711459252655,982.6474403497859,72.28605180140013,4.5147033841563,Depression
2023-08-01,Thiruvananthapuram,Kerala,8.5241,76.9366,31.35474437777052,63.172326836033896,7.121213963946507,1013.3484965692586,18.490867386606944,14.038533232054908,Break
2023-08-01,Bhubaneswar,Odisha,20.2961,85.8245,36.285970614054484,61.396290609577484,4.120753520246429,985.7278385794367,152.6171173186774,0.4509224063701287,Depression
2023-08-01,Raipur,Chhattisgarh,21.2514,81.6296,37.39510139771826,93.22673454652895,6.457148339010791,1010.1327227049376,142.08695829962423,8.567998040152652,Depression
2023-08-02,Mumbai,Maharashtra,19.076,72.8777,22.541042991896344,85.18162094532411,17.16821145975703,987.7501577635459,19.568421875092184,15.52379459121376,Break
2023-08-02,Delhi,Delhi,28.7041,77.1025,36.91342020167541,87.36029647211461,24.7449260677656,1003.9694865434158,17.898258336692948,19.491542281058,Break
2023-08-02,Bangalore,Karnataka,12.9716,77.5946,28.433135154147628,68.30176230040534,22.83990581968817,1008.6384669599586,64.70808824745258,1.693705950068124,Depression
2023-08-02,Chennai,Tamil Nadu,13.0827,80.2707,21.272284393233342,77.97597126126529,14.076381407542218,990.8324676090336,0.9688431798273223,13.200907933129477,Break
2023-08-02,Kolkata,West Bengal,22.5726,88.3639,34.05736007219072,84.00911461181424,11.57675464645762,990.8047866638599,116.42586788778047,5.311540088594042,Active
2023-08-02,Hyderabad,Telangana,17.385,78.4867,32.61430039092062,62.02379322650653,6.819903449234497,991.7095520950824,30.62661002816119,1.8798656485377065,Active
2023-08-02,Pune,Maharashtra,18.5204,73.8567,25.152889391332728,89.98584112864995,18.30519199972575,984.3164605281689,188.9888664937028,58.26605378501968,Depression
2023-08-02,Ahmedabad,Gujarat,23.0225,72.5714,32.287780374825275,88.30075688738626,29.557910306192376,989.6805108054406,3.996320554735835,12.838786392394034,Break
2023-08-02,Jaipur,Rajasthan,26.9124,75.7873,36.236056091212106,53.126591742858935,15.084563783691312,1013.5813305884636,2.0759833036374586,64.30467915835699,Break
2023-08-02,Lucknow,Uttar Pradesh,26.8467,80.9462,32.983472067113745,83.3568688916966,10.610243150832826,992.5849331847967,57.09942440009848,1.709288009529347,Active
2023-08-02,Bhopal,Madhya Pradesh,23.2599,77.4126,23.244081043805043,50.96060069565323,23.74405988379971,1000.9329749651275,118.13596522968562,5.415105241198493,Depression
2023-08-02,Guwahati,Assam,26.1445,91.7362,29.912005899386457,68.93080231188128,29.2079626639339,1003.3889792554783,55.81921625095746,19.694566325104315,Active
2023-08-02,Thiruvananthapuram,Kerala,8.5241,76.9366,27.10345412325017,50.072525265004245,6.09279063661759,1014.0187650898068,80.34119444299766,2.1462823781096745,Depression
2023-08-02,Bhubaneswar,Odisha,20.2961,85.8245,35.64216949555383,63.50105058580759,15.692778760648459,1004.0803768587305,15.814694053952957,2.3282378113456863,Break
2023-08-02,Raipur,Chhattisgarh,21.2514,81.6296,37.97970264539233,89.3314275513454,4.997634439465113,983.0372999415384,29.6714564247566,6.304753936054846,Break
2023-08-03,Mumbai,Maharashtra,19.076,72.8777,36.80562414505805,50.23262341071177,12.12356887090325,994.32886745676,184.7306347113123,23.48514140629934,Depression
2023-08-03,Delhi,Delhi,28.7041,77.1025,24.233457849997926,98.17256328642473,24.167265668163335,1011.9557910588259,24.59528787342973,8.62948238906312,Break
2023-08-03,Bangalore,Karnataka,12.9716,77.5946,36.7525461994189,95.91547697470696,26.913172725553096,981.2691968485863,70.32980889904599,15.547353985287282,Depression
2023-08-03,Chennai,Tamil Nadu,13.0827,80.2707,32.820620157661764,59.44838036613537,20.962029965162596,1011.165549250138,80.89993654454136,28.10381283912933,Active
2023-08-03,Kolkata,West Bengal,22.5726,88.3639,33.069667813323164,92.03325465696796,21.449897359514907,1009.0612807526646,89.51247187319868,0.554994320808886,Depression
2023-08-03,Hyderabad,Telangana,17.385,78.4867,29.075916839693388,88.3668729729288,23.166821608996713,995.9237065974726,68.14131787589557,10.512892013536089,Active
2023-08-03,Pune,Maharashtra,18.5204,73.8567,24.199019440929977,51.78577815172545,24.635306842021166,981.6063016788595,83.8817998428017,0.8841806829950302,Depression
2023-08-03,Ahmedabad,Gujarat,23.0225,72.5714,31.191513825239294,83.80841047859644,9.421633072600144,994.6668089198746,129.24410135199088,11.45788448405234,Depression
2023-08-03,Jaipur,Rajasthan,26.9124,75.7873,28.676093150407475,93.94033032522131,23.790298560891415,1009.7124765739446,23.90587963637328,36.62176069759182,Break
2023-08-03,Lucknow,Uttar Pradesh,26.8467,80.9462,27.87691389837569,87.73846343499527,12.845573065165395,984.1723025283418,155.63545277402153,2.772635928402251,Depression
2023-08-03,Bhopal,Madhya Pradesh,23.2599,77.4126,21.155316221874198,94.02325760503105,22.52859439367957,1011.514475869982,56.79997723909709,33.87119511391603,Depression
2023-08-03,Guwahati,Assam,26.1445,91.7362,30.819441449816964,60.33734286257648,24.25242918085317,989.0374557340026,25.520611967377707,13.960705390425925,Break
2023-08-03,Thiruvananthapuram,Kerala,8.5241,76.9366,35.08398946424634,72.61767580791897,14.629396757006377,981.7489583230139,89.55446182024772,17.97386707286815,Active
2023-08-03,Bhubaneswar,Odisha,20.2961,85.8245,24.4583839476147,71.97279437534681,7.254923060870551,1005.6204332849112,92.20036799493695,18.360318264048928,Active
2023-08-03,Raipur,Chhattisgarh,21.2514,81.6296,35.33508387769616,65.90854907311865,11.40409068864907,994.5046691639628,19.96953443783715,13.76695799123951,Break
2023-08-04,Mumbai,Maharashtra,19.076,72.8777,35.84599996935987,54.83270960127879,17.010277034675354,984.8938725017882,65.31029359938236,11.14617995585832,Depression
2023-08-04,Delhi,Delhi,28.7041,77.1025,24.66582097425798,90.61471995023808,24.276683693343816,1010.5626979266236,59.869918598277735,2.769840083043224,Active
2023-08-04,Bangalore,Karnataka,12.9716,77.5946,36.321530070178326,53.724472291196754,29.737612490237552,1002.8556368309861,19.96579571328685,59.11194581951162,Break
2023-08-04,Chennai,Tamil Nadu,13.0827,80.2707,27.871216901099046,81.05292280240157,13.353690785785112,986.4258163962119,38.871577889225115,52.90537447453082,Active
2023-08-04,Kolkata,West Bengal,22.5726,88.3639,25.322301248979556,58.95010193241892,7.502488546036886,985.1949174637539,92.23585160167895,5.671377937516955,Depression
2023-08-04,Hyderabad,Telangana,17.385,78.4867,22.140232451306787,87.20984911995598,19.026267850210314,1013.5261111069997,10.990471212459527,8.602906885375155,Break
2023-08-04,Pune,Maharashtra,18.5204,73.8567,22.953267919450994,72.05869582695715,9.016234691665282,992.1354094681149,190.5058780808285,0.11592468215177198,Depression
2023-08-04,Ahmedabad,Gujarat,23.0225,72.5714,34.78706067472693,63.270418000571695,26.05805017399772,997.0058602646053,121.7063327690125,0.7749269174161325,Depression
2023-08-04,Jaipur,Rajasthan,26.9124,75.7873,21.07807441289538,55.40173973921384,19.076012678289423,993.0924187934075,107.53169944315442,32.651721486036976,Depression
2023-08-04,Lucknow,Uttar Pradesh,26.8467,80.9462,36.90521505713869,54.66692920768483,12.99208254732719,988.1252899411434,15.443748843493442,9.597713857550337,Break
2023-08-04,Bhopal,Madhya Pradesh,23.2599,77.4126,36.28033420785033,68.1048468021671,6.915034206244167,996.3746005608733,53.16805947155244,2.420660162308077,Active
2023-08-04,Guwahati,Assam,26.1445,91.7362,23.661500280998933,57.75530485852243,2.1635824106757906,983.2562357072335,30.931632654054347,1.053152515155205,Active
2023-08-04,Thiruvananthapuram,Kerala,8.5241,76.9366,29.394153973459584,59.60621950929164,16.07624154154688,1012.8118396292654,45.29476062525185,4.710594211669416,Active
2023-08-04,Bhubaneswar,Odisha,20.2961,85.8245,26.126253379274694,65.45026228357918,2.0003340193871337,1011.8522820556786,24.49663993714411,9.83096420204039,Break
2023-08-04,Raipur,Chhattisgarh,21.2514,81.6296,23.7991266103443,88.41394892047884,10.131664572024512,1009.9680862838471,75.60096498213946,1.4902434503537323,Active
2023-08-05,Mumbai,Maharashtra,19.076,72.8777,33.39516713844746,61.04604358815804,21.55501900012682,1013.6171783542538,20.199252357903102,30.576324259831523,Break
2023-08-05,Delhi,Delhi,28.7041,77.1025,20.046457140847163,65.19872922848646,10.370103393350966,989.0757816647973,78.28119754795154,44.64216269891034,Active
2023-08-05,Bangalore,Karnataka,12.9716,77.5946,24.15110235578513,95.69618101962848,15.820947830378582,1010.3589689713166,8.765364449803577,5.178135088029898,Break
2023-08-05,Chennai,Tamil Nadu,13.0827,80.2707,20.125736952527255,68.3498477281385,20.248504536509554,988.5685607632653,1.0898676613776526,1.2817279681469742,Break
2023-08-05,Kolkata,West Bengal,22.5726,88.3639,31.19922247529886,62.43901101314972,20.062829274649143,1012.6820538446417,1.524478284521793,1.3847912517262841,Break
2023-08-05,Hyderabad,Telangana,17.385,78.4867,29.138827328385062,91.46466801302977,28.94700379885332,992.0955976111574,112.47316416725934,19.570287374688746,Active
2023-08-05,Pune,Maharashtra,18.5204,73.8567,20.49375900013624,57.6190648885189,18.526220090890675,992.4019250365192,26.01210329117193,1.4137065034842153,Break
2023-08-05,Ahmedabad,Gujarat,23.0225,72.5714,25.78448947638291,64.04837772153357,2.16086242567475,986.0262563501822,88.69185166980999,42.98650564144724,Active
2023-08-05,Jaipur,Rajasthan,26.9124,75.7873,22.603226016935416,81.68779484527403,6.699623077536209,992.6086419593347,127.24906741595069,2.2537627293969673,Depression
2023-08-05,Lucknow,Uttar Pradesh,26.8467,80.9462,26.340146174631485,96.51253021012913,7.3670877909316825,1006.781435877457,40.11353371427423,6.935560736647038,Active
2023-08-05,Bhopal,Madhya Pradesh,23.2599,77.4126,36.54976498691758,66.29710867129253,10.253842425029012,996.3013554841251,11.506640658309955,9.220119242562124,Break
2023-08-05,Guwahati,Assam,26.1445,91.7362,23.68154102231685,61.39427654357929,5.0846859001953035,1008.8372567479846,81.80300076723611,12.174479468474589,Depression
2023-08-05,Thiruvananthapuram,Kerala,8.5241,76.9366,26.543337239753573,97.96136356909692,11.626418189449634,995.2506787621613,61.95029387135784,0.7618335716123221,Active
2023-08-05,Bhubaneswar,Odisha,20.2961,85.8245,34.80055569435105,97.0255058481284,8.847093436977131,992.6055393758179,54.33635414931688,0.37901084982824285,Depression
2023-08-05,Raipur,Chhattisgarh,21.2514,81.6296,33.25976813544716,70.26637705893941,15.238885408663634,1011.1567118649368,111.71880536309924,2.897416807150118,Active
2023-08-06,Mumbai,Maharashtra,19.076,72.8777,30.921175011243367,59.97365070691818,15.583168748411909,1010.929285765174,2.6945955926786858,15.158281542806268,Break
2023-08-06,Delhi,Delhi,28.7041,77.1025,20.183288930658726,81.47361294185691,28.59711236781801,1006.5943844097567,155.18458128220732,4.645363748590309,Depression
2023-08-06,Bangalore,Karnataka,12.9716,77.5946,27.138898116976254,81.99874792757717,28.742262606223232,980.7550072215423,22.02884101226839,13.116847402070661,Break
2023-08-06,Chennai,Tamil Nadu,13.0827,80.2707,35.95507716424288,97.41080517198847,18.267107495186938,986.8829300726578,63.857894427626185,48.57872620693217,Active
2023-08-06,Kolkata,West Bengal,22.5726,88.3639,30.00679939333107,64.84791791938417,8.507728286481054,989.1709951210553,72.8708965129363,24.073760283378423,Active
2023-08-06,Hyderabad,Telangana,17.385,78.4867,30.63612298212508,99.73664538749304,21.739377243138676,993.7311270209661,180.29144068956614,66.55125800826802,Depression
2023-08-06,Pune,Maharashtra,18.5204,73.8567,24.15605725341778,55.833883934013286,2.4792879848091234,1002.4403411942013,4.330540598412838,5.920663560348954,Break
2023-08-06,Ahmedabad,Gujarat,23.0225,72.5714,32.87604023453501,89.5356551978943,24.085743255309872,1002.1341966944127,55.108375658058876,15.156715457220235,Active
2023-08-06,Jaipur,Rajasthan,26.9124,75.7873,37.013466442835,94.82134575263474,13.775548614793951,982.970711383369,13.483374117973371,22.107826065670533,Break
2023-08-06,Lucknow,Uttar Pradesh,26.8467,80.9462,36.82934618893265,73.57246725444246,20.28104419531095,984.0449934017302,105.1645025210264,8.864981431172623,Depression
2023-08-06,Bhopal,Madhya Pradesh,23.2599,77.4126,26.534399820481582,61.5956397315863,9.543523568095754,1007.2636400617728,10.727983333182419,24.592066251141976,Break
2023-08-06,Guwahati,Assam,26.1445,91.7362,34.55977093343513,82.7820180192745,24.109543497643767,993.2255231229218,64.93872070532441,29.611423525269437,Depression
2023-08-06,Thiruvananthapuram,Kerala,8.5241,76.9366,29.372690277957346,51.10028059822931,12.216569680877237,1002.4388048034369,59.5234557711454,3.5280052446328396,Active
2023-08-06,Bhubaneswar,Odisha,20.2961,85.8245,28.73076759001994,85.64279463205182,19.075581464066236,1010.9824016295397,71.06590217087013,16.21965186723805,Active
2023-08-06,Raipur,Chhattisgarh,21.2514,81.6296,36.059385043945625,85.12916567881896,19.12269505244763,988.8717481873116,27.135043998551012,6.729371265788265,Break
2023-08-07,Mumbai,Maharashtra,19.076,72.8777,36.30464541486878,64.84161185358417,21.83260822245937,1012.2233368918168,58.85480406266648,6.549922330689311,Depression
2023-08-07,Delhi,Delhi,28.7041,77.1025,33.75408943498815,57.77245153536973,23.554220514613842,983.6575321536496,103.77437064494781,8.973500199312012,Active
2023-08-07,Bangalore,Karnataka,12.9716,77.5946,37.373660290280014,95.99163435042652,9.911007618929226,1002.7520279531278,60.382638429636245,18.68929013862697,Depression
2023-08-07,Chennai,Tamil Nadu,13.0827,80.2707,20.678744891342532,59.03746436637864,9.148977425584677,1000.3321623519565,183.85389930094883,0.6749498063676196,Depression
2023-08-07,Kolkata,West Bengal,22.5726,88.3639,37.16803656335302,62.06991023538396,27.488801086358233,1008.4540149036442,188.04943840859096,24.429104680624928,Depression
2023-08-07,Hyderabad,Telangana,17.385,78.4867,36.21819729618258,55.825442582672714,14.001131569561604,1008.046077293288,97.49129994973703,8.046870884799688,Active
2023-08-07,Pune,Maharashtra,18.5204,73.8567,26.904739036266257,87.49363625695963,6.118490578657512,1014.5183575022702,13.13389424724847,0.5469156697388943,Break
2023-08-07,Ahmedabad,Gujarat,23.0225,72.5714,28.1866617635538,52.36910954543207,3.7892031027278206,1013.8975570146558,15.718706309391461,3.495545531105807,Break
2023-08-07,Jaipur,Rajasthan,26.9124,75.7873,35.61406308287203,97.65315175410643,13.44582812375842,1011.3653793708089,83.16783094144868,3.1751892564946242,Active
2023-08-07,Lucknow,Uttar Pradesh,26.8467,80.9462,26.60636444460969,56.770455036543474,6.216708710338414,991.4548348873208,1.3780778120942794,29.161873417444237,Break
2023-08-07,Bhopal,Madhya Pradesh,23.2599,77.4126,32.23035407011798,55.28006921288618,11.439329428791067,1006.6587072381652,17.914064148268814,12.606573602608421,Break
2023-08-07,Guwahati,Assam,26.1445,91.7362,37.828284958214994,58.98147917852032,14.280179106714911,997.1177250234143,23.42717419491611,5.006164019207377,Break
2023-08-07,Thiruvananthapuram,Kerala,8.5241,76.9366,20.246907051919518,95.12640608094469,23.313958927509535,990.8096463200482,3.6303232878258127,32.04896368727781,Break
2023-08-07,Bhubaneswar,Odisha,20.2961,85.8245,33.07370017677012,86.24624488555527,18.56666037429267,995.3196065423047,119.46014749799195,10.590486270486359,Active
2023-08-07,Raipur,Chhattisgarh,21.2514,81.6296,36.61121647670726,55.326048430329685,6.924983403721069,990.0802761975131,11.890783022375055,52.82969684682521,Break
2023-08-08,Mumbai,Maharashtra,19.076,72.8777,30.657529934306634,52.778719749753236,22.075680359373003,1002.5865875346524,79.239971181653,4.415822440042707,Active
2023-08-08,Delhi,Delhi,28.7041,77.1025,24.706500323188976,64.35873149858088,11.382172204451066,982.9148785064757,129.48849688492987,6.152103230720219,Depression
2023-08-08,Bangalore,Karnataka,12.9716,77.5946,21.39628025564373,80.49178991119835,5.745037893827191,1009.821861232289,10.70185860329742,46.71519720135952,Break
2023-08-08,Chennai,Tamil Nadu,13.0827,80.2707,30.81021022167819,76.426045011022,27.825552392665404,987.7277737501666,159.24610021132327,11.096407955127694,Depression
2023-08-08,Kolkata,West Bengal,22.5726,88.3639,33.79649151908436,64.9905613916191,25.899059374019565,986.310438381621,19.858291080734617,3.54610367055929,Break
2023-08-08,Hyderabad,Telangana,17.385,78.4867,21.94459036535067,97.3530142768462,8.939579163170434,985.6478464647646,0.5450433375541719,13.895198820936349,Break
2023-08-08,Pune,Maharashtra,18.5204,73.8567,37.992325169305374,70.3912997352217,3.1464486709021893,983.1584330617334,63.21332107248698,35.97927704348328,Active
2023-08-08,Ahmedabad,Gujarat,23.0225,72.5714,25.882015750702497,87.9868205411209,4.003654871404846,982.6281266775643,111.3017448686405,33.802242334245136,Depression
2023-08-08,Jaipur,Rajasthan,26.9124,75.7873,33.596353522620944,51.661462082532495,21.943594446219446,981.9758236213444,117.39835710633292,2.7900979622932778,Active
2023-08-08,Lucknow,Uttar Pradesh,26.8467,80.9462,28.014773805948444,71.72600679967005,10.661216456976645,1002.491526967803,18.224729265441468,0.6835806927093485,Break
2023-08-08,Bhopal,Madhya Pradesh,23.2599,77.4126,28.76743644619626,80.45989944214539,28.899424365977247,1000.0983422680487,72.37622353303402,31.62770781855233,Active
2023-08-08,Guwahati,Assam,26.1445,91.7362,31.26711153055862,51.282631571806355,27.863543358753272,991.3338492883165,161.44131721733555,1.0589451757148285,Depression
2023-08-08,Thiruvananthapuram,Kerala,8.5241,76.9366,37.65145846305007,76.90038750477026,15.076372341353956,991.7384563038904,104.4122909974879,3.941252410451022,Depression
2023-08-08,Bhubaneswar,Odisha,20.2961,85.8245,22.182224002638545,68.36655007019093,13.762745754688149,981.7208444944602,151.5253639778296,5.140950703990748,Depression
2023-08-08,Raipur,Chhattisgarh,21.2514,81.6296,21.891997026307713,58.892973812158004,12.007678862314375,984.2909091799002,160.3682069146873,9.644769405863332,Depression
2023-08-09,Mumbai,Maharashtra,19.076,72.8777,35.358523522238585,76.37299666187326,24.379893333859755,989.0846212065801,8.794022491925313,5.42931368026915,Break
2023-08-09,Delhi,Delhi,28.7041,77.1025,29.606372435534098,54.874275441053456,17.458754663894695,1011.1594551574289,24.857657354324424,12.464978229368725,Break
2023-08-09,Bangalore,Karnataka,12.9716,77.5946,34.858671528501134,75.36556584949031,2.803941261248596,998.924938422847,75.46395063103532,2.7409442057533653,Depression
2023-08-09,Chennai,Tamil Nadu,13.0827,80.2707,28.16722622897848,71.39148629906163,8.868375474922482,1006.9779782192592,15.617775676792592,4.836802281348259,Break
2023-08-09,Kolkata,West Bengal,22.5726,88.3639,36.60060421109752,93.72852326128472,13.952902292880273,991.4284280749085,37.777170095548485,3.8634760452671295,Active
2023-08-09,Hyderabad,Telangana,17.385,78.4867,20.76196619267892,95.23969123418004,22.512856356965344,1008.8596763637368,5.573021147502781,7.660220280928212,Break
2023-08-09,Pune,Maharashtra,18.5204,73.8567,23.834447838195306,64.62675384533148,22.483546106490625,981.8786972066679,62.432744702076434,73.92416327811593,Depression
2023-08-09,Ahmedabad,Gujarat,23.0225,72.5714,30.45432811931488,62.3008323906536,27.747710194944105,980.6022362839544,113.77265719956004,16.856028548749734,Active
2023-08-09,Jaipur,Rajasthan,26.9124,75.7873,26.666183210401247,68.67223926209257,3.589647984370203,996.9959323061491,112.848496385806,5.869499417277918,Active
2023-08-09,Lucknow,Uttar Pradesh,26.8467,80.9462,33.69022305920262,68.40083088765303,17.500035308851345,996.1361184727447,75.26848848119985,5.890339262439175,Depression
2023-08-09,Bhopal,Madhya Pradesh,23.2599,77.4126,33.39525633482022,79.1927449328961,23.401919500703144,989.7039484961865,15.214182150602385,24.11873230842336,Break
2023-08-09,Guwahati,Assam,26.1445,91.7362,31.87491023525677,64.7060440219399,7.509154229418322,1000.9549474472615,12.881896503894184,1.7394367450194128,Break
2023-08-09,Thiruvananthapuram,Kerala,8.5241,76.9366,21.04257749248325,81.65438679514524,14.43119843957431,997.4505700641103,93.99813971033058,16.563667782896488,Depression
2023-08-09,Bhubaneswar,Odisha,20.2961,85.8245,35.21050613638947,74.66113975440855,27.29835189678063,987.3434113694236,1.9203203067745855,9.283336136624783,Break
2023-08-09,Raipur,Chhattisgarh,21.2514,81.6296,26.835717690097955,54.74458034533114,28.908929372330118,988.7309057498226,185.5792452695666,10.454380931439514,Depression
2023-08-10,Mumbai,Maharashtra,19.076,72.8777,32.975891402483704,64.66758308565305,17.024308880016086,1007.3084439149364,27.560523142465655,0.1033094284522949,Break
2023-08-10,Delhi,Delhi,28.7041,77.1025,35.9199426999679,78.97882944301469,5.286903645817639,1014.6669266969423,114.8566090619364,9.597946821771439,Active
2023-08-10,Bangalore,Karnataka,12.9716,77.5946,23.68142206407024,99.8801735494884,19.129293686095703,986.9394362227729,94.90980248000118,39.47615506842836,Depression
2023-08-10,Chennai,Tamil Nadu,13.0827,80.2707,26.472868204609675,51.554430116862925,16.15440744773318,985.6212390863019,113.01804209271656,3.2956392161534596,Active
2023-08-10,Kolkata,West Bengal,22.5726,88.3639,22.74661868869857,59.15516095376256,24.25268320212645,1009.8788868672718,22.84855704038076,59.27782834351757,Break
2023-08-10,Hyderabad,Telangana,17.385,78.4867,37.78146722778996,75.33809178467311,26.37270878018358,1008.0821294224945,90.7879669790946,6.341175284411706,Active
2023-08-10,Pune,Maharashtra,18.5204,73.8567,26.48232064088986,77.91902293763131,7.768848209997425,1002.2158382190398,10.06296730836638,13.920065512220416,Break
2023-08-10,Ahmedabad,Gujarat,23.0225,72.5714,26.217638073966274,61.2970840104742,23.726064960173684,991.4286482966241,49.26813389045908,23.834463594481257,Active
2023-08-10,Jaipur,Rajasthan,26.9124,75.7873,20.139033515195994,91.93120058529964,6.7431357322496135,1000.3736074877526,139.73760686520518,58.41603414596603,Depression
2023-08-10,Lucknow,Uttar Pradesh,26.8467,80.9462,23.176061725211262,99.83305046074852,3.940232639401548,992.1061325782315,123.59002549002425,7.866892637294773,Depression
2023-08-10,Bhopal,Madhya Pradesh,23.2599,77.4126,31.8019859957854,81.16649590786639,17.650341901123383,1008.8639731368406,8.599223559562484,29.692822879663208,Break
2023-08-10,Guwahati,Assam,26.1445,91.7362,26.126606250285157,62.581698900549846,11.546698412251304,1014.0993663995241,83.74009019166581,9.119584776904704,Active
2023-08-10,Thiruvananthapuram,Kerala,8.5241,76.9366,28.999566311136363,68.47822083318451,25.173827298235633,997.2245209064785,131.30424750855673,26.45491336275039,Depression
2023-08-10,Bhubaneswar,Odisha,20.2961,85.8245,23.32126802396952,52.73931214822017,3.661353471564002,1013.7020413881655,27.444582735505584,30.76207368664671,Break
2023-08-10,Raipur,Chhattisgarh,21.2514,81.6296,25.41033322167418,81.22471499183563,14.630637939779453,1005.0850611101132,47.44829844619692,5.137289510506175,Active
2023-08-11,Mumbai,Maharashtra,19.076,72.8777,26.8802109541295,52.664746984637354,28.567972246248612,982.1423004004383,100.04410408846834,24.601938473461136,Depression
2023-08-11,Delhi,Delhi,28.7041,77.1025,33.72345582230446,70.78903244309289,3.201394617940932,991.2690610448782,13.753719031339166,2.4606598616348547,Break
2023-08-11,Bangalore,Karnataka,12.9716,77.5946,37.63401615526391,92.72113536684338,26.308699037281336,994.734704200439,65.98480575034485,13.364660147014957,Depression
2023-08-11,Chennai,Tamil Nadu,13.0827,80.2707,31.897810955312465,60.17691020152017,28.249929940496557,996.641237039802,45.68728153122953,2.630271058787235,Active
2023-08-11,Kolkata,West Bengal,22.5726,88.3639,25.50400990236235,90.18682778947084,2.836194996042258,992.8109088510546,22.798059128324557,7.070748280528447,Break
2023-08-11,Hyderabad,Telangana,17.385,78.4867,25.115617094413366,65.27209549854024,11.256717823509561,996.3360992763323,144.05282007033878,9.360298590447137,Depression
2023-08-11,Pune,Maharashtra,18.5204,73.8567,22.211891880704695,96.10586988534851,22.525983609110718,1012.0269960580815,19.579075151688322,21.24282686497642,Break
2023-08-11,Ahmedabad,Gujarat,23.0225,72.5714,31.60675263984136,74.30142490979955,21.56350894458577,998.5325791328933,82.83239392148478,9.400383182773252,Active
2023-08-11,Jaipur,Rajasthan,26.9124,75.7873,25.01682931436306,51.70283043384945,18.427169679828495,1009.6683420677024,42.862057779510344,23.336877301800516,Active
2023-08-11,Lucknow,Uttar Pradesh,26.8467,80.9462,34.33441353987282,58.50980336148196,14.279558645565535,988.7795290287211,29.13546587183763,18.26163075808767,Break
2023-08-11,Bhopal,Madhya Pradesh,23.2599,77.4126,27.787909172595743,76.95806587809952,5.9619637843867945,982.5758423512178,60.841211315237935,9.02451361463722,Active
2023-08-11,Guwahati,Assam,26.1445,91.7362,23.858968318009765,83.44980331456449,3.5833150008830508,999.0614812136865,189.54385398436648,13.119962040757393,Depression
2023-08-11,Thiruvananthapuram,Kerala,8.5241,76.9366,24.161277619835964,54.67456454590621,7.092546153409701,1002.9756609803482,40.05249238796105,14.321417425550328,Active
2023-08-11,Bhubaneswar,Odisha,20.2961,85.8245,37.32595211084595,79.40083503479453,17.774899069092577,1014.0995440992773,44.13634027641139,11.654655384200645,Active
2023-08-11,Raipur,Chhattisgarh,21.2514,81.6296,20.243915429103723,81.53227474690016,29.84757427915597,991.2328866216536,21.85283188166878,21.692546486405433,Break
2023-08-12,Mumbai,Maharashtra,19.076,72.8777,31.348907315083878,96.68376190851286,15.554342793071685,1008.1746673969268,93.52564569031328,9.490759851888997,Active
2023-08-12,Delhi,Delhi,28.7041,77.1025,28.09459602758821,89.59527021762206,19.565600789863687,984.9996551953377,15.600862326565554,3.154204934606438,Break
2023-08-12,Bangalore,Karnataka,12.9716,77.5946,24.466340218619095,59.3211426925166,21.037324274237843,1010.7767002403173,135.3928033484982,6.478691860123275,Depression
2023-08-12,Chennai,Tamil Nadu,13.0827,80.2707,26.076579822557964,92.62455564233929,21.23643484004972,983.0279665169797,18.884684046815426,0.3255781568514447,Break
2023-08-12,Kolkata,West Bengal,22.5726,88.3639,32.6688171829185,76.68545679467825,29.9536556965867,997.415786773406,3.2985364231610506,22.157126083982913,Break
2023-08-12,Hyderabad,Telangana,17.385,78.4867,36.033819493826094,71.486577738956,25.66625386168496,1006.9072841581517,123.92202054198886,15.414580651202508,Depression
2023-08-12,Pune,Maharashtra,18.5204,73.8567,25.484501018179092,60.10209688040533,9.237933044324727,1008.7216073271179,96.32951007476798,0.3079524737922242,Active
2023-08-12,Ahmedabad,Gujarat,23.0225,72.5714,21.818740587795542,62.01056794361037,21.79095126217019,1006.4473436723996,71.08749778121397,38.51834552596843,Depression
2023-08-12,Jaipur,Rajasthan,26.9124,75.7873,37.527052428074796,94.377522043487,20.449506373386754,993.0735258111212,2.7460223311497867,0.7799835824902953,Break
2023-08-12,Lucknow,Uttar Pradesh,26.8467,80.9462,29.792440698691426,90.74249254450375,17.07618923874265,1004.1409134985038,53.081166044494786,26.396797205562454,Depression
2023-08-12,Bhopal,Madhya Pradesh,23.2599,77.4126,24.311583095977813,91.74127267453233,15.333994538995665,986.9966343059834,55.175965386674406,44.50932613978267,Active
2023-08-12,Guwahati,Assam,26.1445,91.7362,23.14518209992223,54.910972751906726,27.977031430655003,1006.762872269052,21.968073343190348,33.10084079529541,Break
2023-08-12,Thiruvananthapuram,Kerala,8.5241,76.9366,34.39087073267136,80.76743202429559,20.43981527716478,998.1052198877246,6.248542873708112,9.879126810130055,Break
2023-08-12,Bhubaneswar,Odisha,20.2961,85.8245,36.815387687896376,96.35615625143464,17.351370785248875,983.3495288595752,23.4091528770445,6.944883121536194,Break
2023-08-12,Raipur,Chhattisgarh,21.2514,81.6296,30.40592351797391,87.79597152158888,5.866515663577653,986.0054844927464,97.96392325681694,1.2319789350450898,Active
2023-08-13,Mumbai,Maharashtra,19.076,72.8777,36.54098658352186,59.32180394618678,28.82355469684427,1003.0364464124527,40.021706565833426,2.866919514299545,Active
2023-08-13,Delhi,Delhi,28.7041,77.1025,35.85700875185458,60.45591273782752,24.203989707751205,1007.0655962978897,8.165425621499852,0.5887081468202834,Break
2023-08-13,Bangalore,Karnataka,12.9716,77.5946,25.13547669055885,98.13840776590015,9.63751007683833,1013.7652677589497,169.53952257686967,6.8823272481723805,Depression
2023-08-13,Chennai,Tamil Nadu,13.0827,80.2707,35.889235315816755,53.411505562031756,5.738108745366482,1013.3509204279374,156.9232638407719,0.4146832693748612,Depression
2023-08-13,Kolkata,West Bengal,22.5726,88.3639,29.522633828380258,78.20569822388637,6.020678706062489,995.778360562048,5.3268124369366285,2.3071990595114364,Break
2023-08-13,Hyderabad,Telangana,17.385,78.4867,24.369943321037542,58.95553969532777,29.220298771741913,1011.0565933368487,147.7489561546218,17.071920197996295,Depression
2023-08-13,Pune,Maharashtra,18.5204,73.8567,26.148608919259573,73.1804363142939,11.983729602454787,1014.7200532416682,112.64782031009906,0.5654526205084028,Active
2023-08-13,Ahmedabad,Gujarat,23.0225,72.5714,33.82267660688324,73.99153288091257,23.093597432454754,993.0089092770772,18.090532224961574,36.06457708363912,Break
2023-08-13,Jaipur,Rajasthan,26.9124,75.7873,23.824668708031727,63.57591528345935,11.197336646536886,1002.438351627199,21.15553090749444,4.86504458914969,Break
2023-08-13,Lucknow,Uttar Pradesh,26.8467,80.9462,26.570009786448026,68.2032825462776,8.226603961051733,984.5479707300663,2.070317453796635,0.9103458007580353,Break
2023-08-13,Bhopal,Madhya Pradesh,23.2599,77.4126,36.423754684229834,58.93889520750963,28.811190153022153,980.0529690228008,20.065671522136945,0.7308605693326388,Break
2023-08-13,Guwahati,Assam,26.1445,91.7362,24.77829469759444,75.53210542084938,23.328673353664204,998.7901707842483,55.33394818439426,38.81878819240988,Active
2023-08-13,Thiruvananthapuram,Kerala,8.5241,76.9366,36.33120965632741,82.17911656957503,17.419362658764598,1003.2591729350812,56.24932218155605,3.513543187150133,Active
2023-08-13,Bhubaneswar,Odisha,20.2961,85.8245,27.597254455187496,90.30560201023769,2.8956274023330315,980.1948576053325,58.638416080997104,1.2706506078792352,Depression
2023-08-13,Raipur,Chhattisgarh,21.2514,81.6296,28.07403535819828,67.04081588745258,29.02400628401748,983.8874004856924,13.828788053716046,15.2097230174328,Break
2023-08-14,Mumbai,Maharashtra,19.076,72.8777,35.01092901914166,88.36819528153248,15.37693244707815,984.1356959961741,187.5003505599277,16.706106800528307,Depression
2023-08-14,Delhi,Delhi,28.7041,77.1025,29.285808967548952,75.19216321829752,10.332624394100488,994.6867819445072,60.24763986336679,7.206059350210329,Active
2023-08-14,Bangalore,Karnataka,12.9716,77.5946,20.395451780127846,76.8782486830413,3.3148581996274693,980.0871944680933,38.34018133997532,4.069050201752017,Active
2023-08-14,Chennai,Tamil Nadu,13.0827,80.2707,23.657786677217306,60.0284853922374,26.57036208092124,1004.851556464787,126.31513854836669,17.958476596830568,Depression
2023-08-14,Kolkata,West Bengal,22.5726,88.3639,22.384560812737597,89.44470877135879,20.014902128761058,995.6150936283036,86.84352758239959,7.633093062623618,Depression
2023-08-14,Hyderabad,Telangana,17.385,78.4867,22.2906408095712,52.212881392711154,20.8333101148239,994.6157238912474,75.01388126374509,0.3570639429530753,Active
2023-08-14,Pune,Maharashtra,18.5204,73.8567,22.060292671161676,56.902639885186545,12.556871631471342,1009.4846013459004,4.041186443726495,28.676818853391282,Break
2023-08-14,Ahmedabad,Gujarat,23.0225,72.5714,35.56566272822173,67.45061512436297,23.68196605950662,990.2729300234067,196.02220217735675,0.8431626429529044,Depression
2023-08-14,Jaipur,Rajasthan,26.9124,75.7873,22.813317483162663,51.83406227660632,9.34509626710977,989.4624918130802,6.848456545104483,4.051104887658968,Break
2023-08-14,Lucknow,Uttar Pradesh,26.8467,80.9462,26.65295033461333,86.31159857119582,6.199879033607859,1009.7864506029796,5.538788275918563,53.67261254407945,Break
2023-08-14,Bhopal,Madhya Pradesh,23.2599,77.4126,23.82185434962348,80.14226227323768,4.904283066129128,999.4504005245758,107.915753341901,11.469527616406747,Active
2023-08-14,Guwahati,Assam,26.1445,91.7362,27.697099175611612,92.73865211175317,3.6013034228693015,987.5283242440568,55.1683717159421,6.2237139310400025,Active
2023-08-14,Thiruvananthapuram,Kerala,8.5241,76.9366,37.18994041396989,98.73565924061023,4.468812884586775,990.3811307859173,5.422921581170609,7.889532812968011,Break
2023-08-14,Bhubaneswar,Odisha,20.2961,85.8245,29.777117469070532,81.80572348508673,18.426106763336435,980.507398131246,3.2190224466128603,2.8023208316741552,Break
2023-08-14,Raipur,Chhattisgarh,21.2514,81.6296,35.897508688372845,92.5937009558531,6.545204359689015,984.6603369408721,21.94913540057391,0.9814399403442828,Break
2023-08-15,Mumbai,Maharashtra,19.076,72.8777,21.849466158373662,86.6496969185325,21.287391689414147,990.9545258728995,86.37141158553447,12.472480775190146,Depression
2023-08-15,Delhi,Delhi,28.7041,77.1025,20.725400593345086,70.43730781309175,5.3940533336517404,995.1645605548842,97.14709075308487,1.2669534180905735,Active
2023-08-15,Bangalore,Karnataka,12.9716,77.5946,34.690895794533645,89.03312449675055,5.183523933762562,995.051344844718,84.54501350771041,25.280888413303252,Depression
2023-08-15,Chennai,Tamil Nadu,13.0827,80.2707,24.24828969745682,78.99854414432599,24.490904456800052,993.793603269221,61.208074946961204,4.596731402427691,Active
2023-08-15,Kolkata,West Bengal,22.5726,88.3639,35.73856168089388,84.59630789976973,9.534835907570962,1003.1885445110908,53.84047546437409,30.723104686428687,Active
2023-08-15,Hyderabad,Telangana,17.385,78.4867,32.74907941740675,61.16555883392251,6.3090738958786865,990.6452906548775,113.34997807965783,19.427505058108423,Active
2023-08-15,Pune,Maharashtra,18.5204,73.8567,27.254721338656864,53.26681823923415,12.513512755387545,991.9785186402058,20.737385737834362,8.011821740552673,Break
2023-08-15,Ahmedabad,Gujarat,23.0225,72.5714,34.65453971127103,92.44129753532408,19.169085301257432,1013.1164337882167,162.539105666438,13.185091862671614,Depression
2023-08-15,Jaipur,Rajasthan,26.9124,75.7873,36.60042446537038,86.41188820686651,26.50269463044617,1010.8716337433154,86.68705351765732,28.86251875564175,Active
2023-08-15,Lucknow,Uttar Pradesh,26.8467,80.9462,33.256719840232066,57.970037403167645,7.7315821646730765,1009.3310557952765,16.707197071520138,11.998114651070939,Break
2023-08-15,Bhopal,Madhya Pradesh,23.2599,77.4126,21.024367777665603,81.89329345337647,28.84759707261871,1000.5493368298092,199.48630761884849,31.311351106114525,Depression
2023-08-15,Guwahati,Assam,26.1445,91.7362,36.040167990426234,59.40793261210959,29.73951465612952,1010.6006478148976,86.381372744967,8.798492362080188,Depression
2023-08-15,Thiruvananthapuram,Kerala,8.5241,76.9366,21.090017156653722,50.91019260082082,20.479528777267316,985.7029175442349,48.704614895165435,22.879724866035104,Active
2023-08-15,Bhubaneswar,Odisha,20.2961,85.8245,37.65048480430002,58.35431496867072,18.380363475586172,989.7613285353987,88.3880102708003,7.210567917579674,Active
2023-08-15,Raipur,Chhattisgarh,21.2514,81.6296,29.04241377332638,60.27859985825691,10.888592762406635,991.7573475019357,46.823233753834515,31.605509240518302,Active
2023-08-16,Mumbai,Maharashtra,19.076,72.8777,26.289408667209692,83.68322666996286,15.92704870132204,984.504805304866,45.46192187018774,9.98087726157857,Active
2023-08-16,Delhi,Delhi,28.7041,77.1025,36.920348198455244,50.184235379382855,19.72405003099277,997.6500236338675,3.1220952180039707,20.763603863538968,Break
2023-08-16,Bangalore,Karnataka,12.9716,77.5946,28.55228299481274,62.30404924971037,9.314333577064328,989.8044255079132,32.41527503869258,9.151813721368702,Active
2023-08-16,Chennai,Tamil Nadu,13.0827,80.2707,25.920456216444705,90.05080108880094,28.95625891375233,999.0756646679858,7.6068163361108345,4.623875455517727,Break
2023-08-16,Kolkata,West Bengal,22.5726,88.3639,20.193952116147965,51.16793223942068,15.668035784880761,982.5034959926985,97.3372120110838,26.849435706472782,Active
2023-08-16,Hyderabad,Telangana,17.385,78.4867,26.234982600026,96.64237417523503,2.8568706737127982,996.4612703910906,111.32339087511053,13.93300618206478,Depression
2023-08-16,Pune,Maharashtra,18.5204,73.8567,34.64349536682174,85.11840157579798,6.94750694850125,983.0893343610685,93.74552909649724,25.67820597542965,Active
2023-08-16,Ahmedabad,Gujarat,23.0225,72.5714,34.70455217130517,87.3983776387995,4.535937145545296,1014.0465592991676,16.70137732989093,7.916248131358774,Break
2023-08-16,Jaipur,Rajasthan,26.9124,75.7873,34.218757488828224,99.021240033515,15.791323297257716,1014.1908127342257,51.29993749193095,4.26162871292478,Active
2023-08-16,Lucknow,Uttar Pradesh,26.8467,80.9462,23.664675064407078,64.70060654867353,20.819063515825665,983.3080006189183,51.10654775896862,3.9074937921266524,Depression
2023-08-16,Bhopal,Madhya Pradesh,23.2599,77.4126,21.49940537488883,95.68628728105384,20.055551348729633,997.4206664998558,123.27691383834194,1.265589161240298,Depression
2023-08-16,Guwahati,Assam,26.1445,91.7362,32.07273720726085,96.38331589973538,9.16632702113595,1002.8190477181312,70.0644545142296,8.208941585446192,Depression
2023-08-16,Thiruvananthapuram,Kerala,8.5241,76.9366,29.930243830460075,91.75511057857648,16.267595295570835,1014.2035899588458,15.017193844010407,40.21468811413948,Break
2023-08-16,Bhubaneswar,Odisha,20.2961,85.8245,33.851488655525465,67.94606596036651,12.868787617388847,987.5191868583244,158.86384738563316,6.432454921795053,Depression
2023-08-16,Raipur,Chhattisgarh,21.2514,81.6296,26.611580747355568,66.61045212705227,8.515411176989788,1008.3713384883729,71.2037248195983,2.068779953701664,Depression
2023-08-17,Mumbai,Maharashtra,19.076,72.8777,30.052104075794183,92.14496892227717,20.720633656122004,1013.81195622627,60.30673175574895,3.4412171076854814,Depression
2023-08-17,Delhi,Delhi,28.7041,77.1025,32.37903734065055,70.28690221127886,14.98288872893583,1003.2323775012923,60.18163490062379,13.210475057325288,Depression
2023-08-17,Bangalore,Karnataka,12.9716,77.5946,22.56233344976834,72.80252092077487,24.096118778299736,996.8452521697968,15.058172290477952,13.214836895205643,Break
2023-08-17,Chennai,Tamil Nadu,13.0827,80.2707,31.622584503145386,55.84076244498264,15.242229551742366,988.600494331526,6.9585021823127535,8.715243363839248,Break
2023-08-17,Kolkata,West Bengal,22.5726,88.3639,31.332996389388942,97.01587715983823,4.4937396117479524,1007.3545115669926,197.0310752187049,4.962994023111936,Depression
2023-08-17,Hyderabad,Telangana,17.385,78.4867,35.40840709383818,63.77351576398952,18.362630783950614,1011.5864539330989,49.094083781960336,15.843503828268283,Active
2023-08-17,Pune,Maharashtra,18.5204,73.8567,36.72152878049517,60.49108932729017,11.09938989979446,1012.2269809689141,90.01705251136059,8.074945126532235,Depression
2023-08-17,Ahmedabad,Gujarat,23.0225,72.5714,36.10802198521123,76.56716810375372,3.428522652320119,1004.6528259205323,116.72934848356607,58.955341931534505,Active
2023-08-17,Jaipur,Rajasthan,26.9124,75.7873,28.16840159129756,53.18276104755576,29.577691589574986,1004.1224520169553,50.38657992587462,21.412261136992704,Active
2023-08-17,Lucknow,Uttar Pradesh,26.8467,80.9462,37.36248590685399,65.60538136904088,2.6858533571514354,995.4035990698908,71.91941536603082,3.2383137379218523,Active
2023-08-17,Bhopal,Madhya Pradesh,23.2599,77.4126,21.559682920092175,52.01133212138321,28.85292843843728,982.5190787846,103.23170332775781,58.56791916337518,Active
2023-08-17,Guwahati,Assam,26.1445,91.7362,22.23517018989254,80.61323461594046,21.901527489481403,992.6359682921676,12.361760598524494,28.230266555464087,Break
2023-08-17,Thiruvananthapuram,Kerala,8.5241,76.9366,36.88239242350568,77.92997603495292,15.291866104332344,1014.6450833787325,61.434834868548926,28.410453145408837,Depression
2023-08-17,Bhubaneswar,Odisha,20.2961,85.8245,30.555180673224484,93.2551704270696,4.484252151608211,999.3737448970146,100.1077939515958,20.981959555044114,Active
2023-08-17,Raipur,Chhattisgarh,21.2514,81.6296,20.620643850640683,88.09472348492193,6.919027460063969,996.9639855113355,91.73741183771841,1.0038689996031194,Active
2023-08-18,Mumbai,Maharashtra,19.076,72.8777,26.361172124825934,54.45408631823895,3.4604459424112632,1005.6476243795189,51.03620405408591,4.225286533551673,Depression
2023-08-18,Delhi,Delhi,28.7041,77.1025,37.156810508115,81.86698970378988,13.334330484497064,1002.5625797134768,117.96234092101824,2.7886604248429783,Active
2023-08-18,Bangalore,Karnataka,12.9716,77.5946,29.17594228095255,87.1292848478171,4.1651719412955,1009.5074443675601,87.05944793516072,37.065073282915904,Active
2023-08-18,Chennai,Tamil Nadu,13.0827,80.2707,24.598789348835854,54.22158499371,10.887762439400067,993.7760197494615,43.02588306266144,16.62758243126867,Active
2023-08-18,Kolkata,West Bengal,22.5726,88.3639,27.218999173035662,82.96784297219565,2.6947831797283754,986.5555935911042,21.523973720288126,18.698303292891975,Break
2023-08-18,Hyderabad,Telangana,17.385,78.4867,20.199086949265048,78.70040815526171,12.452755763049254,994.1241828866553,72.30606197385757,16.42010960933875,Active
2023-08-18,Pune,Maharashtra,18.5204,73.8567,21.462312767421878,95.65448776710326,23.523901940208194,1001.3915486496453,95.22014793659781,38.96593547353449,Depression
2023-08-18,Ahmedabad,Gujarat,23.0225,72.5714,32.44841881065433,67.1840456229445,12.822256795269631,991.1610815959228,13.192221538556115,52.76381761284249,Break
2023-08-18,Jaipur,Rajasthan,26.9124,75.7873,22.146607367724897,59.55757770400372,15.6400199501851,1008.3859557965776,9.00254241874966,8.234978875426266,Break
2023-08-18,Lucknow,Uttar Pradesh,26.8467,80.9462,28.56094541716228,82.644716563601,16.332113935910506,987.9376571539402,124.1643187425501,6.663679272364086,Depression
2023-08-18,Bhopal,Madhya Pradesh,23.2599,77.4126,24.89424704257066,79.81556739804118,8.08009607004893,1002.5503748328924,16.581197504776053,20.64913956110277,Break
2023-08-18,Guwahati,Assam,26.1445,91.7362,25.24548392254416,94.25681118838895,29.623290326142516,988.9242456939137,68.9875069652784,10.356136330943391,Depression
2023-08-18,Thiruvananthapuram,Kerala,8.5241,76.9366,29.991211529819495,54.63092967955622,26.68426993836168,1008.0610467721331,194.60178098142637,49.44992815397121,Depression
2023-08-18,Bhubaneswar,Odisha,20.2961,85.8245,33.57333628245857,50.437360903875074,24.89529122823131,993.2793259615461,18.82938819616942,3.268750320772238,Break
2023-08-18,Raipur,Chhattisgarh,21.2514,81.6296,36.81536059874681,96.87983286441258,8.333391586292725,998.5389206181785,197.01937673994948,8.255332433137209,Depression
2023-08-19,Mumbai,Maharashtra,19.076,72.8777,36.015801146803646,92.58457973222266,29.931444383345763,991.3432347479044,116.96591267817801,17.514183071291352,Depression
2023-08-19,Delhi,Delhi,28.7041,77.1025,22.003892151798603,93.20852980342893,25.090003453371203,1006.3320442215189,83.51786801248599,4.221920473180644,Active
2023-08-19,Bangalore,Karnataka,12.9716,77.5946,30.691110132714265,96.41366589583461,20.93044099668888,1003.6148484100987,105.144961228669,3.650121750344423,Active
2023-08-19,Chennai,Tamil Nadu,13.0827,80.2707,35.4790899624605,74.47092473380505,11.163083737062008,1013.2978975827713,111.66940198002769,1.6703902094880518,Active
2023-08-19,Kolkata,West Bengal,22.5726,88.3639,29.54736865704713,72.65942728505489,11.081593812376092,1010.0416924328542,8.274050303724021,8.705757450987871,Break
2023-08-19,Hyderabad,Telangana,17.385,78.4867,31.206331199961767,61.1777651895885,28.518145452124216,980.145658234745,176.09272404865368,19.16702475840801,Depression
2023-08-19,Pune,Maharashtra,18.5204,73.8567,26.652509299069187,51.01074769554064,24.70099527254611,1007.3225389207956,53.304406049807596,7.684022502415402,Active
2023-08-19,Ahmedabad,Gujarat,23.0225,72.5714,25.5042995174554,97.8437403697435,13.92875361725405,1011.6807342078747,79.31058919565986,1.7922454041556122,Active
2023-08-19,Jaipur,Rajasthan,26.9124,75.7873,26.788897170411573,56.20815595324078,20.67967916817544,996.0013661552831,4.1129979066614375,10.642756644088793,Break
2023-08-19,Lucknow,Uttar Pradesh,26.8467,80.9462,34.66065614354527,81.77561507455022,6.022143057132581,1004.0210606995738,40.22721351332254,27.815474879927663,Active
2023-08-19,Bhopal,Madhya Pradesh,23.2599,77.4126,24.941684868248668,52.85576412506159,16.819513300961315,987.0839558506715,4.812302536304552,9.52440363771843,Break
2023-08-19,Guwahati,Assam,26.1445,91.7362,28.847930887194217,82.30648135081668,23.26545180857327,980.5441304551648,20.493650958546425,15.599492512413862,Break
2023-08-19,Thiruvananthapuram,Kerala,8.5241,76.9366,32.19120300540368,90.83564524339857,17.032174056127417,1014.8892746529348,18.97396527293957,12.004165828191677,Break
2023-08-19,Bhubaneswar,Odisha,20.2961,85.8245,32.60299963503215,91.38442763734847,10.4323510493385,985.7347812279031,0.7219187964685647,9.372948120747667,Break
2023-08-19,Raipur,Chhattisgarh,21.2514,81.6296,23.347131812051593,55.04734609074639,28.86491136654305,990.8806799929293,167.61816368295524,6.489599405114837,Depression
2023-08-20,Mumbai,Maharashtra,19.076,72.8777,31.443854561689562,53.70198384967441,7.364926624846424,998.0307380985083,193.54669714016214,7.4232144960378275,Depression
2023-08-20,Delhi,Delhi,28.7041,77.1025,33.37768538308901,74.89404086486685,9.624686933067991,987.6706710711044,21.587524614137646,41.811934077805816,Break
2023-08-20,Bangalore,Karnataka,12.9716,77.5946,29.923611591333675,86.6987698281188,12.808553072997636,1003.0906298389576,8.774461576709808,62.12985210409952,Break
2023-08-20,Chennai,Tamil Nadu,13.0827,80.2707,32.45664350773011,85.37331917566128,24.276046768470366,1013.3664807309203,60.3957326637401,11.589603669058334,Depression
2023-08-20,Kolkata,West Bengal,22.5726,88.3639,31.078695898172143,69.44589925345144,29.25827334847863,994.3514567233136,11.192417343187994,4.086344168795873,Break
2023-08-20,Hyderabad,Telangana,17.385,78.4867,35.490127549505644,77.66147944793012,17.273096286103197,1008.0324778827921,105.88080736146483,20.52983964430044,Active
2023-08-20,Pune,Maharashtra,18.5204,73.8567,33.42026790276931,67.29395573268354,13.70956482365064,989.9045539332957,99.81038240560096,14.516112851531226,Active
2023-08-20,Ahmedabad,Gujarat,23.0225,72.5714,25.775949767933298,57.650388021668476,25.530070408454616,1014.0860394176159,0.9214174525506058,16.120990191952423,Break
2023-08-20,Jaipur,Rajasthan,26.9124,75.7873,25.156460386530128,99.1897079661133,20.548214853531352,996.9012940441484,25.978138029946546,15.90231075237352,Break
2023-08-20,Lucknow,Uttar Pradesh,26.8467,80.9462,26.33727050265272,72.50896680196054,20.928208895186955,996.8094686879559,91.6709869593611,13.639748462567741,Depression
2023-08-20,Bhopal,Madhya Pradesh,23.2599,77.4126,33.44159500142624,85.13512721617337,6.28356848547127,986.8439573027993,72.55507838395839,59.41692371436951,Depression
2023-08-20,Guwahati,Assam,26.1445,91.7362,34.69368571441539,98.1418589431226,25.266619036762364,1003.8197986473451,89.03394862544988,3.664634758809965,Depression
2023-08-20,Thiruvananthapuram,Kerala,8.5241,76.9366,28.192617738474084,86.77611269996373,27.01770853115135,994.8282477353655,105.06005797086007,3.5461991690983465,Active
2023-08-20,Bhubaneswar,Odisha,20.2961,85.8245,24.816805707387463,50.615384361119084,26.260733987259933,994.0181895354021,80.55901486428095,31.027387326415635,Depression
2023-08-20,Raipur,Chhattisgarh,21.2514,81.6296,36.248159817633024,72.53002220501321,20.88240174652061,1011.4997994707422,25.152019674877117,6.605984856858591,Break
2023-08-21,Mumbai,Maharashtra,19.076,72.8777,26.764730961133242,75.91085378307919,19.591847106936903,1005.7769560563174,161.38688866470096,32.16804964130083,Depression
2023-08-21,Delhi,Delhi,28.7041,77.1025,26.844835113353213,67.75495113978045,7.23265822816756,1013.4970431189269,19.711628979217075,6.175116640961146,Break
2023-08-21,Bangalore,Karnataka,12.9716,77.5946,31.805275961055123,85.97769723977426,13.091452133813224,1009.1060877354812,14.368810452649964,0.6396158903178683,Break
2023-08-21,Chennai,Tamil Nadu,13.0827,80.2707,23.528477905818175,68.24944676581865,10.205175376289647,988.8948510033928,9.003147240038352,32.79513573308141,Break
2023-08-21,Kolkata,West Bengal,22.5726,88.3639,21.47839449565495,84.35073737982106,16.469155829727026,1006.7750662672331,114.96448172937679,19.62947444712827,Depression
2023-08-21,Hyderabad,Telangana,17.385,78.4867,36.072463707077844,72.5056089774533,14.229237553110714,996.7985207852307,120.38360224182603,3.1038916261680844,Depression
2023-08-21,Pune,Maharashtra,18.5204,73.8567,28.1231276002436,65.25286319713695,17.019651908268855,989.5309585835591,89.03602014486782,15.125364035068722,Active
2023-08-21,Ahmedabad,Gujarat,23.0225,72.5714,32.67662064404622,65.2587245134482,27.533288057474195,995.4626261371267,89.20597660091454,20.7240279061821,Active
2023-08-21,Jaipur,Rajasthan,26.9124,75.7873,32.27392821424762,55.26160313274985,12.51925248546074,981.7991158871237,26.147771717929917,11.420848005172783,Break
2023-08-21,Lucknow,Uttar Pradesh,26.8467,80.9462,26.88492705713295,68.54952536791448,26.880619826509925,997.2946516916376,22.622916877281707,28.250083756401672,Break
2023-08-21,Bhopal,Madhya Pradesh,23.2599,77.4126,30.382131982601134,99.2339378962649,20.75196287586903,993.9364816927441,104.62390638953893,7.207051258152513,Active
2023-08-21,Guwahati,Assam,26.1445,91.7362,34.909807249230525,56.67527099110616,19.15455548972617,1012.9021847882768,117.05181735124513,3.4660226105043956,Depression
2023-08-21,Thiruvananthapuram,Kerala,8.5241,76.9366,23.083056165609225,56.37596777001771,22.117503783441048,1003.7615915828147,37.82920067247192,7.874187008842355,Active
2023-08-21,Bhubaneswar,Odisha,20.2961,85.8245,21.288143526143724,98.463149432329,13.92333283846558,1003.2248755356742,65.27794325669996,4.833495971085075,Depression
2023-08-21,Raipur,Chhattisgarh,21.2514,81.6296,33.02592790437384,92.21305457885616,23.574481684608816,1001.388049544978,62.006868900014254,0.21965984460851737,Depression
2023-08-22,Mumbai,Maharashtra,19.076,72.8777,21.82037709973891,82.87893767427266,6.519000720613806,1011.8476522233076,52.941154794478194,36.85761031162615,Active
2023-08-22,Delhi,Delhi,28.7041,77.1025,36.90823145839615,63.93592361860115,10.438520062911003,1005.3478191863827,54.204446614801064,3.7439314380522113,Active
2023-08-22,Bangalore,Karnataka,12.9716,77.5946,36.11789347326368,68.98673256506248,3.6581320853169763,992.719425452489,10.682465317982588,10.136306319824767,Break
2023-08-22,Chennai,Tamil Nadu,13.0827,80.2707,31.748306646174832,78.12695126408869,24.270365008337855,1001.4431830608016,41.470410530316265,2.6603626856671783,Active
2023-08-22,Kolkata,West Bengal,22.5726,88.3639,24.93660649714773,68.44648978000735,16.41966106242702,1000.0325071377472,28.470982804509312,5.370369977036226,Break
2023-08-22,Hyderabad,Telangana,17.385,78.4867,36.262583108419925,89.9762285344576,8.120724980310548,982.6209053888857,84.31940401075394,5.815392861746182,Active
2023-08-22,Pune,Maharashtra,18.5204,73.8567,22.386955291714553,93.26066348629999,21.102494119696424,992.0315446947553,25.237891076386326,0.00660888363051256,Break
2023-08-22,Ahmedabad,Gujarat,23.0225,72.5714,35.023346014952196,65.52647829884357,25.75195570068835,987.3172651683859,142.81542526041332,30.592799181961844,Depression
2023-08-22,Jaipur,Rajasthan,26.9124,75.7873,34.73122946358522,70.45532473074528,4.244782458005101,998.2697465820247,159.70940983259467,2.5308144957434924,Depression
2023-08-22,Lucknow,Uttar Pradesh,26.8467,80.9462,24.327084034118016,65.28493728801742,17.207190280480464,993.7073519718845,25.9827937297991,14.049204189295956,Break
2023-08-22,Bhopal,Madhya Pradesh,23.2599,77.4126,26.45577138693873,81.95438595000499,2.369062748529929,1007.7433550860097,117.7574765793151,2.9974935411242734,Active
2023-08-22,Guwahati,Assam,26.1445,91.7362,37.71028699610564,55.66938979498458,2.637784131643058,997.5454466716039,112.72903010607627,6.80453222747368,Depression
2023-08-22,Thiruvananthapuram,Kerala,8.5241,76.9366,37.1629326081954,63.87317574828361,18.800497778180954,981.9632414193338,3.5568013473910254,29.63503771593788,Break
2023-08-22,Bhubaneswar,Odisha,20.2961,85.8245,25.611411228649075,95.38827110744106,9.863402416199586,1014.9584240343482,68.05772720641878,23.582347930633482,Depression
2023-08-22,Raipur,Chhattisgarh,21.2514,81.6296,26.979791103746763,56.22436875418866,14.01622747196567,1007.9574579053202,4.9124295106089075,6.921588741780538,Break
2023-08-23,Mumbai,Maharashtra,19.076,72.8777,31.967463098947032,51.3364483887054,27.20973966648576,1010.3880646003765,63.77408402740954,39.87494976420175,Depression
2023-08-23,Delhi,Delhi,28.7041,77.1025,33.850305556586925,73.13608427721009,2.2288989575171994,984.1162984086616,21.858911054828425,4.459004823385297,Break
2023-08-23,Bangalore,Karnataka,12.9716,77.5946,29.283450490854136,58.19096687597454,10.835588578341397,990.4585323747392,147.1858237172403,12.13245984108366,Depression
2023-08-23,Chennai,Tamil Nadu,13.0827,80.2707,24.541536887642454,92.53998536498715,26.62147327103979,980.1466588152857,79.12175220598742,1.6936043430394094,Active
2023-08-23,Kolkata,West Bengal,22.5726,88.3639,27.58686966607636,62.100224811908674,18.635700267949222,988.8141981767042,134.66044157935127,16.940687779432018,Depression
2023-08-23,Hyderabad,Telangana,17.385,78.4867,29.607961022928727,94.12817298419685,22.73894601767164,994.6945765423419,196.07179697751184,12.698089814354473,Depression
2023-08-23,Pune,Maharashtra,18.5204,73.8567,22.17844075945018,93.46954477739777,4.468906183490887,995.7130967231855,23.191314129977044,12.18188175994296,Break
2023-08-23,Ahmedabad,Gujarat,23.0225,72.5714,24.728323189727462,76.90950981140641,8.503176309573885,999.2496146250957,54.31847125403927,25.2229768219465,Active
2023-08-23,Jaipur,Rajasthan,26.9124,75.7873,26.820977060275943,57.698313946251105,2.5555966475023224,991.1850450414312,185.1591917809817,12.053219687070374,Depression
2023-08-23,Lucknow,Uttar Pradesh,26.8467,80.9462,27.74718610395184,95.50017641548172,15.281138236165216,1009.1089709469629,17.34278255014379,1.938147144349988,Break
2023-08-23,Bhopal,Madhya Pradesh,23.2599,77.4126,21.716740187839882,57.66765352041814,23.73145395333262,981.8732807248143,196.4505536939324,0.021319449362127287,Depression
2023-08-23,Guwahati,Assam,26.1445,91.7362,29.726449811990868,51.98549218888346,11.909636024215107,981.3524950672111,16.674881022676015,6.528720969427386,Break
2023-08-23,Thiruvananthapuram,Kerala,8.5241,76.9366,36.570234630093005,66.81800263483645,2.403658276963479,1003.1619884023424,33.35449569700566,20.305232633063042,Active
2023-08-23,Bhubaneswar,Odisha,20.2961,85.8245,29.748082418177205,51.50327867576838,8.776556057196181,1006.8166152459719,28.92377954175295,16.35717019598956,Break
2023-08-23,Raipur,Chhattisgarh,21.2514,81.6296,25.833165179261457,81.68949847287075,10.963552381227347,980.8366883437444,51.478634555602085,16.29889207123354,Depression
2023-08-24,Mumbai,Maharashtra,19.076,72.8777,22.74977219759068,59.52446284421914,7.520283126812529,1005.1792722695104,10.198051770295804,16.63411453792355,Break
2023-08-24,Delhi,Delhi,28.7041,77.1025,29.973766879181188,70.22295554454307,27.77680848235815,1002.5815522112331,113.02081026202981,103.96043282705303,Active
2023-08-24,Bangalore,Karnataka,12.9716,77.5946,24.720484414276402,50.37170879735121,6.62440579306011,1013.4236246247815,25.582986118545005,33.81127868987028,Break
2023-08-24,Chennai,Tamil Nadu,13.0827,80.2707,23.144876037261024,85.20597093130672,10.117856673543955,998.4719371665485,27.250045886254945,3.8817280717874554,Break
2023-08-24,Kolkata,West Bengal,22.5726,88.3639,30.91449046633138,55.48955098589432,19.117574933051372,993.7149308988022,90.22012276814863,0.880627414071155,Depression
2023-08-24,Hyderabad,Telangana,17.385,78.4867,22.746954994038987,82.51158286135276,26.977254915620186,995.3959382781705,63.95384585934768,38.45465328583918,Depression
2023-08-24,Pune,Maharashtra,18.5204,73.8567,21.232435489505804,53.99140329471333,23.775318705416293,1012.5970964888604,55.011076017130705,4.947726472045011,Active
2023-08-24,Ahmedabad,Gujarat,23.0225,72.5714,33.48400839943555,58.44630915183045,26.148367392370325,1007.6923272722192,6.922385567253745,12.91466425354043,Break
2023-08-24,Jaipur,Rajasthan,26.9124,75.7873,37.770330104346996,66.75304359891311,20.92959245770472,993.9598259436905,10.909910664940831,21.16410872187822,Break
2023-08-24,Lucknow,Uttar Pradesh,26.8467,80.9462,21.002688201229194,73.74918775992464,26.233743975118387,1007.648740792184,99.71603980799864,46.10542968344505,Depression
2023-08-24,Bhopal,Madhya Pradesh,23.2599,77.4126,35.15174469881346,56.85798012398958,7.5072714242465,1010.226779057544,16.157554827366216,7.5794807616283375,Break
2023-08-24,Guwahati,Assam,26.1445,91.7362,27.26866389500074,59.42507906244033,13.35440607454318,999.5077411709952,115.83246758154978,34.82747336348929,Active
2023-08-24,Thiruvananthapuram,Kerala,8.5241,76.9366,30.068636536173905,74.19708138808527,9.197296258312875,1003.393782195486,2.2115224018506274,12.624083973414766,Break
2023-08-24,Bhubaneswar,Odisha,20.2961,85.8245,30.65542669846375,73.70322376832394,3.8139852033355353,987.0794362160494,117.60522604791134,3.7379066093980837,Active
2023-08-24,Raipur,Chhattisgarh,21.2514,81.6296,34.88664827794437,90.40649258921121,12.84507016229978,1012.9241054183917,15.646175686625327,13.30282463498021,Break
2023-08-25,Mumbai,Maharashtra,19.076,72.8777,30.386582993616308,92.75385771623657,16.5353203971112,994.3510668359967,59.4301532359412,28.218438452688105,Depression
2023-08-25,Delhi,Delhi,28.7041,77.1025,36.96469853643235,61.788751678061345,22.616978058846392,985.3272578411924,84.02744947994523,35.205907017024586,Depression
2023-08-25,Bangalore,Karnataka,12.9716,77.5946,24.6049477372497,72.48892956767256,12.988950217423248,995.3341142503521,24.568224719950084,21.12094205681394,Break
2023-08-25,Chennai,Tamil Nadu,13.0827,80.2707,21.812628210104226,83.7188741103083,10.013074013567664,1005.5383167732264,4.809848368110159,15.525391205350703,Break
2023-08-25,Kolkata,West Bengal,22.5726,88.3639,37.33787297749521,67.18407129839409,17.168563706454258,1013.1967086076195,24.830856161183796,6.035903978575839,Break
2023-08-25,Hyderabad,Telangana,17.385,78.4867,32.534856375318455,61.56417253271807,11.806014735005354,1003.9042577744052,186.00849340913354,5.25186897791548,Depression
2023-08-25,Pune,Maharashtra,18.5204,73.8567,24.777166894012588,69.81742295767312,15.977392741221143,990.9963804257554,75.92722746325302,9.007221581930683,Active
2023-08-25,Ahmedabad,Gujarat,23.0225,72.5714,36.713246465188405,62.85618519478993,19.490624098229112,1001.7926622498371,15.508442728336442,13.214315147031538,Break
2023-08-25,Jaipur,Rajasthan,26.9124,75.7873,21.316988310239054,89.43027937610856,6.175121783667695,1003.7239886851389,101.78349077473246,8.46618211738285,Active
2023-08-25,Lucknow,Uttar Pradesh,26.8467,80.9462,28.907986563744625,86.18310726488147,9.615794339922836,1005.9779012769507,140.5208703686371,4.291385769841938,Depression
2023-08-25,Bhopal,Madhya Pradesh,23.2599,77.4126,35.124108673039586,73.94033608745119,21.844034550440288,1013.5049603186503,43.532133478151074,12.73769046474323,Active
2023-08-25,Guwahati,Assam,26.1445,91.7362,20.236646180831823,58.63313208914799,14.938076940374545,981.2744286877632,107.20290723697568,30.896491570993025,Depression
2023-08-25,Thiruvananthapuram,Kerala,8.5241,76.9366,23.229141698000902,50.60230168042729,10.356863479169412,1004.8007821635457,16.527167218652295,4.32166426327139,Break
2023-08-25,Bhubaneswar,Odisha,20.2961,85.8245,24.62461355613772,97.70112369114321,18.853029488326143,997.174422213295,106.68308328788417,25.148040459187822,Active
2023-08-25,Raipur,Chhattisgarh,21.2514,81.6296,37.41419597649201,77.07867221243107,3.0217841309581495,1002.7038788471729,22.69182157558686,7.110769860659874,Break
2023-08-26,Mumbai,Maharashtra,19.076,72.8777,33.80382149794181,51.39103370650214,5.275024084571712,985.6399393462798,28.804204023644647,23.72459408729616,Break
2023-08-26,Delhi,Delhi,28.7041,77.1025,33.15428305228056,58.31039305997001,8.416927999180942,1002.4977842363108,109.20416786714554,13.445858223822759,Active
2023-08-26,Bangalore,Karnataka,12.9716,77.5946,26.666768434480687,62.93259080352654,9.31543119409318,988.6746575545562,1.125733030591649,24.528126421387547,Break
2023-08-26,Chennai,Tamil Nadu,13.0827,80.2707,20.317933014522453,83.22835953876243,3.269420449341596,994.6033524429425,113.0659535572418,17.983557272785934,Depression
2023-08-26,Kolkata,West Bengal,22.5726,88.3639,30.484425754987658,66.42505693611679,16.24119315131623,980.5485242957149,62.487828424586766,1.695250649425199,Active
2023-08-26,Hyderabad,Telangana,17.385,78.4867,23.03243852374506,87.89184650753577,7.147330941083833,1014.4226712673476,11.179992735542319,40.75290288079923,Break
2023-08-26,Pune,Maharashtra,18.5204,73.8567,27.187401044697204,53.94986457609599,12.115775442184649,1003.3862524186318,35.89474723177506,32.94853893620786,Active
2023-08-26,Ahmedabad,Gujarat,23.0225,72.5714,34.246656628864514,92.77443504480203,13.446654886876747,1013.1408983196625,11.923793327046106,20.069626920084726,Break
2023-08-26,Jaipur,Rajasthan,26.9124,75.7873,36.01276913860947,54.29017850450171,23.40844683803537,1011.533730691992,36.13139496315431,9.051888378511729,Active
2023-08-26,Lucknow,Uttar Pradesh,26.8467,80.9462,35.76004066687515,55.47006528758037,20.08141768254618,988.6186512571578,11.553523657696655,21.61366964232387,Break
2023-08-26,Bhopal,Madhya Pradesh,23.2599,77.4126,21.231106918410585,84.96782442457256,6.797433763290669,1001.1902545923185,22.691742017449478,12.464822742146012,Break
2023-08-26,Guwahati,Assam,26.1445,91.7362,36.737779158757625,57.467023874128365,17.24084358077474,982.4446076111874,199.0458647143594,6.304019732835374,Depression
2023-08-26,Thiruvananthapuram,Kerala,8.5241,76.9366,20.016972657775657,87.73945793088828,5.13877312764626,1003.8730275274709,9.047451340258018,1.5650544339120278,Break
2023-08-26,Bhubaneswar,Odisha,20.2961,85.8245,20.129861616914322,85.4750665869407,21.33851758354112,1011.6025631474233,24.167781508879237,24.232726935491996,Break
2023-08-26,Raipur,Chhattisgarh,21.2514,81.6296,29.6488087844485,88.32056238659294,3.2960780267757035,993.0324554962957,43.85778053545044,0.872730180205817,Active
2023-08-27,Mumbai,Maharashtra,19.076,72.8777,33.38281469253773,82.15962664468891,20.33772174936869,1003.4341099844229,103.96499520249829,8.89947101416604,Active
2023-08-27,Delhi,Delhi,28.7041,77.1025,27.496680892712607,77.01206725863062,2.5365124604484155,988.5033794297419,6.73078537534468,4.848789779681086,Break
2023-08-27,Bangalore,Karnataka,12.9716,77.5946,32.1055073563864,85.1633432546133,21.259081954342,1013.2791350499664,146.44229648542333,9.371701620296646,Depression
2023-08-27,Chennai,Tamil Nadu,13.0827,80.2707,24.06500095757236,85.8998994311361,18.794878692142134,997.6116181416203,23.09147772480873,10.794124985252312,Break
2023-08-27,Kolkata,West Bengal,22.5726,88.3639,33.22043018080196,92.458506848989,22.004614151888966,992.624991052341,6.583669231872004,13.31398701655933,Break
2023-08-27,Hyderabad,Telangana,17.385,78.4867,30.662743534130314,83.0069549210794,26.945248182649657,989.5079349563784,9.354515016708167,3.1601181121296134,Break
2023-08-27,Pune,Maharashtra,18.5204,73.8567,25.116936157593972,94.58160043450403,3.9146561980010386,982.762909970105,175.31134336166744,39.01754548486217,Depression
2023-08-27,Ahmedabad,Gujarat,23.0225,72.5714,35.995890878747744,63.528452301649715,20.288645066212638,992.6274101507978,70.87091886723118,25.924366907861085,Active
2023-08-27,Jaipur,Rajasthan,26.9124,75.7873,34.21316967161442,82.1200495458504,18.469398908788076,1006.175919303159,94.02929984880096,18.589516766015002,Active
2023-08-27,Lucknow,Uttar Pradesh,26.8467,80.9462,24.768476521078977,59.90331131267432,2.654597036981342,982.7580906540475,69.80731169329931,43.50470999209897,Active
2023-08-27,Bhopal,Madhya Pradesh,23.2599,77.4126,22.95879917345874,83.17659573628148,19.815493003060215,1009.7655572876406,136.25322649352327,4.424149031796088,Depression
2023-08-27,Guwahati,Assam,26.1445,91.7362,34.337357918979514,96.72990792818243,29.44976635428207,1008.7853020575058,162.0684890465313,6.197889514654971,Depression
2023-08-27,Thiruvananthapuram,Kerala,8.5241,76.9366,20.83691386851276,79.1443672358699,12.658522855085652,985.4347261615248,61.73500343925641,6.536673736978933,Active
2023-08-27,Bhubaneswar,Odisha,20.2961,85.8245,26.46219499919828,56.786660842909114,18.86112114771696,985.0427583792899,8.937198441956252,7.167911238378843,Break
2023-08-27,Raipur,Chhattisgarh,21.2514,81.6296,29.894601953722336,83.29378920324817,20.635554236848666,982.545353535146,161.29606222398132,13.373481194291658,Depression
2023-08-28,Mumbai,Maharashtra,19.076,72.8777,30.895365886181647,50.70987628437595,27.322374656294734,1012.0614772121826,67.4365477088775,10.630369789052203,Active
2023-08-28,Delhi,Delhi,28.7041,77.1025,25.95763023728744,74.51595018979909,28.191628417389843,1010.7136558183229,174.95699046777145,10.897976140340287,Depression
2023-08-28,Bangalore,Karnataka,12.9716,77.5946,28.322730695176233,97.79596267872017,11.071463792706062,1012.9111107985972,69.90829959987829,10.788458099168672,Active
2023-08-28,Chennai,Tamil Nadu,13.0827,80.2707,20.937707593438102,63.29293945012394,12.348097095373497,1008.4391518125906,23.270735051551945,5.643848076760127,Break
2023-08-28,Kolkata,West Bengal,22.5726,88.3639,31.122366198733964,74.28104084294074,19.815009186819136,992.6906962578232,0.24001546534326956,0.9600555407017024,Break
2023-08-28,Hyderabad,Telangana,17.385,78.4867,23.47217842118291,61.15560523349575,22.989304603907613,1008.6778530486393,130.71749484000574,6.609387548632076,Depression
2023-08-28,Pune,Maharashtra,18.5204,73.8567,27.241932836123233,64.40419609782622,24.40477327516268,993.4264613672681,81.14816190959746,19.68495401933375,Active
2023-08-28,Ahmedabad,Gujarat,23.0225,72.5714,31.796006111128733,70.8900620254486,7.291472611489592,989.0691398969394,36.74298489036106,5.774123077228113,Active
2023-08-28,Jaipur,Rajasthan,26.9124,75.7873,25.284302218540347,89.97609406613122,28.15818196389812,1011.970242557787,114.72979558747099,3.5962334134124427,Active
2023-08-28,Lucknow,Uttar Pradesh,26.8467,80.9462,25.23247613126872,62.221113196224394,21.610074158722284,992.3077204302002,7.752411165927498,7.780022316082228,Break
2023-08-28,Bhopal,Madhya Pradesh,23.2599,77.4126,35.474448285237486,91.70208116031763,15.934982424326066,1004.7390005993458,14.515099548421786,10.815496959037386,Break
2023-08-28,Guwahati,Assam,26.1445,91.7362,26.472496955251266,75.77193541465482,12.040518012435058,1002.1739468136052,10.436142882493437,15.836112883216325,Break
2023-08-28,Thiruvananthapuram,Kerala,8.5241,76.9366,34.92719448951489,89.61484870173915,14.642231562151878,1001.2630416721203,18.13245492174502,27.061213086392375,Break
2023-08-28,Bhubaneswar,Odisha,20.2961,85.8245,20.076472598900313,67.15979688365503,19.2348650676925,981.7791891258548,148.3030049339169,15.781210693098501,Depression
2023-08-28,Raipur,Chhattisgarh,21.2514,81.6296,33.99008164296462,64.75234915886563,10.693039627794604,1008.1963096238376,55.6901979197019,43.99429910408327,Active
2023-08-29,Mumbai,Maharashtra,19.076,72.8777,37.151931696582736,52.12842791880634,4.583338620388124,1004.81218020208,52.72994097454017,0.4133248599950839,Active
2023-08-29,Delhi,Delhi,28.7041,77.1025,21.335607185083294,84.8174652625448,23.57895395333317,1001.463793582222,3.733353650308293,19.873126936372195,Break
2023-08-29,Bangalore,Karnataka,12.9716,77.5946,28.544127552641683,94.78002954221498,25.302221485598448,980.6839875536837,79.7505795452073,61.58498644253965,Depression
2023-08-29,Chennai,Tamil Nadu,13.0827,80.2707,32.526962825689274,63.93213485746587,25.553334768846202,1005.227344821323,110.71047247161222,6.347550652220244,Active
2023-08-29,Kolkata,West Bengal,22.5726,88.3639,32.18286762761879,72.56059788703134,11.871795079204484,1012.9883063893033,6.399531451228486,15.251665412236733,Break
2023-08-29,Hyderabad,Telangana,17.385,78.4867,21.466174805245334,60.24622408284927,19.200805345245524,996.6916716514941,57.32642897929254,10.192079205252615,Depression
2023-08-29,Pune,Maharashtra,18.5204,73.8567,25.306587734530027,69.9065585340181,25.13650143576696,1014.1807888871781,69.68038396167152,21.07915488515581,Depression
2023-08-29,Ahmedabad,Gujarat,23.0225,72.5714,20.868459608531968,77.4690103938964,10.866192003523885,993.1007198168087,73.63361727079715,47.3575374517929,Active
2023-08-29,Jaipur,Rajasthan,26.9124,75.7873,31.30391930664549,81.47697401599726,19.70012259018047,1005.3814789367217,95.16697808851498,0.5397205791563514,Active
2023-08-29,Lucknow,Uttar Pradesh,26.8467,80.9462,22.245049542919766,62.18879495785242,18.19926133447796,1010.8618452333161,101.31782375604367,23.76550365228257,Active
2023-08-29,Bhopal,Madhya Pradesh,23.2599,77.4126,37.7760848247192,97.30858749980746,18.147941043990514,988.5169413938494,12.455071885700885,33.87587496054899,Break
2023-08-29,Guwahati,Assam,26.1445,91.7362,37.53670823246995,76.89425458174077,29.876184238080015,1012.8749331022507,42.91729208705772,0.15382914242808046,Active
2023-08-29,Thiruvananthapuram,Kerala,8.5241,76.9366,24.697553232389694,94.28957655697042,18.84486299238736,988.8493653411577,12.810645108259743,3.3842327780074646,Break
2023-08-29,Bhubaneswar,Odisha,20.2961,85.8245,23.444945273053875,55.439715889588136,18.790961378006287,987.3936292944963,115.3993942011678,40.636037348406724,Depression
2023-08-29,Raipur,Chhattisgarh,21.2514,81.6296,35.656200389170955,71.9977601002093,13.858146646253076,980.8337440055276,2.9783831302057595,5.0567173511568635,Break
2023-08-30,Mumbai,Maharashtra,19.076,72.8777,24.372765220827493,66.61051630758101,2.05557784922339,1013.3805918378033,45.10066747019023,1.6175549826266435,Active
2023-08-30,Delhi,Delhi,28.7041,77.1025,21.461422075650166,79.38826842361794,23.622442160395433,1014.3849479442144,52.54858708876382,17.12618899582688,Active
2023-08-30,Bangalore,Karnataka,12.9716,77.5946,37.09163334650523,66.70577999911191,9.953288539728131,1000.9708547451369,198.65291516886376,3.2637702731216365,Depression
2023-08-30,Chennai,Tamil Nadu,13.0827,80.2707,25.089547143580077,75.76331914710005,19.48992459238571,994.1257854073026,111.52234386455945,32.67436742277917,Active
2023-08-30,Kolkata,West Bengal,22.5726,88.3639,24.606575662964893,65.67594034485438,17.692822608202636,992.9432296178779,66.81116090561363,15.975550230620005,Active
2023-08-30,Hyderabad,Telangana,17.385,78.4867,24.972257129476564,80.35687834420588,5.80159353316153,988.3311019858616,104.77951231867489,3.7188303174869706,Depression
2023-08-30,Pune,Maharashtra,18.5204,73.8567,36.922428423110674,90.19706934841014,12.670495293024125,1013.1359481830572,4.421527266847959,48.17640867143875,Break
2023-08-30,Ahmedabad,Gujarat,23.0225,72.5714,26.955015825565752,92.06255211890249,3.1867389138680036,1005.2868789809712,7.279760838946573,30.715166144648034,Break
2023-08-30,Jaipur,Rajasthan,26.9124,75.7873,35.806769919013846,53.69326975823655,12.7852766832305,989.5966280840979,9.615851439126674,5.487107170910238,Break
2023-08-30,Lucknow,Uttar Pradesh,26.8467,80.9462,37.94631887863173,90.16693042181606,6.282290485974716,1005.1220550579337,117.55773404563195,20.331638014184655,Active
2023-08-30,Bhopal,Madhya Pradesh,23.2599,77.4126,34.15546090507161,95.93711308176734,9.060888261775542,982.3617124549423,28.918923150827915,6.653882917447862,Break
2023-08-30,Guwahati,Assam,26.1445,91.7362,30.08526581495581,84.21136635304654,11.209339176154737,1001.0505276286588,124.40805407106758,26.10046494992496,Depression
2023-08-30,Thiruvananthapuram,Kerala,8.5241,76.9366,35.1683370693387,74.20085157033066,26.282099428498853,984.697652990166,67.42484934511975,6.114667106156084,Active
2023-08-30,Bhubaneswar,Odisha,20.2961,85.8245,23.77152228681184,82.14986781560185,9.145356572786913,1000.2644937357995,70.22156797225384,14.152589199054818,Depression
2023-08-30,Raipur,Chhattisgarh,21.2514,81.6296,37.05858283916558,92.5107311695306,23.63016965326004,1011.4392386375816,107.27108637133958,3.1131750876193784,Active
2023-08-31,Mumbai,Maharashtra,19.076,72.8777,24.38105863226887,89.31827909399004,11.506313283441518,994.9506608586436,83.78048497110646,32.173185438766495,Depression
2023-08-31,Delhi,Delhi,28.7041,77.1025,26.882937268752833,94.64295331956224,21.50036676194314,1007.2498376266225,69.57011186614511,2.471824266342298,Active
2023-08-31,Bangalore,Karnataka,12.9716,77.5946,36.143622904461935,98.7047563886563,23.425816362099216,1001.2544223958032,90.39853512945052,3.4657835285829117,Depression
2023-08-31,Chennai,Tamil Nadu,13.0827,80.2707,34.172249949317525,52.01723002251315,8.364638702722651,1008.8799061004992,8.994102256588908,10.000902364682558,Break
2023-08-31,Kolkata,West Bengal,22.5726,88.3639,27.380953652992105,72.46080914361555,11.720895899507013,1003.4085614926728,135.7068907596736,1.2116203196117161,Depression
2023-08-31,Hyderabad,Telangana,17.385,78.4867,26.7572577576827,97.78268315906652,12.587504653962712,985.9467409608467,4.2048717869635555,10.970653412325262,Break
2023-08-31,Pune,Maharashtra,18.5204,73.8567,34.388357647934875,90.1440363298227,17.561665121740937,1007.247999497323,171.50974167733014,9.20093885107676,Depression
2023-08-31,Ahmedabad,Gujarat,23.0225,72.5714,24.73144854026167,69.01335703584093,9.201357093752563,983.7681644157474,171.80763004470754,18.58710715754153,Depression
2023-08-31,Jaipur,Rajasthan,26.9124,75.7873,21.993674326542585,63.13972922016258,17.41213454209592,988.3948314860172,4.473640272013009,30.96080738327531,Break
2023-08-31,Lucknow,Uttar Pradesh,26.8467,80.9462,36.16379884662877,83.18916559952564,9.99818533203456,1005.9472209954101,17.56834669984737,45.06309884196835,Break
2023-08-31,Bhopal,Madhya Pradesh,23.2599,77.4126,21.416280672721747,52.669843797360166,20.553428849239026,995.1133918669885,79.9477984168734,7.794870233485132,Active
2023-08-31,Guwahati,Assam,26.1445,91.7362,25.175917620359613,66.24874286075926,16.40838478578167,1011.4056647160971,87.08990302700263,5.5721302962014505,Depression
2023-08-31,Thiruvananthapuram,Kerala,8.5241,76.9366,36.10574584013979,70.69560436774236,7.395628440112058,997.4932614075428,106.70375011115577,25.050505907664668,Active
2023-08-31,Bhubaneswar,Odisha,20.2961,85.8245,32.707678771954804,86.94001628675335,15.706306365856605,981.9409730553526,20.656258855393858,9.703305244429531,Break
2023-08-31,Raipur,Chhattisgarh,21.2514,81.6296,34.82671318171871,56.830921415653165,18.24920416796599,1009.5330927798049,118.79515434072628,9.18963593136525,Depression
2023-09-01,Mumbai,Maharashtra,19.076,72.8777,30.21576659945155,78.94448084312918,24.047303979478,994.0391807999378,5.793760676526366,2.396526212689674,Break
2023-09-01,Delhi,Delhi,28.7041,77.1025,31.079189194971207,95.01928835177023,11.021270312537156,1005.8689024833141,63.4766623361532,9.414273408119778,Depression
2023-09-01,Bangalore,Karnataka,12.9716,77.5946,24.479791946190826,53.31173027276342,25.537445621965187,989.0578218061648,76.38694169357649,4.28314428014272,Active
2023-09-01,Chennai,Tamil Nadu,13.0827,80.2707,36.65281008585847,98.70820771796167,28.644211042646408,985.933892818874,60.41576125726919,10.111904225933861,Depression
2023-09-01,Kolkata,West Bengal,22.5726,88.3639,27.488614168479643,90.04539278859201,23.823187321471092,1004.4547033988513,57.28581690335517,10.731166359288459,Active
2023-09-01,Hyderabad,Telangana,17.385,78.4867,23.960888788453556,50.08287368615359,25.634887508794026,1003.2370005270394,64.09438805234063,29.80230076948148,Active
2023-09-01,Pune,Maharashtra,18.5204,73.8567,27.333358592877694,55.29306089081772,10.210473736619258,998.0441134346274,111.62367645893784,11.392582005310635,Depression
2023-09-01,Ahmedabad,Gujarat,23.0225,72.5714,35.43393957008092,64.19079768908655,28.620272339086117,1013.3749409483589,160.29329557270316,0.7643116203920758,Depression
2023-09-01,Jaipur,Rajasthan,26.9124,75.7873,34.162113067280956,95.80640048191425,8.842700313007615,988.1106835617971,151.2375963606681,95.52711946258445,Depression
2023-09-01,Lucknow,Uttar Pradesh,26.8467,80.9462,27.842448211327927,60.014837506906815,25.842297268336818,996.1499148340348,77.28940528585952,1.0853177564730399,Active
2023-09-01,Bhopal,Madhya Pradesh,23.2599,77.4126,34.596727455002345,53.72948555106793,2.368058789706943,1001.4227819344245,26.115831415576356,40.27679855105483,Break
2023-09-01,Guwahati,Assam,26.1445,91.7362,22.70212897577901,84.00896640218562,15.592512803294424,988.7150147254675,119.49706983194193,11.91313382111605,Active
2023-09-01,Thiruvananthapuram,Kerala,8.5241,76.9366,25.133615324806193,67.9645554120861,7.988233707461335,997.7481741289382,1.7568342380038737,4.006755157887521,Break
2023-09-01,Bhubaneswar,Odisha,20.2961,85.8245,36.51582041957883,98.66162678336428,7.698956563187805,992.0133109147514,18.4865618984723,19.283524978688064,Break
2023-09-01,Raipur,Chhattisgarh,21.2514,81.6296,27.593958760007432,50.86260007481277,5.919103392130426,989.7166222222064,4.5381103832163605,0.8344055074606774,Break
2023-09-02,Mumbai,Maharashtra,19.076,72.8777,25.29509663383488,67.73252926720971,3.822502648387121,1012.1426293655346,48.864924355419475,0.2574772848847048,Active
2023-09-02,Delhi,Delhi,28.7041,77.1025,35.347038395978096,53.55018644032838,4.021921772864762,993.5544520428718,9.594278861665122,0.7744193029966342,Break
2023-09-02,Bangalore,Karnataka,12.9716,77.5946,26.25574245888191,69.32968826905554,14.690860479906844,1007.0803467705686,92.19307333112303,13.679546131512833,Depression
2023-09-02,Chennai,Tamil Nadu,13.0827,80.2707,27.769063429132675,50.50344190845408,2.7361706696969748,988.2269221896123,183.7432215882505,3.9326952300285574,Depression
2023-09-02,Kolkata,West Bengal,22.5726,88.3639,30.198232323910823,89.29552659241233,20.319251817662202,997.0345641593975,120.15699345944114,6.123106982703339,Depression
2023-09-02,Hyderabad,Telangana,17.385,78.4867,35.08477174158007,60.469231015725406,20.35623300077644,980.9949077126582,85.46194203454894,38.28261467968277,Active
2023-09-02,Pune,Maharashtra,18.5204,73.8567,26.033215936420817,85.0007203312359,2.263673133584439,1005.5125001052875,79.28402393654841,25.159844132589967,Depression
2023-09-02,Ahmedabad,Gujarat,23.0225,72.5714,35.218274977110454,89.79330207941695,17.822439438635325,987.2072215123394,4.222605005495204,15.354669855238948,Break
2023-09-02,Jaipur,Rajasthan,26.9124,75.7873,21.7336150434568,96.3992659710384,3.6552393965023886,981.3125104540666,170.39788323355356,1.8679010692869233,Depression
2023-09-02,Lucknow,Uttar Pradesh,26.8467,80.9462,33.90810554332418,75.94651213691884,2.951058221743918,1014.9571974857877,38.8914604966012,4.082300336377632,Active
2023-09-02,Bhopal,Madhya Pradesh,23.2599,77.4126,28.879844659734403,51.368182980073016,18.621960308567168,999.9121006843644,156.6229189344807,0.20746595680230545,Depression
2023-09-02,Guwahati,Assam,26.1445,91.7362,21.036588967393005,99.67757519994991,5.796472620124661,1010.5605903145997,0.6321654969932899,1.2731410128789327,Break
2023-09-02,Thiruvananthapuram,Kerala,8.5241,76.9366,25.045278730664357,97.0042550883914,2.7953010913826053,1008.8755207629968,46.521792884516316,8.041239041445417,Active
2023-09-02,Bhubaneswar,Odisha,20.2961,85.8245,24.90715123048494,70.26630522858059,9.045799666676013,985.9551496690435,30.565523473960354,5.630005478675565,Active
2023-09-02,Raipur,Chhattisgarh,21.2514,81.6296,33.29088271476068,73.9081907625125,13.079048554537279,988.6757006714884,65.35458308096037,11.575308766909458,Active
2023-09-03,Mumbai,Maharashtra,19.076,72.8777,26.178976180247815,74.29138353406032,8.932630071295778,988.1730384099299,112.27359441448877,0.05728338157515361,Depression
2023-09-03,Delhi,Delhi,28.7041,77.1025,31.291085964791847,99.78147876048376,19.967914127994216,1000.4608335083332,22.918043198855454,3.72218061586377,Break
2023-09-03,Bangalore,Karnataka,12.9716,77.5946,27.903846404925368,99.7833774858722,21.16810576696945,1013.6660789327522,7.1744778168098176,0.485173759273354,Break
2023-09-03,Chennai,Tamil Nadu,13.0827,80.2707,35.917363086134344,58.71555485600217,4.9546881269464835,991.7408862649532,46.255191564486196,51.234798740398865,Active
2023-09-03,Kolkata,West Bengal,22.5726,88.3639,21.78166259135642,96.46485367988615,19.401934696806627,991.3032402365112,63.27760937000783,33.42161399777005,Active
2023-09-03,Hyderabad,Telangana,17.385,78.4867,30.996018785692314,73.5046807514058,2.8375046210494856,986.1394320995183,77.89843031526314,3.3666851549710723,Depression
2023-09-03,Pune,Maharashtra,18.5204,73.8567,37.572821060438734,85.46807828520323,20.91398597103286,1004.8901827302396,14.79033544478,18.06925863068151,Break
2023-09-03,Ahmedabad,Gujarat,23.0225,72.5714,33.01444702585485,52.14765335551104,29.283697800025834,1004.3195794440846,99.38231057259371,1.958761518264565,Depression
2023-09-03,Jaipur,Rajasthan,26.9124,75.7873,37.17959338001234,56.860610038989584,12.452115071399732,1014.4687597064606,11.805357083682981,7.350470409494812,Break
2023-09-03,Lucknow,Uttar Pradesh,26.8467,80.9462,31.90442664962469,69.30541105856211,2.1695686024587073,997.0036240323964,190.04129992771783,15.144092847631018,Depression
2023-09-03,Bhopal,Madhya Pradesh,23.2599,77.4126,36.36696436609566,65.4037753377739,8.476049022069713,994.7191221607197,25.384207762326167,16.742274362922398,Break
2023-09-03,Guwahati,Assam,26.1445,91.7362,26.16870306423727,99.9314525595448,15.907350382224822,980.8193632374116,67.69601051250318,11.135803270986713,Depression
2023-09-03,Thiruvananthapuram,Kerala,8.5241,76.9366,34.915996285488134,51.06074441333588,22.726811805071048,1012.4020295333623,199.49514963696188,10.774739760249357,Depression
2023-09-03,Bhubaneswar,Odisha,20.2961,85.8245,31.88636762160747,93.01959783978043,14.20894081405958,990.5606090613261,72.7115195719891,40.06330667787357,Depression
2023-09-03,Raipur,Chhattisgarh,21.2514,81.6296,30.961310690976973,73.40071021681693,16.24175340495984,991.0134157633029,14.875229245533884,6.020458636642016,Break
2023-09-04,Mumbai,Maharashtra,19.076,72.8777,32.77381433681447,52.1314618105504,21.377309220077926,984.7721783913154,17.106430301327887,11.396180196980634,Break
2023-09-04,Delhi,Delhi,28.7041,77.1025,32.03791356044226,86.22665992097328,8.614344911462751,991.3873496469943,76.9789759224727,4.365705928299353,Active
2023-09-04,Bangalore,Karnataka,12.9716,77.5946,31.6490683056262,92.74842763290121,20.502269714063182,998.6888605479394,48.035206239724424,6.502893954070074,Active
2023-09-04,Chennai,Tamil Nadu,13.0827,80.2707,37.19764237561889,72.43793177887233,18.542301689879874,982.4071730234624,1.3467735849046625,14.916935584969663,Break
2023-09-04,Kolkata,West Bengal,22.5726,88.3639,22.092179886724306,70.97222728133697,17.030900274480118,1012.2715966946954,112.53218615321362,12.417509938875808,Depression
2023-09-04,Hyderabad,Telangana,17.385,78.4867,32.00812812303583,60.11215301836456,2.569403003146803,1012.3299188094907,110.3235466957967,7.819218869730466,Depression
2023-09-04,Pune,Maharashtra,18.5204,73.8567,30.27488944852141,82.64476396585783,16.275822821169044,991.1750997952903,52.810092409951146,22.80165592173399,Depression
2023-09-04,Ahmedabad,Gujarat,23.0225,72.5714,30.275228385608116,77.26244448578949,19.847406120396123,1004.4523732636301,12.153316463944154,14.415759682382465,Break
2023-09-04,Jaipur,Rajasthan,26.9124,75.7873,23.860486397408923,65.2086302500927,17.510706004166877,1008.1856085157194,56.798120251799745,1.8353477502456672,Active
2023-09-04,Lucknow,Uttar Pradesh,26.8467,80.9462,31.352064272060815,97.49674900379078,14.215756669757909,1002.8838741794256,112.78631101636472,14.507291525416488,Active
2023-09-04,Bhopal,Madhya Pradesh,23.2599,77.4126,24.75793156670464,67.35896152539414,20.941463411630778,1011.3433932720238,158.88405828934322,4.022790148341179,Depression
2023-09-04,Guwahati,Assam,26.1445,91.7362,31.970233008045497,95.91040557649467,21.487359667996092,990.549788575964,126.42204748495548,32.93982447476013,Depression
2023-09-04,Thiruvananthapuram,Kerala,8.5241,76.9366,29.135593612704735,59.200337182115,18.065791894097494,986.8157100634525,80.6669296906967,6.476469887307983,Active
2023-09-04,Bhubaneswar,Odisha,20.2961,85.8245,20.121237886797044,76.17123548736235,27.854680734078016,997.8258149285446,111.25037140487194,0.20524004745521415,Active
2023-09-04,Raipur,Chhattisgarh,21.2514,81.6296,21.36386665693622,70.79121713783447,24.399173867682226,991.215558410423,8.87478291604355,2.9043888202334793,Break
2023-09-05,Mumbai,Maharashtra,19.076,72.8777,24.65992599809792,90.74329717345591,22.21940114268567,994.127337981709,69.1011644145824,6.442826273218489,Active
2023-09-05,Delhi,Delhi,28.7041,77.1025,21.19371879951801,95.13180506086438,10.384966238048158,995.0421669347674,28.382715964226584,2.90509095461966,Break
2023-09-05,Bangalore,Karnataka,12.9716,77.5946,28.115225443606004,51.391301476698736,13.58254285272685,1012.6728797422676,99.79275502070134,27.3184087245203,Depression
2023-09-05,Chennai,Tamil Nadu,13.0827,80.2707,28.627377385526827,79.02836534478197,5.189260789120009,1002.5111821068454,152.79502922187652,14.896867455887843,Depression
2023-09-05,Kolkata,West Bengal,22.5726,88.3639,24.579754654854842,59.58040826862735,19.83409257387622,1014.7012424686117,20.65565742357207,8.158857327494704,Break
2023-09-05,Hyderabad,Telangana,17.385,78.4867,22.533736876789813,81.00046062099895,9.13492015007569,994.7298383698427,60.61166153038492,9.812036448732647,Depression
2023-09-05,Pune,Maharashtra,18.5204,73.8567,36.07854987948935,89.93898286586824,12.602477695784032,996.782364717667,149.32698593890007,6.7872240083982085,Depression
2023-09-05,Ahmedabad,Gujarat,23.0225,72.5714,24.069317676345932,55.29481961353659,4.574552341003682,985.2786927533944,189.4935165558184,5.439155306838967,Depression
2023-09-05,Jaipur,Rajasthan,26.9124,75.7873,30.745627183901757,96.07597160933216,19.60640826555629,992.8565369720754,2.8719431979643986,1.2084933306263579,Break
2023-09-05,Lucknow,Uttar Pradesh,26.8467,80.9462,30.88100931630596,66.28173607176605,11.388078792081291,984.615645888568,33.649665601868016,25.299439820488544,Active
2023-09-05,Bhopal,Madhya Pradesh,23.2599,77.4126,31.959697559549685,57.82769658562094,14.549114832899834,1009.434504129215,28.007756152383806,15.371385564749747,Break
2023-09-05,Guwahati,Assam,26.1445,91.7362,29.2718428156383,82.5976864974133,23.466103812773692,981.6801870313849,2.311416531856312,4.525779507693184,Break
2023-09-05,Thiruvananthapuram,Kerala,8.5241,76.9366,37.28307611613381,94.99780424368137,5.134809934002862,1008.0630635420581,27.331650826910952,3.4329101936566064,Break
2023-09-05,Bhubaneswar,Odisha,20.2961,85.8245,28.41331045039739,85.51431503952102,22.954605725361716,985.5730105910154,17.98234207646271,18.39700235358067,Break
2023-09-05,Raipur,Chhattisgarh,21.2514,81.6296,32.355368528896356,59.66595136524964,24.68385437704607,1003.7559144641493,197.52278259356802,14.787349699333255,Depression
2023-09-06,Mumbai,Maharashtra,19.076,72.8777,37.69750917391434,57.725820589654546,10.369935260087594,987.0289825001074,176.49761825192397,9.796814437292895,Depression
2023-09-06,Delhi,Delhi,28.7041,77.1025,24.01467980980534,51.41350637799547,11.327650093640687,996.6742170093513,69.34799841770229,6.720726614902356,Active
2023-09-06,Bangalore,Karnataka,12.9716,77.5946,24.993024138731606,92.51417276029883,14.32318970861746,994.6355718989638,158.65902590708353,1.626561342440935,Depression
2023-09-06,Chennai,Tamil Nadu,13.0827,80.2707,29.02115150911611,87.59338827664922,13.639833581729961,989.9248660670887,88.74449299281892,15.249177770471393,Active
2023-09-06,Kolkata,West Bengal,22.5726,88.3639,24.17385150410792,67.46090813338749,24.998261006734275,987.368328611068,87.15174817430962,38.22487250720289,Active
2023-09-06,Hyderabad,Telangana,17.385,78.4867,26.190631581217048,60.416992013787755,19.599733107406216,980.5567100018475,152.56152554007534,18.992442647958082,Depression
2023-09-06,Pune,Maharashtra,18.5204,73.8567,33.423710024950125,59.755987721858986,12.995556447185653,982.3818504769354,57.30060470535485,7.451993873883423,Active
2023-09-06,Ahmedabad,Gujarat,23.0225,72.5714,23.467758746853924,65.71141348763467,14.221945032162726,990.4514850619911,70.03798204063034,1.3669049507700421,Depression
2023-09-06,Jaipur,Rajasthan,26.9124,75.7873,20.74604864980254,50.43892793121044,22.29868620166303,987.6460446183605,25.850805662854174,48.00830927519054,Break
2023-09-06,Lucknow,Uttar Pradesh,26.8467,80.9462,24.918135303017387,75.94396839609159,5.903968735572438,990.8473532583201,103.5214364312356,8.47643926217974,Active
2023-09-06,Bhopal,Madhya Pradesh,23.2599,77.4126,28.704479274370556,81.25923372474935,10.953155746122663,1005.5516450299993,108.85305680939152,7.08609192193629,Depression
2023-09-06,Guwahati,Assam,26.1445,91.7362,33.686804296419965,75.55904251666745,18.08799561961405,992.4522782799023,106.9107646357366,0.7770997650580124,Active
2023-09-06,Thiruvananthapuram,Kerala,8.5241,76.9366,32.34146916005368,72.94588718994717,3.8585764145707717,995.5896168413163,27.992137639606216,105.49636580992538,Break
2023-09-06,Bhubaneswar,Odisha,20.2961,85.8245,27.701340068370946,97.29404589056392,25.09160580175744,985.2477298781513,192.05807506572938,7.664370000311615,Depression
2023-09-06,Raipur,Chhattisgarh,21.2514,81.6296,26.71808392050558,75.64347112815587,25.387831633908334,986.7356057670427,93.36225334700035,25.239470104237075,Active
2023-09-07,Mumbai,Maharashtra,19.076,72.8777,22.036294215177524,95.06125073900407,21.775757697365222,980.2837723353749,76.45634791028368,5.0947436414425455,Active
2023-09-07,Delhi,Delhi,28.7041,77.1025,22.101733929146206,82.8379960560872,29.840544374093966,999.4701390193734,86.96831358133288,24.31281312429457,Active
2023-09-07,Bangalore,Karnataka,12.9716,77.5946,21.0277576544377,75.20471073927737,27.03589485371119,990.6508704933265,9.176225738371844,13.021412962265806,Break
2023-09-07,Chennai,Tamil Nadu,13.0827,80.2707,24.975101016292722,97.52102426782545,27.866959116317076,983.2972040924217,28.029137765525505,14.166138307624657,Break
2023-09-07,Kolkata,West Bengal,22.5726,88.3639,33.87196962824793,90.60115195070182,27.247018639364406,1013.8385909846486,28.454839498629255,26.61638595384995,Break
2023-09-07,Hyderabad,Telangana,17.385,78.4867,29.381912326134085,68.71218772888501,20.318961440823408,988.7741621325804,10.497899386152639,0.772369176151139,Break
2023-09-07,Pune,Maharashtra,18.5204,73.8567,26.438137712053244,57.017972918137545,12.227066370334946,1002.5049160246903,122.88313072852021,25.708338266303905,Depression
2023-09-07,Ahmedabad,Gujarat,23.0225,72.5714,36.00940831003858,86.80863198817366,7.906373700857885,1014.9051279277345,33.88896492749012,23.5764992354318,Active
2023-09-07,Jaipur,Rajasthan,26.9124,75.7873,25.687355961053324,87.52486071602134,15.154523670827777,994.0101400476974,27.88372466160877,26.67047096436432,Break
2023-09-07,Lucknow,Uttar Pradesh,26.8467,80.9462,26.83832217270083,66.60850646150284,6.407105691995364,990.7291942031537,111.35580104739384,13.568641657440454,Active
2023-09-07,Bhopal,Madhya Pradesh,23.2599,77.4126,30.210642932620715,73.36170150191992,5.104883854846229,1004.8170488613164,60.668648801840895,22.141284466450752,Depression
2023-09-07,Guwahati,Assam,26.1445,91.7362,36.95306161976237,66.92632505579326,17.617088633887818,1004.6557313118809,73.05452339978109,26.83322452831276,Depression
2023-09-07,Thiruvananthapuram,Kerala,8.5241,76.9366,34.12371108995274,97.72029870236977,15.259905513499163,984.8519190076634,87.17080468552885,26.073103248386865,Depression
2023-09-07,Bhubaneswar,Odisha,20.2961,85.8245,24.357832366017888,86.20603104839182,2.2155926028291844,987.235749813861,11.333817126714496,23.42706073024101,Break
2023-09-07,Raipur,Chhattisgarh,21.2514,81.6296,24.654838094466548,89.59203024662587,22.140527690971247,1007.1172876108639,38.22406195077497,9.962061865343555,Active
2023-09-08,Mumbai,Maharashtra,19.076,72.8777,29.468802120433036,72.43801842538129,8.418133051278952,984.4549882526891,89.55626701252137,33.68711136005244,Depression
2023-09-08,Delhi,Delhi,28.7041,77.1025,33.25054828388642,87.34233942690464,7.865537946276365,1001.7491833244378,158.72584076365183,29.449331914409836,Depression
2023-09-08,Bangalore,Karnataka,12.9716,77.5946,26.862367067773853,82.78864206315951,10.997994310541557,987.7198687037612,28.2344374167211,17.909896931804735,Break
2023-09-08,Chennai,Tamil Nadu,13.0827,80.2707,32.09563161851805,75.6424629077525,26.27372938184194,1006.5127338321445,40.18420492437327,19.85629341025627,Active
2023-09-08,Kolkata,West Bengal,22.5726,88.3639,28.581547333112795,68.1270752494395,13.072649848228213,1004.8993303811342,93.43247533419243,4.9895640042024585,Active
2023-09-08,Hyderabad,Telangana,17.385,78.4867,31.497416860713884,72.25640420345991,26.35454425999939,1009.1911517137694,20.527741060891813,22.269049282737495,Break
2023-09-08,Pune,Maharashtra,18.5204,73.8567,20.017199337903108,52.359483927548425,26.51563260735856,1007.2859853868588,105.48832227415195,14.244063001721585,Active
2023-09-08,Ahmedabad,Gujarat,23.0225,72.5714,34.16189687438734,69.98114025227284,24.181234717625486,984.7951255330597,100.25211020823208,59.13617083952403,Active
2023-09-08,Jaipur,Rajasthan,26.9124,75.7873,32.71331797329952,93.61953667373146,5.827202616273672,1013.0556706054543,14.425091124409112,34.449505945636666,Break
2023-09-08,Lucknow,Uttar Pradesh,26.8467,80.9462,37.69870759207149,96.82425112527729,22.9061131620729,996.496849341798,22.16825469539391,3.811754103157053,Break
2023-09-08,Bhopal,Madhya Pradesh,23.2599,77.4126,37.06889975572622,89.60215907075329,16.2552018456509,1000.8621820688248,117.82375220635218,20.266229393886913,Active
2023-09-08,Guwahati,Assam,26.1445,91.7362,30.340018492681633,79.77794430095872,9.41938558136924,1005.5860588030761,34.64260694162338,2.628725285267156,Active
2023-09-08,Thiruvananthapuram,Kerala,8.5241,76.9366,27.215292153362,87.0666698699228,20.005582286143518,996.6171720725698,172.34844152461318,26.821304674018158,Depression
2023-09-08,Bhubaneswar,Odisha,20.2961,85.8245,20.828890458705434,83.86205268704751,8.60016178903455,987.8939525244878,17.265464209617104,21.065867374317047,Break
2023-09-08,Raipur,Chhattisgarh,21.2514,81.6296,31.16334781655783,71.92614126303293,4.863552961109698,997.3368100626989,111.97279359522591,15.669061803998572,Active
2023-09-09,Mumbai,Maharashtra,19.076,72.8777,30.41157929468221,87.6474825550149,19.044057818803232,1013.1261527419257,73.16922926612739,3.5060057222019805,Active
2023-09-09,Delhi,Delhi,28.7041,77.1025,30.368402899518077,70.14517387091914,26.610698139031193,1005.6022472188885,21.53301700132869,8.511404214185312,Break
2023-09-09,Bangalore,Karnataka,12.9716,77.5946,28.385948581438203,90.04473805828636,7.8925278843199305,989.8541348580285,62.13439815478383,1.669578640708925,Depression
2023-09-09,Chennai,Tamil Nadu,13.0827,80.2707,32.677898134575194,81.94852972672334,22.00495140858825,1005.7544342855639,62.2351190424948,28.54464098975932,Active
2023-09-09,Kolkata,West Bengal,22.5726,88.3639,35.927244566479416,99.29072412170049,25.059885674369315,1011.0043926828902,113.0987388507403,8.714236470569926,Depression
2023-09-09,Hyderabad,Telangana,17.385,78.4867,27.278134129913326,66.23275488260747,12.840642653672464,992.4069177139979,193.18314510305785,4.523240961009881,Depression
2023-09-09,Pune,Maharashtra,18.5204,73.8567,20.65005867834121,86.63584140647976,17.30584696681875,1013.6384374757014,17.19342937780577,4.9777075821318295,Break
2023-09-09,Ahmedabad,Gujarat,23.0225,72.5714,29.82787793017141,95.7364352537486,13.893287368057322,984.1619775827756,6.367386797243546,15.624441545574511,Break
2023-09-09,Jaipur,Rajasthan,26.9124,75.7873,23.41740252170284,50.51083737339287,20.108582777822704,1010.9966865666476,99.33707517629342,34.866531139985305,Active
2023-09-09,Lucknow,Uttar Pradesh,26.8467,80.9462,29.694297581912185,78.11222302600854,2.4774088896026547,983.8029786171575,179.94426667518712,5.659461471129802,Depression
2023-09-09,Bhopal,Madhya Pradesh,23.2599,77.4126,30.641804256613085,95.02250013386524,21.056464604071955,993.1691799134774,146.37152256249163,26.274532574674158,Depression
2023-09-09,Guwahati,Assam,26.1445,91.7362,25.3988537317282,60.21533209671287,21.13225048191518,986.034730839776,3.9326517726136467,11.759522989865422,Break
2023-09-09,Thiruvananthapuram,Kerala,8.5241,76.9366,34.30185533873613,99.55825169924003,5.734358044338719,992.9514284370364,26.169166164229097,39.75356150832956,Break
2023-09-09,Bhubaneswar,Odisha,20.2961,85.8245,26.8259729762135,73.30002756314116,23.9068886875237,989.6404889035967,58.3243035456029,5.335180006023055,Active
2023-09-09,Raipur,Chhattisgarh,21.2514,81.6296,29.839834855555992,88.62631631752214,21.91374442484315,991.8623954360411,29.59617157233718,12.677904782623962,Break
2023-09-10,Mumbai,Maharashtra,19.076,72.8777,37.63702699666469,66.54189447045391,11.751602003347452,1006.0576593549363,24.42185915254178,25.11731261226194,Break
2023-09-10,Delhi,Delhi,28.7041,77.1025,35.06172816640649,58.389617268439395,28.9697470066566,994.28059850039,169.12388302246785,19.844791650101868,Depression
2023-09-10,Bangalore,Karnataka,12.9716,77.5946,22.413651787318663,53.17991582792131,6.350122759700701,980.1072347913135,32.449622253515145,9.788934412698485,Active
2023-09-10,Chennai,Tamil Nadu,13.0827,80.2707,26.34862117427653,67.98879814732399,21.509870051091944,1004.1493405935437,13.53471220454969,10.467523974169108,Break
2023-09-10,Kolkata,West Bengal,22.5726,88.3639,22.617139963231196,97.79117886970351,22.49792991848584,1007.7697649750106,75.6445239032805,8.548062023836348,Active
2023-09-10,Hyderabad,Telangana,17.385,78.4867,35.27202979519115,79.70564107695633,12.809842959310743,1002.2912693052898,32.09016955807021,6.1972319167187,Active
2023-09-10,Pune,Maharashtra,18.5204,73.8567,27.8245213877098,63.108952751928975,14.916455048214694,993.7196176559618,96.68628383756422,2.745338746937283,Active
2023-09-10,Ahmedabad,Gujarat,23.0225,72.5714,31.861134646578456,58.66266814185913,29.676716684473973,980.777132492118,11.902468995124451,10.239522190023932,Break
2023-09-10,Jaipur,Rajasthan,26.9124,75.7873,32.916430746658094,90.27930049225506,2.9946668134861265,1001.2092899042915,116.53940298098884,13.223593022255162,Depression
2023-09-10,Lucknow,Uttar Pradesh,26.8467,80.9462,24.44188891698372,80.32672726506483,8.398744948259928,982.7506801449784,36.509555138218516,7.419899552962617,Active
2023-09-10,Bhopal,Madhya Pradesh,23.2599,77.4126,30.91134413500643,88.81449006762776,4.541166854010584,989.3318602471196,94.69567535238231,0.15323226270573512,Depression
2023-09-10,Guwahati,Assam,26.1445,91.7362,21.285379624716107,52.48227696835674,24.923604494196162,985.6902500727061,75.54038019743811,13.085457935608648,Active
2023-09-10,Thiruvananthapuram,Kerala,8.5241,76.9366,25.90301096623393,96.7436800604833,3.585479844367222,990.3830956892425,82.58525878214257,8.532115082595606,Depression
2023-09-10,Bhubaneswar,Odisha,20.2961,85.8245,22.684343965057003,69.09735551948955,11.064265739517587,1008.771193843278,76.84532796716799,0.5726799202177952,Active
2023-09-10,Raipur,Chhattisgarh,21.2514,81.6296,30.343242773858698,67.18721033473597,3.5437889065467356,1002.9601007430667,75.08155230351949,67.99797066418832,Active
2023-09-11,Mumbai,Maharashtra,19.076,72.8777,21.844258900107004,68.9620667331205,11.927074950435989,992.9206802192933,13.069810782456159,3.073248727962789,Break
2023-09-11,Delhi,Delhi,28.7041,77.1025,33.866305127540265,70.35729926105071,4.7629833775161865,1003.2911159526024,16.369540536197793,10.742601560081443,Break
2023-09-11,Bangalore,Karnataka,12.9716,77.5946,34.00646981856343,68.45023993928372,10.008214323447156,1014.6590862816299,144.94092145456872,17.30668391209989,Depression
2023-09-11,Chennai,Tamil Nadu,13.0827,80.2707,37.53099004942759,71.42421470634237,21.915188680137458,985.4464659720153,37.772598274553445,10.04538601567064,Active
2023-09-11,Kolkata,West Bengal,22.5726,88.3639,29.088646750595387,96.3741503690611,12.427968237824325,996.4540011183201,17.685623868176293,11.001097019146215,Break
2023-09-11,Hyderabad,Telangana,17.385,78.4867,36.666693244224135,67.00890454769059,26.15680422384171,1012.1447080920843,12.433365640560782,14.034616133895282,Break
2023-09-11,Pune,Maharashtra,18.5204,73.8567,21.057875186915677,55.28613242623099,20.339248284920643,996.1116379108512,5.7018086174529214,37.80699479329164,Break
2023-09-11,Ahmedabad,Gujarat,23.0225,72.5714,27.242137509193284,96.79505273826115,4.190042637276763,1013.8687730768218,197.70988772582635,28.280085906866024,Depression
2023-09-11,Jaipur,Rajasthan,26.9124,75.7873,37.70352615332551,76.03693884530297,3.650987662957333,983.3445284161169,8.400984371652987,7.123458748664239,Break
2023-09-11,Lucknow,Uttar Pradesh,26.8467,80.9462,30.278395370900277,61.275856791344694,22.490353874648907,1004.2640252854102,25.552805248226786,13.992666382588856,Break
2023-09-11,Bhopal,Madhya Pradesh,23.2599,77.4126,29.18273039797077,77.68743679378015,6.086786771437724,1000.7717333585799,13.592966931080536,6.695189719250235,Break
2023-09-11,Guwahati,Assam,26.1445,91.7362,22.7017789527418,60.5000768729631,20.594551285876857,1000.8932661510719,78.31259855762238,0.9046622618836695,Depression
2023-09-11,Thiruvananthapuram,Kerala,8.5241,76.9366,27.498270411423942,71.44114262833043,4.862142657742426,995.0862491287338,36.96913569775831,8.185173048760522,Active
2023-09-11,Bhubaneswar,Odisha,20.2961,85.8245,23.942510136425852,63.668403324009546,29.993535476277632,1010.6521395299831,148.68552678008194,2.947568699460191,Depression
2023-09-11,Raipur,Chhattisgarh,21.2514,81.6296,30.56993027087462,91.00163007018867,17.776452417384213,1010.8847792682053,22.595285974038266,20.50487415697186,Break
2023-09-12,Mumbai,Maharashtra,19.076,72.8777,31.878461507103708,98.4098840472524,27.673027628336207,996.13709012408,17.335014171186263,2.84235309513687,Break
2023-09-12,Delhi,Delhi,28.7041,77.1025,29.893447243637212,74.28817104717737,3.1101441544565986,995.2725398085674,57.988585957553354,7.431071080883918,Active
2023-09-12,Bangalore,Karnataka,12.9716,77.5946,31.38188303275704,67.6460216643286,12.575133550091678,1005.5555025453691,43.0231430836157,23.48111307563579,Active
2023-09-12,Chennai,Tamil Nadu,13.0827,80.2707,36.45045342044804,97.95912542399248,18.092878084670645,996.8931668038215,31.01082614442502,16.764133646886403,Active
2023-09-12,Kolkata,West Bengal,22.5726,88.3639,34.09381007209259,59.90650058492224,13.564886174751898,1000.566363035675,8.203851799162434,23.093797207160264,Break
2023-09-12,Hyderabad,Telangana,17.385,78.4867,34.202709206504174,53.87337911556617,16.946879166404777,1014.8061947472825,3.237798320757327,3.427457912779572,Break
2023-09-12,Pune,Maharashtra,18.5204,73.8567,24.39263504024394,80.54572905138266,20.902252633263902,993.6153555661502,38.83451626719248,0.2528066367974081,Active
2023-09-12,Ahmedabad,Gujarat,23.0225,72.5714,28.926323263859054,74.30749507947802,4.075347497621435,1002.5434509085788,119.03086133991076,4.144848080865777,Active
2023-09-12,Jaipur,Rajasthan,26.9124,75.7873,32.076778767822525,74.69520142021267,5.489759855524143,1000.1410957405715,146.09793324981644,21.484611369242483,Depression
2023-09-12,Lucknow,Uttar Pradesh,26.8467,80.9462,25.302533223081234,87.7050476481646,4.1241522300502815,1005.8163707108495,106.67727712282358,1.3457223330980437,Active
2023-09-12,Bhopal,Madhya Pradesh,23.2599,77.4126,33.92955948873241,83.68593406620656,19.75808140378837,983.083151976087,108.7093022146868,6.424774378419753,Active
2023-09-12,Guwahati,Assam,26.1445,91.7362,34.93948073663756,74.40718739533796,8.178471233759828,981.8619929794696,90.87095352001978,20.69564973968051,Depression
2023-09-12,Thiruvananthapuram,Kerala,8.5241,76.9366,22.69287346132669,50.880305020672544,15.185486521386002,1005.2128867553511,91.7443748689798,14.685840644327117,Active
2023-09-12,Bhubaneswar,Odisha,20.2961,85.8245,37.508528641488354,81.63284912987703,20.928255773874298,982.190169295637,85.64892667456004,41.405610634084596,Active
2023-09-12,Raipur,Chhattisgarh,21.2514,81.6296,31.595599488603717,58.8537892577823,10.053557573771343,1008.8311067871088,28.123836793896473,2.4210866843342105,Break
2023-09-13,Mumbai,Maharashtra,19.076,72.8777,32.33967516741398,71.27620732115832,3.503940055881262,1004.7758952848963,40.40964598410376,13.161831898128789,Active
2023-09-13,Delhi,Delhi,28.7041,77.1025,21.448541129263834,95.77193389458225,9.692349115192611,997.0013536802059,87.27875419662962,3.5348583385694274,Active
2023-09-13,Bangalore,Karnataka,12.9716,77.5946,21.038135130794906,97.34603324771246,17.485386705434962,996.4270140177777,67.67336006616475,11.252829631425463,Depression
2023-09-13,Chennai,Tamil Nadu,13.0827,80.2707,32.00261989146111,53.83315533465771,15.488143033407482,992.7078658450054,83.57577467119535,14.971398574515188,Depression
2023-09-13,Kolkata,West Bengal,22.5726,88.3639,20.41878493434179,89.21701048191093,7.846789403232613,992.0972417247699,153.7403131699878,6.934582169373976,Depression
2023-09-13,Hyderabad,Telangana,17.385,78.4867,24.432687610819514,72.60440680983511,25.46197287214259,988.4174079107421,184.23179229560904,28.394705093051,Depression
2023-09-13,Pune,Maharashtra,18.5204,73.8567,22.887437418619513,61.73960100581325,9.574601993047075,1004.1217251485996,96.1266758120921,15.5085130731627,Active
2023-09-13,Ahmedabad,Gujarat,23.0225,72.5714,32.27434889627531,90.6838037817617,21.26206768619632,988.8189827808985,9.021184301658295,13.646623245946158,Break
2023-09-13,Jaipur,Rajasthan,26.9124,75.7873,24.863897501255195,91.41923254302674,6.556565929078617,985.3629034534923,9.223381097908604,8.041536241745142,Break
2023-09-13,Lucknow,Uttar Pradesh,26.8467,80.9462,25.117599154257192,96.23036097186937,27.011521797940755,1010.4894861958658,73.7526826657261,12.34001865997074,Depression
2023-09-13,Bhopal,Madhya Pradesh,23.2599,77.4126,25.57239385593522,62.39209910635823,28.054227032750767,992.685761729927,23.965624579652015,12.559021265472472,Break
2023-09-13,Guwahati,Assam,26.1445,91.7362,32.1757432786552,70.01372474768172,20.0866985875391,1011.8020223305257,29.755595274170325,2.978685178331155,Break
2023-09-13,Thiruvananthapuram,Kerala,8.5241,76.9366,21.904073480949418,53.22816593995975,26.134743901095227,986.6608517134806,70.5547883475048,11.760168377831116,Active
2023-09-13,Bhubaneswar,Odisha,20.2961,85.8245,32.07671588850168,86.97678277074458,16.51281885864117,1002.898334188403,94.75522930566092,4.759022874642153,Active
2023-09-13,Raipur,Chhattisgarh,21.2514,81.6296,20.664580185634346,93.31147570740993,10.055786038651231,994.3649172100111,195.15938790706153,14.227512903324515,Depression
2023-09-14,Mumbai,Maharashtra,19.076,72.8777,29.032287261189644,72.29418665877574,7.711163796314402,1004.3735620353025,25.399302673992906,10.313210404602385,Break
2023-09-14,Delhi,Delhi,28.7041,77.1025,31.40598484226281,61.8644645150631,20.16014039952036,994.2809257411234,70.8769912076873,5.259535874733437,Active
2023-09-14,Bangalore,Karnataka,12.9716,77.5946,20.31525179489447,94.19518775697958,25.799394724265134,980.5836710503845,8.618308998864263,1.9001314231056055,Break
2023-09-14,Chennai,Tamil Nadu,13.0827,80.2707,33.39600393329289,61.89582875799694,20.350390312310374,983.2542713023674,46.47413537200101,9.391546501632924,Active
2023-09-14,Kolkata,West Bengal,22.5726,88.3639,36.640338687387484,78.50819472015988,24.008621781773723,981.6607466513384,144.8572080215826,23.34125881622787,Depression
2023-09-14,Hyderabad,Telangana,17.385,78.4867,26.43452863503463,54.68107542236074,15.746570289615626,996.8431786875392,90.1325056803321,14.426647158929821,Active
2023-09-14,Pune,Maharashtra,18.5204,73.8567,34.578643178329216,76.78549792674393,19.80457474874021,985.544314053388,143.15331417263647,22.945338649294488,Depression
2023-09-14,Ahmedabad,Gujarat,23.0225,72.5714,29.66515960238243,93.47415187745766,23.731309728806153,986.9210957036659,54.29493452944935,4.8621819309254075,Depression
2023-09-14,Jaipur,Rajasthan,26.9124,75.7873,33.69065033519786,57.33392822664695,11.374450089804034,1013.9961797054566,29.121986274924474,4.651645473382967,Break
2023-09-14,Lucknow,Uttar Pradesh,26.8467,80.9462,25.274970833169263,75.75091744268855,19.194722583032416,1002.495659079724,115.64563214446017,14.525810080747533,Active
2023-09-14,Bhopal,Madhya Pradesh,23.2599,77.4126,36.130591713742206,78.90752806576987,13.870689870422927,1002.0646403620642,21.489235240786726,6.95407333184455,Break
2023-09-14,Guwahati,Assam,26.1445,91.7362,20.409647623590562,89.13663150708179,4.242740034475085,993.8310652112373,177.81208764986695,1.7422947536566902,Depression
2023-09-14,Thiruvananthapuram,Kerala,8.5241,76.9366,33.80758005670349,76.14802243610636,24.246588116311546,1008.2515828432296,172.02688750749036,47.51802227165521,Depression
2023-09-14,Bhubaneswar,Odisha,20.2961,85.8245,35.29685955938955,64.73817418365537,9.96499666596345,980.1557568404369,81.82341939706359,1.9464628992519355,Active
2023-09-14,Raipur,Chhattisgarh,21.2514,81.6296,25.419622367834034,53.64926824805357,5.510904731248852,1012.7105310503705,18.85202684103043,5.013723584661206,Break
2023-09-15,Mumbai,Maharashtra,19.076,72.8777,33.9037476723411,51.597080049647595,6.532135359352607,990.0980454454539,0.9153445951818584,13.13731439680031,Break
2023-09-15,Delhi,Delhi,28.7041,77.1025,32.488380354423384,78.7948846371546,25.235524955443587,989.4203156653192,11.857316735951217,14.705909080664139,Break
2023-09-15,Bangalore,Karnataka,12.9716,77.5946,21.242560379825044,91.0232498470697,26.584296120162353,990.9372191034703,168.57456277926562,5.262002011594645,Depression
2023-09-15,Chennai,Tamil Nadu,13.0827,80.2707,34.32593502846581,81.5046851370229,13.507882886326456,1005.6186437785723,182.36487647702205,26.828270506177166,Depression
2023-09-15,Kolkata,West Bengal,22.5726,88.3639,24.83467215742487,89.41133269049698,3.594592474390505,1007.5277379195593,170.9186053527686,8.381035196527607,Depression
2023-09-15,Hyderabad,Telangana,17.385,78.4867,33.12830621628003,84.67659950763317,21.676961204063495,1000.4221666450411,77.89078613467136,18.46572539048917,Active
2023-09-15,Pune,Maharashtra,18.5204,73.8567,20.05749998415843,72.52531773278531,24.216390495482653,987.5374925388871,19.87883741326085,1.9720663431106273,Break
2023-09-15,Ahmedabad,Gujarat,23.0225,72.5714,36.590123836615255,98.73664180300374,8.894781771979233,1006.8761641039023,83.83085041705962,4.123380614096066,Active
2023-09-15,Jaipur,Rajasthan,26.9124,75.7873,25.939103163158794,97.28010735127387,6.8363362161378625,1008.8034550816739,58.884486718317056,16.091172894079808,Active
2023-09-15,Lucknow,Uttar Pradesh,26.8467,80.9462,35.11015683317429,98.85090407348943,16.84769602658629,986.3080449889354,67.17691551082797,18.846953039275192,Active
2023-09-15,Bhopal,Madhya Pradesh,23.2599,77.4126,33.9898081139366,83.32948706564012,17.33415420959875,1002.7740766458254,56.422274822893634,17.317630920897074,Depression
2023-09-15,Guwahati,Assam,26.1445,91.7362,27.801671996900748,53.36379288976184,5.6607505589316105,997.1568713762471,19.47044643149838,12.33653715439203,Break
2023-09-15,Thiruvananthapuram,Kerala,8.5241,76.9366,34.35082348186907,95.39144924736024,7.326252828459948,996.1165888137393,105.42185064775607,13.977087240423565,Active
2023-09-15,Bhubaneswar,Odisha,20.2961,85.8245,27.75648303335562,69.8151373947589,10.988049482653405,991.4471541990947,59.090172367501786,4.543107496021962,Depression
2023-09-15,Raipur,Chhattisgarh,21.2514,81.6296,37.9194342744493,98.71021689466778,21.905150280224454,1013.0012971857242,95.2104267520302,23.14169616812192,Active
2023-09-16,Mumbai,Maharashtra,19.076,72.8777,31.03114090609411,98.83115710527852,16.53406730937744,1009.4859078204312,27.399434987859987,2.291671697856617,Break
2023-09-16,Delhi,Delhi,28.7041,77.1025,33.97309715414763,93.32712641708741,8.635382160145173,990.8897225787478,6.224563248566248,36.86021591399563,Break
2023-09-16,Bangalore,Karnataka,12.9716,77.5946,29.050344584252837,93.75289149730129,9.70667953537753,996.7546769083687,84.71937421572399,25.14443758777322,Active
2023-09-16,Chennai,Tamil Nadu,13.0827,80.2707,32.07775822527959,73.0300951965814,13.026653616852057,991.9112665911792,79.23005833514233,7.956590532102649,Depression
2023-09-16,Kolkata,West Bengal,22.5726,88.3639,21.1067033810655,94.97925768672746,3.9342185833196663,998.2115643876507,75.67331497383404,1.5837018226225243,Active
2023-09-16,Hyderabad,Telangana,17.385,78.4867,28.25524202625656,66.37708391959444,16.572253070940025,998.2797132019872,196.67141733156282,5.739480341188931,Depression
2023-09-16,Pune,Maharashtra,18.5204,73.8567,35.76787244033654,95.97716546516862,4.0145018969179045,1000.9346729840872,62.058842079169224,47.4552301656324,Active
2023-09-16,Ahmedabad,Gujarat,23.0225,72.5714,28.573887305033338,98.65090864125654,26.192098144153665,1003.883428319191,0.6602603168769383,24.117400413775293,Break
2023-09-16,Jaipur,Rajasthan,26.9124,75.7873,28.171684282886538,60.926314155393364,27.019064171725404,1009.3076912097758,112.8401230355565,19.034927693369582,Active
2023-09-16,Lucknow,Uttar Pradesh,26.8467,80.9462,33.985775724075296,77.11602046061392,23.286744366181416,991.1161143636971,117.56859649107031,6.40972186972949,Active
2023-09-16,Bhopal,Madhya Pradesh,23.2599,77.4126,28.720379643600992,67.00707759768117,28.82814426738347,1007.6437243956896,28.23830934304193,21.84863835292247,Break
2023-09-16,Guwahati,Assam,26.1445,91.7362,37.6317905568208,76.10701243480881,26.423320975420573,1000.7384259021718,4.171984501057034,14.107118251854338,Break
2023-09-16,Thiruvananthapuram,Kerala,8.5241,76.9366,24.172018456188265,92.04644160458375,11.155242586870518,996.3674844620174,23.880367044184855,5.004935498463021,Break
2023-09-16,Bhubaneswar,Odisha,20.2961,85.8245,30.327315412288442,68.58937275445993,4.694891836778774,1011.8101024809806,9.764087725116484,9.75245807338624,Break
2023-09-16,Raipur,Chhattisgarh,21.2514,81.6296,22.338269366695837,78.22358740639673,21.49032455091916,997.6722123448259,68.45847334846735,15.906345893790414,Depression
2023-09-17,Mumbai,Maharashtra,19.076,72.8777,34.56082601031987,88.74144542846918,13.500066506492907,992.8367686276603,78.24734632618342,1.4319140816866363,Active
2023-09-17,Delhi,Delhi,28.7041,77.1025,23.811497547900707,90.02491209049023,26.147088218545576,1007.334930190482,63.56519919476018,7.014335842561701,Active
2023-09-17,Bangalore,Karnataka,12.9716,77.5946,27.272300030711,50.88759301004775,13.329437484931665,998.8529189432902,173.0320079509354,5.308468322749469,Depression
2023-09-17,Chennai,Tamil Nadu,13.0827,80.2707,26.01633369558321,87.22156807946442,8.075800809220778,995.00122631059,130.88031691529937,20.176033416048647,Depression
2023-09-17,Kolkata,West Bengal,22.5726,88.3639,37.68592863062274,75.76456138765386,19.52391640857062,1010.5811026253075,171.66579105659372,77.74596057313626,Depression
2023-09-17,Hyderabad,Telangana,17.385,78.4867,22.983292923875677,61.500546147085416,9.340057133972724,985.0820420162088,3.1796363984652687,15.418350755720219,Break
2023-09-17,Pune,Maharashtra,18.5204,73.8567,36.70454270653323,60.182844256913256,25.6196962566336,992.7200955689083,7.762456901932473,15.00292892970128,Break
2023-09-17,Ahmedabad,Gujarat,23.0225,72.5714,23.760025064133348,97.19666494837259,28.051654152950615,997.6501283954254,158.62045183800507,45.66702849481209,Depression
2023-09-17,Jaipur,Rajasthan,26.9124,75.7873,34.94236141029528,57.2242953787419,5.808599521397748,980.0743566644686,58.634753027094554,37.76147924101717,Depression
2023-09-17,Lucknow,Uttar Pradesh,26.8467,80.9462,35.94671956970804,50.97461430708905,24.50043352020881,985.8823577256925,40.86210163463544,19.021329570693702,Active
2023-09-17,Bhopal,Madhya Pradesh,23.2599,77.4126,31.014500018111352,53.51557744377704,19.537446755891516,988.4887607350629,124.722398287552,13.687487886766009,Depression
2023-09-17,Guwahati,Assam,26.1445,91.7362,20.14750620169106,86.80562712002217,6.1783126524420435,1002.362266917443,53.06722105364146,10.404626859875163,Active
2023-09-17,Thiruvananthapuram,Kerala,8.5241,76.9366,31.882961563492906,85.288066076246,15.602916662754838,1007.5471312071985,3.0388064032596995,20.348664143596434,Break
2023-09-17,Bhubaneswar,Odisha,20.2961,85.8245,33.530881103558265,94.23704462562289,7.488639399060682,1008.4653370813775,81.43595054186375,31.120263305137097,Depression
2023-09-17,Raipur,Chhattisgarh,21.2514,81.6296,34.1234247956009,87.87655888008607,11.26767554974506,987.7330728637895,191.97418719125747,3.557009763401256,Depression
2023-09-18,Mumbai,Maharashtra,19.076,72.8777,30.469252202225356,86.28837845456053,29.126060618294932,998.5151999353068,28.360026267327967,18.670397370802753,Break
2023-09-18,Delhi,Delhi,28.7041,77.1025,34.84701282869788,84.39499802101905,29.501956672184807,999.2029915405359,181.63737381783582,40.54830649616132,Depression
2023-09-18,Bangalore,Karnataka,12.9716,77.5946,23.695251213615332,53.234872258418946,24.307479969000486,984.4152976041306,155.44303432443812,10.563556962157737,Depression
2023-09-18,Chennai,Tamil Nadu,13.0827,80.2707,31.381466070514115,79.17906874447922,16.998156790843936,999.2505784610837,135.0986817026774,8.290356242313923,Depression
2023-09-18,Kolkata,West Bengal,22.5726,88.3639,24.632350659927944,52.33314297504026,17.599325621327477,1003.9075548750777,10.591974146036213,7.1874377816120765,Break
2023-09-18,Hyderabad,Telangana,17.385,78.4867,21.99908597529203,52.86947063803436,2.023528783189554,996.716045814236,30.448186824940944,5.2581850239223895,Active
2023-09-18,Pune,Maharashtra,18.5204,73.8567,28.49949035369187,56.06003221395672,17.472249331329387,990.2219908757498,129.33981616807864,5.381717984337416,Depression
2023-09-18,Ahmedabad,Gujarat,23.0225,72.5714,25.47136434168756,73.00407650468097,4.164348770087823,1001.7010467626908,86.17761204530238,9.995859549222862,Depression
2023-09-18,Jaipur,Rajasthan,26.9124,75.7873,31.253316301054483,89.76951334480125,19.701282987568995,980.5166890088666,185.9091457220521,26.15775565687776,Depression
2023-09-18,Lucknow,Uttar Pradesh,26.8467,80.9462,37.93507989508372,91.17965844279193,19.61354824899902,982.5175066434772,194.31121426367702,28.102997216648397,Depression
2023-09-18,Bhopal,Madhya Pradesh,23.2599,77.4126,29.64283181603986,95.99403889894569,22.50977860451798,985.0058012434766,98.33158609235906,14.065206418223967,Active
2023-09-18,Guwahati,Assam,26.1445,91.7362,32.016728428247845,94.6956998590697,27.242173831208934,1001.0007540973146,93.75490135660169,8.034064863981303,Active
2023-09-18,Thiruvananthapuram,Kerala,8.5241,76.9366,25.797111140998318,53.23241771403768,7.965683375314672,995.5493483034082,73.40115529251682,3.699846433148163,Active
2023-09-18,Bhubaneswar,Odisha,20.2961,85.8245,23.97195857078107,93.83369511399103,10.772821220018404,993.0156907985744,188.48748980596574,14.26464897240437,Depression
2023-09-18,Raipur,Chhattisgarh,21.2514,81.6296,30.325077078254512,98.08310074067691,18.16184601887592,1012.8431358036552,119.80013473802276,1.2525113864805237,Depression
2023-09-19,Mumbai,Maharashtra,19.076,72.8777,36.9192287756906,63.598897960816245,15.33507470866192,999.349946206555,8.96105167733887,11.810890568083801,Break
2023-09-19,Delhi,Delhi,28.7041,77.1025,23.340276760722222,63.37950836602902,13.501184290076969,981.9184844616774,79.50972980101079,13.060288100282746,Active
2023-09-19,Bangalore,Karnataka,12.9716,77.5946,24.858402596895996,56.865878586936766,6.7987502578433,983.1740997113592,34.16589137792582,0.4556316581428893,Active
2023-09-19,Chennai,Tamil Nadu,13.0827,80.2707,35.55300189215039,73.96821668013575,7.61338402855705,1005.5192830671062,5.350687740894338,64.81856850063514,Break
2023-09-19,Kolkata,West Bengal,22.5726,88.3639,31.061532439218468,82.15247306448569,21.892254371022805,1008.7357387630833,27.47976937024236,1.4151356339735832,Break
2023-09-19,Hyderabad,Telangana,17.385,78.4867,32.51410638086476,89.45143392027599,15.41285986872234,1011.9775202167198,168.18265920695143,10.169125942695674,Depression
2023-09-19,Pune,Maharashtra,18.5204,73.8567,35.05912563683832,56.5114434825549,26.470158936167195,987.7334453884731,3.966398085273698,34.89348189375916,Break
2023-09-19,Ahmedabad,Gujarat,23.0225,72.5714,28.822169426071177,97.101155499573,14.962445095270622,1007.9647143426172,20.626324239425003,3.565988085099012,Break
2023-09-19,Jaipur,Rajasthan,26.9124,75.7873,31.41850699215992,89.98489298375904,21.957566539017765,995.6838668894,174.21156111723624,28.8039257750939,Depression
2023-09-19,Lucknow,Uttar Pradesh,26.8467,80.9462,21.348074660323142,96.30307296020676,19.862254685922746,986.3854456595498,157.5504448400127,15.305751851532719,Depression
2023-09-19,Bhopal,Madhya Pradesh,23.2599,77.4126,33.68508964242368,84.19963586232109,6.91468316072554,992.7292145564497,21.188503982892964,15.84908384448675,Break
2023-09-19,Guwahati,Assam,26.1445,91.7362,30.66115281867372,76.66119111872433,4.7982254690130475,986.943520570361,16.289077211081857,12.27952173046099,Break
2023-09-19,Thiruvananthapuram,Kerala,8.5241,76.9366,22.049277024412298,93.56369244072764,3.1271562516999754,986.606321911708,56.86549753378128,10.970548055782654,Active
2023-09-19,Bhubaneswar,Odisha,20.2961,85.8245,29.587078598280648,54.92085882662159,16.59633926597018,987.9907952185731,53.80762014392087,25.80828580338018,Active
2023-09-19,Raipur,Chhattisgarh,21.2514,81.6296,24.941167557601336,54.86031957667795,9.364284603179456,996.8589884763551,73.1107089794991,27.335827322150582,Depression
2023-09-20,Mumbai,Maharashtra,19.076,72.8777,36.29505076144193,69.64572111233625,13.04718593671903,1011.4400097417256,132.35802612873545,4.239651622861898,Depression
2023-09-20,Delhi,Delhi,28.7041,77.1025,35.11973556218522,50.552449799749596,18.225193307131164,1002.2550474648805,17.710504735559006,15.55817174446,Break
2023-09-20,Bangalore,Karnataka,12.9716,77.5946,20.279027112136067,65.63864202839738,21.201865152070088,1003.638326673768,27.51652725448914,23.910870913502304,Break
2023-09-20,Chennai,Tamil Nadu,13.0827,80.2707,26.136941900946887,95.24955328581493,17.017308452320858,991.5413126031964,155.52381808115157,7.6879839117068745,Depression
2023-09-20,Kolkata,West Bengal,22.5726,88.3639,28.084527769655995,50.72806501769373,14.249418669295302,993.4187338470158,66.07208127138446,20.748966759325747,Depression
2023-09-20,Hyderabad,Telangana,17.385,78.4867,37.09796322552849,73.82952179680035,7.447616245083734,997.8340794528923,100.8974073338101,14.701624192090327,Active
2023-09-20,Pune,Maharashtra,18.5204,73.8567,26.606813007277417,99.07073412792536,4.857948313306721,1007.9590911338565,27.11387720390873,32.362270014495884,Break
2023-09-20,Ahmedabad,Gujarat,23.0225,72.5714,32.47410032174819,83.50607457666365,23.326790049973127,987.4870157815243,6.6821451057315775,22.872795848224946,Break
2023-09-20,Jaipur,Rajasthan,26.9124,75.7873,26.34108265378363,52.77715251446277,17.82071828621318,1010.5627516592207,3.4433532634744903,50.77799963886479,Break
2023-09-20,Lucknow,Uttar Pradesh,26.8467,80.9462,24.973042052198753,96.53855710420572,4.740459985944952,1002.7287230017417,102.78748381183749,6.821121542034099,Depression
2023-09-20,Bhopal,Madhya Pradesh,23.2599,77.4126,25.852612530655804,76.77659986051788,19.86618654994526,1008.3224045954029,165.6832713263231,8.866459172014915,Depression
2023-09-20,Guwahati,Assam,26.1445,91.7362,28.760648072293865,59.97827355339139,4.1380563534557595,999.0095173132983,125.89990221087857,22.127912777593924,Depression
2023-09-20,Thiruvananthapuram,Kerala,8.5241,76.9366,30.434435222843803,69.94267956707752,21.634663451176266,994.4276896087224,25.09941884715464,0.22011871121380922,Break
2023-09-20,Bhubaneswar,Odisha,20.2961,85.8245,36.84300626885616,55.358641894827905,25.842575443833493,999.9250825762657,75.03194151909554,5.587467353170655,Active
2023-09-20,Raipur,Chhattisgarh,21.2514,81.6296,25.52627716522812,58.3472037799785,10.145428050130072,1009.3349697304437,97.56431720547914,24.349894110141157,Active
2023-09-21,Mumbai,Maharashtra,19.076,72.8777,25.19907566260315,50.84790392697065,24.567868024518695,1005.753921850133,49.395550039324505,50.053002402851355,Active
2023-09-21,Delhi,Delhi,28.7041,77.1025,36.4340681382167,67.29847232764051,14.237197573225613,1002.1339061077498,53.73417849336042,33.46439336623684,Active
2023-09-21,Bangalore,Karnataka,12.9716,77.5946,27.505787973800196,79.49668200210925,22.852652123731374,991.3547240154102,150.1858563021931,3.9905738556895876,Depression
2023-09-21,Chennai,Tamil Nadu,13.0827,80.2707,24.1608315598696,75.84776800101034,12.127979690995042,997.2945784101805,26.70271411484597,10.26587819139131,Break
2023-09-21,Kolkata,West Bengal,22.5726,88.3639,28.027834226515516,70.31295308564991,6.7659798387515195,1010.7440481612083,114.47128490740546,7.513281523127796,Active
2023-09-21,Hyderabad,Telangana,17.385,78.4867,24.762884265823214,70.09408208746483,23.721825476221845,989.4919597896034,148.78145720104806,5.214514084659083,Depression
2023-09-21,Pune,Maharashtra,18.5204,73.8567,26.352481408712332,77.31589501629179,9.974272853839443,1011.1564807731102,172.03689406496937,23.735766315133997,Depression
2023-09-21,Ahmedabad,Gujarat,23.0225,72.5714,37.7383554292153,88.51521514466165,29.711790466272262,1005.4244897006254,111.32654732786858,1.4652625552713303,Depression
2023-09-21,Jaipur,Rajasthan,26.9124,75.7873,32.12559341949324,98.01474484950279,29.387471806534702,990.3176255485527,118.93992415191192,10.280896741438362,Active
2023-09-21,Lucknow,Uttar Pradesh,26.8467,80.9462,35.87959685598186,58.63839440677269,17.566385333216715,1012.9717435761861,25.188004681592897,14.788928917414056,Break
2023-09-21,Bhopal,Madhya Pradesh,23.2599,77.4126,36.60772520822244,87.19671556913445,11.004812888387189,1008.6935428667704,97.09874855674667,10.76377708854554,Depression
2023-09-21,Guwahati,Assam,26.1445,91.7362,31.929750638590793,76.86224163061867,10.215489625378705,998.3965742318908,60.24555156412397,15.901485091269667,Active
2023-09-21,Thiruvananthapuram,Kerala,8.5241,76.9366,26.778599440487817,84.11214227567797,23.121876593661142,1006.1166339389396,17.36060622582632,0.9503736369235142,Break
2023-09-21,Bhubaneswar,Odisha,20.2961,85.8245,20.74367311265732,56.98305782222062,26.433948536631544,995.143997261773,23.369132643815735,0.3534714986952636,Break
2023-09-21,Raipur,Chhattisgarh,21.2514,81.6296,22.351653269319492,94.56355882330186,3.162394458233533,987.939261790882,184.88186266477007,0.6464145383191939,Depression
2023-09-22,Mumbai,Maharashtra,19.076,72.8777,20.792189649510423,55.07473502079134,25.525987498285986,994.8327881800354,145.33054553762582,6.273876654283601,Depression
2023-09-22,Delhi,Delhi,28.7041,77.1025,25.001370732577172,69.85590038122047,20.696848759078215,996.7733085791187,5.571169503980467,19.192756183039393,Break
2023-09-22,Bangalore,Karnataka,12.9716,77.5946,21.622102601532756,92.7192990013827,3.7358512277852607,986.9519869523658,23.643479342928973,11.96947577590707,Break
2023-09-22,Chennai,Tamil Nadu,13.0827,80.2707,36.93226678317744,83.53027792359396,6.240411330325595,1004.0148762778131,78.1581381698935,3.9608705752247504,Active
2023-09-22,Kolkata,West Bengal,22.5726,88.3639,32.63225271142883,51.26814750093788,8.681745491612801,1006.7091782818671,58.9588375000976,0.031007223115922845,Active
2023-09-22,Hyderabad,Telangana,17.385,78.4867,27.592139360480633,75.74644678502221,3.7314870974144183,1012.621030194584,174.42342048513825,21.07800700112089,Depression
2023-09-22,Pune,Maharashtra,18.5204,73.8567,20.48659354387845,98.41585668423807,27.224973028124932,993.1460532874909,18.49362533788006,10.176862493989363,Break
2023-09-22,Ahmedabad,Gujarat,23.0225,72.5714,21.55372568444766,83.36679868901717,22.724268832912802,997.614943882127,3.86525276491044,27.704500407518456,Break
2023-09-22,Jaipur,Rajasthan,26.9124,75.7873,35.066287395599694,81.16730752739733,12.450311087904737,994.151975625403,4.462159227594974,30.427481842042592,Break
2023-09-22,Lucknow,Uttar Pradesh,26.8467,80.9462,26.16931862667044,58.87280758330938,21.511540906266323,981.4876498650109,42.12447058363318,25.67320939185868,Active
2023-09-22,Bhopal,Madhya Pradesh,23.2599,77.4126,22.47668842836785,99.80780476016349,8.508642684133928,1005.9454683547434,177.05920298046084,20.279973439904044,Depression
2023-09-22,Guwahati,Assam,26.1445,91.7362,28.696906842784518,84.63642530454689,17.774670573886038,992.5245863509233,51.09265387248819,8.543922572466906,Active
2023-09-22,Thiruvananthapuram,Kerala,8.5241,76.9366,31.333517818729455,71.32205062039678,24.734584956287776,980.0739074927807,4.011916342727075,26.735999202815304,Break
2023-09-22,Bhubaneswar,Odisha,20.2961,85.8245,23.56635037146653,63.575937342067306,15.227755590938628,994.8328508091959,5.070501464154109,12.348760119870812,Break
2023-09-22,Raipur,Chhattisgarh,21.2514,81.6296,35.738292601845686,92.29137125631419,22.91310492327984,994.6512514148487,45.99194888988829,15.485377938140504,Active
2023-09-23,Mumbai,Maharashtra,19.076,72.8777,22.820264640327242,75.22664125558643,3.433064309841534,988.8704117339335,160.71638246621066,11.364253358202717,Depression
2023-09-23,Delhi,Delhi,28.7041,77.1025,26.392294349823516,55.05487414623804,11.118977601611546,1014.1144224995962,85.91896575535179,47.048567752456556,Active
2023-09-23,Bangalore,Karnataka,12.9716,77.5946,24.21537300709827,72.21958604812156,26.9492783667264,1000.0853059198288,25.09401086983651,5.697530840757025,Break
2023-09-23,Chennai,Tamil Nadu,13.0827,80.2707,36.83261456968948,64.55098048761012,24.810765899278987,1012.6904585831845,117.10242318982613,0.7607377359216608,Active
2023-09-23,Kolkata,West Bengal,22.5726,88.3639,27.622861433194373,94.97926578977592,20.516960285825668,989.8559733157256,117.99594284850012,11.689468725992786,Active
2023-09-23,Hyderabad,Telangana,17.385,78.4867,29.437793080623756,90.7269574268037,13.340369766118458,1012.9685778196883,1.6931294524208995,5.369349796015847,Break
2023-09-23,Pune,Maharashtra,18.5204,73.8567,26.48795162474019,69.97568565195581,2.151171097977769,1000.8742811168719,51.07206762874792,1.4156160557660946,Active
2023-09-23,Ahmedabad,Gujarat,23.0225,72.5714,31.943089405551106,78.78816358493464,19.226347626699322,1012.2600067603565,38.30065211319463,0.36145678634997686,Active
2023-09-23,Jaipur,Rajasthan,26.9124,75.7873,21.146043296974184,95.2464351802243,22.936335098938113,989.652544716013,157.622646466967,0.875055722048944,Depression
2023-09-23,Lucknow,Uttar Pradesh,26.8467,80.9462,29.689196059017647,99.77598791546484,21.90361693373808,993.1641901904311,58.77668231525779,3.1302381622070072,Active
2023-09-23,Bhopal,Madhya Pradesh,23.2599,77.4126,20.4176880127436,96.22264991530326,18.499586778398985,995.3345731722194,3.718431669196245,2.13764919538945,Break
2023-09-23,Guwahati,Assam,26.1445,91.7362,23.141451012870203,71.6111513433358,16.615888863506616,984.1807165058784,17.218081941513685,0.03783194712703378,Break
2023-09-23,Thiruvananthapuram,Kerala,8.5241,76.9366,36.55541363913744,85.52431126721024,24.574184727381592,981.8612861128462,70.05832500174594,29.284818139352208,Depression
2023-09-23,Bhubaneswar,Odisha,20.2961,85.8245,36.70237132411859,50.30038325860062,17.14328813628682,995.2595951982992,18.91117549599439,5.911648511509642,Break
2023-09-23,Raipur,Chhattisgarh,21.2514,81.6296,25.674818863444383,50.13341770802624,4.044585804031357,997.1068959312968,90.7002780339447,3.3872087940567166,Active
2023-09-24,Mumbai,Maharashtra,19.076,72.8777,36.47926501121664,74.37934767262038,26.587113176493133,989.5375185884737,10.63895440571211,14.230292044407173,Break
2023-09-24,Delhi,Delhi,28.7041,77.1025,26.740740133977738,93.40957975260693,3.48267264569787,989.0884281035273,14.381990981184238,41.332481216226654,Break
2023-09-24,Bangalore,Karnataka,12.9716,77.5946,27.412100108005497,97.13867344786601,11.518337623499018,1009.3689624410325,90.30540359290002,50.19773833287759,Depression
2023-09-24,Chennai,Tamil Nadu,13.0827,80.2707,24.126332337973587,70.84010073181913,25.844002041568874,997.8070122216023,66.39320716925884,55.82536496101906,Depression
2023-09-24,Kolkata,West Bengal,22.5726,88.3639,34.8104979282536,83.43721300647044,26.82204520820365,981.4788863791239,96.81930027860847,4.812722875910284,Active
2023-09-24,Hyderabad,Telangana,17.385,78.4867,28.849504523046903,84.53791946635664,19.990949844728064,1002.5664568911565,37.24412672785331,48.45317124456906,Active
2023-09-24,Pune,Maharashtra,18.5204,73.8567,25.357077875553568,69.50756930751501,10.332813211835278,1001.8285273645056,96.28667406888403,3.4940638734125593,Depression
2023-09-24,Ahmedabad,Gujarat,23.0225,72.5714,33.12416646990736,63.09356116859257,13.215107155731555,997.6590369703979,62.22540519507852,63.51891546370466,Depression
2023-09-24,Jaipur,Rajasthan,26.9124,75.7873,28.04623105794027,93.80524305775236,29.76811295325313,985.397159756286,109.62543171152791,15.406543763799073,Active
2023-09-24,Lucknow,Uttar Pradesh,26.8467,80.9462,33.77275285857887,71.43645214646452,21.910240090622757,982.0931712045367,1.07648004527357,5.454827068463358,Break
2023-09-24,Bhopal,Madhya Pradesh,23.2599,77.4126,33.0071327525954,82.67615066715913,29.985286594502462,998.372137426417,17.93888288105258,11.19972891159739,Break
2023-09-24,Guwahati,Assam,26.1445,91.7362,28.562685987668925,64.537450017547,21.11768670726974,1004.3854353419969,52.919352355196395,102.4038476090044,Depression
2023-09-24,Thiruvananthapuram,Kerala,8.5241,76.9366,32.881031518271364,51.859190357108,13.088132918231516,985.9327467092807,198.40389231527917,1.6493713970029782,Depression
2023-09-24,Bhubaneswar,Odisha,20.2961,85.8245,29.21436915307027,86.28779103575457,28.08156236927109,997.9821204774478,20.423681066978336,9.110936958956565,Break
2023-09-24,Raipur,Chhattisgarh,21.2514,81.6296,25.447535464354576,94.79508560386762,19.966507674237263,997.861903485343,77.27416932060663,0.5245010677169352,Active
2023-09-25,Mumbai,Maharashtra,19.076,72.8777,32.60105432391153,60.627733583010254,14.773965721269205,1010.6329811084165,36.34331678025441,22.950283209386864,Active
2023-09-25,Delhi,Delhi,28.7041,77.1025,36.238603138702466,56.49919878409537,12.418894296273647,997.170489383579,37.376163953768774,14.60630205154337,Active
2023-09-25,Bangalore,Karnataka,12.9716,77.5946,32.987794532735855,62.28346669052582,3.1767012453731334,994.5251599954798,20.24683069164681,13.313453533350415,Break
2023-09-25,Chennai,Tamil Nadu,13.0827,80.2707,27.12000246733762,79.23353088681142,27.02377717232877,1009.2560478073883,162.6203694427635,25.814089792606,Depression
2023-09-25,Kolkata,West Bengal,22.5726,88.3639,20.153475248483023,85.94204680547746,27.649054227187502,983.5499390384779,182.37656266534327,11.38759590597685,Depression
2023-09-25,Hyderabad,Telangana,17.385,78.4867,32.11778056935418,51.59696424903502,21.828404001354286,1002.5124514086458,8.643067834957638,2.430686058980605,Break
2023-09-25,Pune,Maharashtra,18.5204,73.8567,27.305794819852974,58.933378264982075,4.95612134495304,1004.4982481563484,114.86754636044536,10.45494905547196,Active
2023-09-25,Ahmedabad,Gujarat,23.0225,72.5714,26.28677383128402,69.73110703506416,29.309406524081737,981.6245900238038,96.95849013508378,3.015113860268092,Active
2023-09-25,Jaipur,Rajasthan,26.9124,75.7873,24.990369704788314,66.62623130733661,7.118441518729221,1002.7330991936068,81.80695896988956,43.18905989944588,Depression
2023-09-25,Lucknow,Uttar Pradesh,26.8467,80.9462,21.51141311727327,65.3024000834911,6.59618269142447,1000.0403613448132,109.69089626906691,24.042554732426435,Active
2023-09-25,Bhopal,Madhya Pradesh,23.2599,77.4126,32.44158922815873,56.367324517067075,25.290202622663173,1004.8107236580257,79.43913876568405,5.0004096403625695,Active
2023-09-25,Guwahati,Assam,26.1445,91.7362,26.102708774902027,67.0038905928139,12.336876871082662,1006.6202870492118,25.277403097395496,0.49225288553579366,Break
2023-09-25,Thiruvananthapuram,Kerala,8.5241,76.9366,28.621942232537357,86.31424845005893,2.607548427985271,1006.8165341403862,80.21781950538488,45.15610862309243,Active
2023-09-25,Bhubaneswar,Odisha,20.2961,85.8245,23.677244250655747,92.6433539745723,19.22323216221386,990.8060900606449,117.47928188921354,0.8232468813550532,Active
2023-09-25,Raipur,Chhattisgarh,21.2514,81.6296,33.91365883540679,78.2700949862586,4.5370422376277375,991.1705691607376,1.8849419311773419,34.2723676198659,Break
2023-09-26,Mumbai,Maharashtra,19.076,72.8777,25.61145289665989,50.45733697778865,24.14080308488913,995.6819580881137,117.21507933804274,3.790104419104922,Active
2023-09-26,Delhi,Delhi,28.7041,77.1025,30.222585178622865,75.98966554087343,7.603036248086209,1002.4941944484832,89.37371938079667,7.410149148157971,Active
2023-09-26,Bangalore,Karnataka,12.9716,77.5946,28.941997367844813,74.8009671408015,11.839907772812719,994.633398033046,6.0831357624772,2.747130766101513,Break
2023-09-26,Chennai,Tamil Nadu,13.0827,80.2707,28.43999227767605,85.77731381294296,23.17140918593499,987.4515741746958,115.3431722101393,4.7063481817163,Depression
2023-09-26,Kolkata,West Bengal,22.5726,88.3639,33.32953906766221,72.64402744375421,3.841002697973743,997.2793865898274,66.90711813401339,2.234701548651466,Active
2023-09-26,Hyderabad,Telangana,17.385,78.4867,34.691678438504454,90.75008613613272,4.288853694349186,1013.1250844396342,21.72442032277234,12.774600256828482,Break
2023-09-26,Pune,Maharashtra,18.5204,73.8567,28.43273364727752,71.21939741625891,2.8317309969916065,1011.8735729802613,25.436018959839476,10.908744919882,Break
2023-09-26,Ahmedabad,Gujarat,23.0225,72.5714,23.618699129347583,67.92678650290128,14.891713740561798,988.2819467988401,75.24490026566991,1.7536783583489766,Active
2023-09-26,Jaipur,Rajasthan,26.9124,75.7873,21.024385467040613,84.11804779703533,25.564926678127247,1014.2414856855765,55.305055244499975,12.77407313403305,Depression
2023-09-26,Lucknow,Uttar Pradesh,26.8467,80.9462,33.70347191952717,91.0900072643426,22.888352276183603,993.8118821854088,123.31340258810211,64.70490985003408,Depression
2023-09-26,Bhopal,Madhya Pradesh,23.2599,77.4126,24.455945766108247,72.574608247547,17.72278214284006,1004.4930497444506,36.62440251715172,3.5820695615644755,Active
2023-09-26,Guwahati,Assam,26.1445,91.7362,24.88976479296994,58.980697048280675,19.802006992777134,996.8801224694444,1.4040532112191662,20.16422739083838,Break
2023-09-26,Thiruvananthapuram,Kerala,8.5241,76.9366,27.00817377395687,60.62363380956489,4.8752830428131215,987.728881207035,106.19846145160467,14.23367511963239,Active
2023-09-26,Bhubaneswar,Odisha,20.2961,85.8245,36.444501350036184,62.176045302286255,13.102994561148273,1010.3567967573424,143.6830255615655,8.659250502729028,Depression
2023-09-26,Raipur,Chhattisgarh,21.2514,81.6296,33.904646842666466,77.05019751306047,8.600311682912164,981.7706719150627,72.94241213600387,3.130183589640989,Active
2023-09-27,Mumbai,Maharashtra,19.076,72.8777,25.825836261904687,99.86633808125335,6.398504464013168,1009.8201166768191,184.91799378004748,9.716606080447658,Depression
2023-09-27,Delhi,Delhi,28.7041,77.1025,36.65255599785607,83.97828597548349,16.528306952379435,988.0828135726504,194.11225617766252,41.551828440005906,Depression
2023-09-27,Bangalore,Karnataka,12.9716,77.5946,24.785524800456812,81.83498228222547,17.864576490672754,991.521492967201,46.95896751804298,3.373509259163604,Active
2023-09-27,Chennai,Tamil Nadu,13.0827,80.2707,31.625689766496187,59.26856705041458,13.550414228236448,1008.3578841000109,6.068606729459464,44.90408672708433,Break
2023-09-27,Kolkata,West Bengal,22.5726,88.3639,25.935472269782345,69.20171904907536,3.641162691866468,1000.6272794141129,108.23912103323259,20.53466729117234,Active
2023-09-27,Hyderabad,Telangana,17.385,78.4867,20.34934709524435,80.48216837542334,18.483603380883675,989.5893302600991,118.4941864848477,11.148871605469996,Active
2023-09-27,Pune,Maharashtra,18.5204,73.8567,28.632286455514883,67.81404205936965,4.145613900143886,999.0407309998724,100.58590571025672,1.6281364966357592,Active
2023-09-27,Ahmedabad,Gujarat,23.0225,72.5714,22.776646343798216,79.64806708743293,21.728077433262836,1000.3231934247954,1.3158715955314737,19.373948203137388,Break
2023-09-27,Jaipur,Rajasthan,26.9124,75.7873,20.411434443091586,58.87414683688777,27.26626096314666,990.5137195291276,109.81619231580633,15.337251389613781,Active
2023-09-27,Lucknow,Uttar Pradesh,26.8467,80.9462,22.968807754338904,90.10649983572237,26.4260935825215,1006.3149850893988,4.950976627436506,61.463516222772455,Break
2023-09-27,Bhopal,Madhya Pradesh,23.2599,77.4126,24.011018037881918,82.5274526183862,3.7728905613732104,987.8459136570901,65.2306990503537,1.6007560736683024,Depression
2023-09-27,Guwahati,Assam,26.1445,91.7362,28.062593392603056,82.25948500192086,27.89864861121059,990.224417346786,133.8495277771009,6.217431307005149,Depression
2023-09-27,Thiruvananthapuram,Kerala,8.5241,76.9366,21.68790235905431,51.34148830275297,20.22059765447092,996.8332799876591,149.61087740767658,0.7363975928142906,Depression
2023-09-27,Bhubaneswar,Odisha,20.2961,85.8245,27.224620732955074,79.78154546464667,6.817821059910671,992.7705134032185,125.40033854880222,3.2961783468374914,Depression
2023-09-27,Raipur,Chhattisgarh,21.2514,81.6296,23.026412560913055,51.9590770643995,16.55761206493316,986.7613296383282,76.35546406295828,35.58532807092084,Depression
2023-09-28,Mumbai,Maharashtra,19.076,72.8777,34.67035811578515,92.49663589481634,15.991981689995875,1009.1550733705541,51.4566275783731,11.08424743117065,Depression
2023-09-28,Delhi,Delhi,28.7041,77.1025,28.779929381566227,78.22877829950781,13.604243166608931,986.205749326657,41.27750348963957,12.261224903829639,Active
2023-09-28,Bangalore,Karnataka,12.9716,77.5946,30.27245954853459,88.25507249875392,7.963201526058693,991.5814411720955,16.77334818023295,7.914832516174426,Break
2023-09-28,Chennai,Tamil Nadu,13.0827,80.2707,23.80290666212957,77.6080834062871,17.89776752141225,982.9930779865147,97.46307101355117,40.57321948495251,Active
2023-09-28,Kolkata,West Bengal,22.5726,88.3639,24.42259550390196,99.93335167350696,22.890170628487994,991.6735561215306,9.800125769706247,3.560314648499081,Break
2023-09-28,Hyderabad,Telangana,17.385,78.4867,31.16490017065096,89.43129919360834,3.296233031588834,980.8127521907712,55.41077141931777,16.85797081677537,Active
2023-09-28,Pune,Maharashtra,18.5204,73.8567,25.37793779931218,65.81920817622591,17.651114188781637,991.2411214296939,168.11378239244902,33.40914572120535,Depression
2023-09-28,Ahmedabad,Gujarat,23.0225,72.5714,34.02727360259293,73.04279988313094,27.996718904598414,990.5645512606892,0.16755238578225362,14.493744430060273,Break
2023-09-28,Jaipur,Rajasthan,26.9124,75.7873,28.350079448116,94.42231572460045,25.39130364003745,983.7253847834463,61.788913843561076,6.482231553531214,Depression
2023-09-28,Lucknow,Uttar Pradesh,26.8467,80.9462,36.28567710961086,77.0576477712967,27.596272760836083,998.1026231775805,9.46804308255748,37.722163635987606,Break
2023-09-28,Bhopal,Madhya Pradesh,23.2599,77.4126,26.70893224151643,90.42497997586646,22.687957370611507,1005.5282323057037,115.20653355984746,19.06044664723174,Active
2023-09-28,Guwahati,Assam,26.1445,91.7362,27.822058018800902,90.57810320867566,11.869006340705322,992.9941193757353,188.33645287273097,1.1699497625756317,Depression
2023-09-28,Thiruvananthapuram,Kerala,8.5241,76.9366,29.705465820585985,64.22195344355274,18.61276104347274,989.4860876483529,27.037381659105982,16.089971702777614,Break
2023-09-28,Bhubaneswar,Odisha,20.2961,85.8245,35.446808823887295,51.87254379928601,26.01445766624449,988.261020431542,82.95056425869083,32.22216440638401,Depression
2023-09-28,Raipur,Chhattisgarh,21.2514,81.6296,20.295832206399034,50.41047778717321,29.80050924914427,1008.9958365112577,25.17437316776992,6.582645996165308,Break
2023-09-29,Mumbai,Maharashtra,19.076,72.8777,23.27017766861555,57.54918467384729,4.925002722572167,984.8348686660843,153.2766990047964,18.114766135496673,Depression
2023-09-29,Delhi,Delhi,28.7041,77.1025,37.95671267980396,96.46404314954417,23.971719282323704,995.7514723229879,5.062716150304674,0.08842140997005946,Break
2023-09-29,Bangalore,Karnataka,12.9716,77.5946,30.706110960237687,90.33284824215937,2.3725886000547627,996.5837166616897,17.53748283185734,2.399725543369492,Break
2023-09-29,Chennai,Tamil Nadu,13.0827,80.2707,23.45745845563441,96.06095963715339,4.199726872172178,998.2632879363241,130.4516001117049,33.66105700574927,Depression
2023-09-29,Kolkata,West Bengal,22.5726,88.3639,35.713781855955176,64.5294174683768,16.73333558988807,986.6127829167734,190.1322108662837,3.6588643794358484,Depression
2023-09-29,Hyderabad,Telangana,17.385,78.4867,25.34836587917782,55.114096066793806,6.2689526912431095,1000.0514878540477,104.35115868075347,10.065103341650612,Depression
2023-09-29,Pune,Maharashtra,18.5204,73.8567,24.65781829136874,87.09080617733636,7.600296971722807,1010.5870843065596,7.274482611290429,5.394344911064749,Break
2023-09-29,Ahmedabad,Gujarat,23.0225,72.5714,37.79143953901354,73.98096188950966,2.6435252857708926,980.689809677488,7.246744460080493,30.761995670960577,Break
2023-09-29,Jaipur,Rajasthan,26.9124,75.7873,37.13249951221481,59.70948260215216,10.036665682047317,987.9590456707249,24.081091016934987,16.85355553756562,Break
2023-09-29,Lucknow,Uttar Pradesh,26.8467,80.9462,31.469690580100274,59.50011479332477,10.319450599756737,1011.7040036388468,24.82674011063564,10.16930060009575,Break
2023-09-29,Bhopal,Madhya Pradesh,23.2599,77.4126,30.246905805055476,77.08610698830438,9.169601801168113,1012.9738131133438,74.26994640429454,19.547451328624494,Active
2023-09-29,Guwahati,Assam,26.1445,91.7362,32.89705836876652,76.01094246139058,3.3067591835519106,1013.6458367458999,50.00889429476924,6.724626425519081,Depression
2023-09-29,Thiruvananthapuram,Kerala,8.5241,76.9366,20.924947026203622,83.17962456314407,8.317943710253191,985.6202303506326,94.5663789960782,4.772922343019753,Depression
2023-09-29,Bhubaneswar,Odisha,20.2961,85.8245,34.69371663938796,61.124045054769105,25.84095653683551,983.8085390329929,80.56878890083883,7.784784039050486,Depression
2023-09-29,Raipur,Chhattisgarh,21.2514,81.6296,30.147207401709675,89.35854473863915,5.194585390838544,1013.4732065695705,129.7015558591445,20.75838436669266,Depression
