temperature,humidity,wind,pressure,nwp_rainfall,actual_rainfall,regime
26.741722139252524,97.53571532049581,22.495830370719343,1000.9530469468963,116.87491292803867,139.87416040257875,Depression
28.266480055385607,66.68543055695109,6.000270901814342,1002.7810965532099,117.29188669457949,139.77852630658583,Active
23.82210399220897,59.09124836035503,7.135326275896147,990.6484785035839,0.21198915659152218,-4.5573865929943205,Break
29.445943884651005,69.99304858576278,3.306638569981232,1014.081443159451,118.41049763255539,161.9657764743458,Depression
23.594128078850474,75.71172192068059,18.58760792813719,981.6257644451999,152.04613078816695,185.56110834725325,Depression
20.238769300877596,97.11008778424264,17.772070099675098,993.4895775888971,2.930163420191516,4.772493685313085,Break
27.922744887312824,56.10191174223894,15.864953483115565,981.2035982390327,11.731818227197223,8.554179105077846,Break
33.59650538571775,71.25779372456223,7.822366560309288,999.8695114736997,117.26261649881027,138.889608849227,Active
36.910980948155405,94.74136752138244,18.741199406710383,1012.2655982258091,5.879485872574356,1.331758761679736,Break
25.855945953738757,69.4338644844741,9.597772889669086,1009.0058128203175,28.95765921792414,30.028001694790987,Break
24.96798527640578,64.81367528520411,6.62747429376407,980.5472742359418,99.50202923669917,112.48276445971176,Active
20.099398108224843,90.77307142274171,21.79200562773328,1005.5152508814346,84.53639773029101,108.43091090799125,Active
31.719386459035,95.74798377718903,25.80108017811438,995.7307735948372,35.72025152574213,50.38498635147706,Active
25.853299796481448,86.4803089169032,19.85160919794597,1011.0524459901715,64.46341872784109,89.03910015867764,Active
35.28044883678951,86.08647605824366,8.60757775297076,988.9623912966464,128.40992440729912,161.2361549580556,Depression
20.457544281393712,55.39457134966522,2.880017199228559,1002.2743643942323,75.77136220482325,99.38485931371464,Active
24.48726012467975,70.51914615178148,23.155431879205363,988.0079357922068,93.46271793706521,118.29935655468535,Depression
36.73455774216632,90.40601897822086,19.735305182291857,1010.5011206565702,26.49840776756605,24.74185797761879,Break
22.19758318461212,67.81489190384875,27.391196363281114,989.5246287284623,114.06616829393845,158.60661127161325,Depression
35.493150498614185,50.34760652655954,16.30092447217184,994.6093851102073,92.31924296012433,106.36042796710215,Active
24.394259400459937,58.41455210864653,8.125398148045967,999.533570070607,35.84030223980834,49.64903344882351,Active
24.44376913109482,84.81521364198942,21.943576517884377,985.183042548369,54.01029128477565,78.65951562226545,Active
27.398666239728165,51.65253664502742,11.661994944747123,1002.2022970645477,4.346846162736693,4.241373765512323,Break
37.741708173990816,62.10276357557502,20.8197953273646,1006.6566865365052,86.32399074161388,130.41818343301077,Depression
28.465411420028694,99.17115704474215,13.167084388447485,1008.5751155626784,43.56457895688865,61.18756060799943,Active
32.524630522235874,92.917940240686,11.126849345652772,987.7084366647941,15.36279174897843,12.627749500957808,Break
31.613110227370097,58.718321450249576,21.346256666869046,993.5357371205188,25.131303177219838,26.888204347612646,Break
33.2338901463339,60.45358103688568,17.160543267171843,1004.3524539770779,148.99760690512687,193.51427291116335,Depression
29.993614608790324,76.48252891780032,8.771864145212646,983.2585968732064,111.03762514469975,130.53414700379875,Active
26.102536238876613,67.46047873063304,22.326759008366704,1011.3988590983402,23.396266375728715,24.816582837271593,Break
21.51451936991088,58.08143570473069,27.15951727875822,1001.2250170880857,105.84241498426147,154.04641825799482,Depression
37.52594906159571,64.19604873687328,10.550188089643017,996.996481375518,147.79418892539007,174.52226820920686,Depression
32.819225984255645,61.862454374840006,11.111191548459496,1006.1271991791308,158.1409886378194,187.38281239339108,Depression
29.765724149988188,75.440703841938,19.81731330920507,988.7661636511955,29.190316642573368,28.121293889240974,Break
36.05683799318804,81.55693129986315,24.254716499166157,997.5922982586817,123.87765407282959,149.73494370677093,Depression
33.0041380747071,64.03861812204279,2.6808470600807075,1002.5915303567509,119.50954597176069,136.55871368162482,Active
25.032086152341655,94.17470111331295,22.93612566912759,1013.3575146458384,68.53657334855829,93.03639563421333,Active
37.34515958760655,92.650472773368,10.244568977948399,993.4784205010674,90.27122853352353,124.829624761813,Depression
26.70836360769289,69.73457334047362,25.63796794033672,1012.5505892183792,2.9152948131230563,4.065367080114754,Break
37.820969301876744,57.0042007618262,16.513230266184628,1010.7080575174784,106.3802815432207,118.42960151485113,Active
32.760397944382134,77.64099884539539,10.302284022138357,994.6923299756197,26.012169557403112,30.144575082967826,Break
29.20416317949688,75.07581473435998,24.352265011069704,1002.7487375772217,23.87378008308303,27.773833501258693,Break
26.083912823327644,68.7791476319972,4.631494315544332,1000.2398049348661,9.844580024241958,6.3949961915194,Break
37.67313598958956,91.94667510346817,26.091329312726906,988.7587976180553,24.678016819789747,23.279923233902377,Break
22.287089227733926,76.11216300274022,23.559819486761103,987.5537359623895,71.15386454523556,93.78421067041529,Active
23.498840611907713,70.56769525283393,21.586341901481426,984.842358234623,117.2583180402743,137.9772446029736,Active
20.739215301821766,69.94104507223973,14.138580652260778,1006.041492504969,0.7605223024637253,5.387006449242977,Break
35.047642169219706,84.7987103046849,13.450682443599558,986.0653012024796,69.8117006757994,83.40851106316045,Active
21.68971922146325,59.14329985536537,28.16919192551187,1002.3394707845173,96.41072250261917,114.72603329029018,Active
31.010973432218343,70.9800031213895,8.93646770603241,992.4590437527942,40.814818302507796,55.94301330325382,Active
21.652383184641955,54.70784941342801,10.719572662956237,1014.2828685017528,72.67564461785926,84.14315702762428,Active
28.849085752102983,73.67358853902829,6.849652357480425,995.1848077233291,57.20883862955506,105.68321057729663,Depression
35.96024697136485,63.0446811670857,2.428527128130773,1012.6702707827819,78.54397035600563,98.80342689697775,Active
31.08532095901845,97.19458022803786,28.439044719504686,1010.3519626744252,170.14239420235995,210.45744447384942,Depression
30.3206067500948,56.425017661695506,24.713716948608084,1008.7223816510384,173.0640265656902,212.60856972142383,Depression
23.72031847778142,63.69805636605669,8.008495351834476,993.2040679129791,38.49986646803356,58.74496806927891,Active
21.281395672284123,65.94878151468806,25.656508707144727,980.8145177507539,7.820835847077094,7.7812103900111556,Break
32.47202645645491,67.41683022265987,28.226148251959803,981.3715214336477,102.31328373463637,116.54380232320597,Active
23.19391178803501,87.53073758204292,24.591372699483394,1014.6676799700235,7.50049347648314,8.305933599922238,Break
35.608098929775,78.09333460718868,8.680712074129525,1003.7945672965086,163.18143111270234,186.27514717778033,Depression
36.2459523202322,75.26261862239286,25.140809051016767,991.2017360360715,64.99773307427951,86.60229197670057,Depression
37.25374694389757,92.3571572047795,11.937345332956177,1013.488030979426,192.5910720406334,229.79420868433198,Depression
31.373069819056386,72.42227609891599,10.209901607545806,991.5032590879471,81.90918425363435,130.29502054008506,Depression
34.063328908481644,55.6732301008724,28.066014959244193,1014.0986872987044,16.485866469712064,15.901171483445834,Break
35.978675289649395,67.54575062760394,5.277876459972964,985.0047088718493,25.108916227121217,28.77760328022963,Break
35.09265374775173,71.30457375234705,8.232139691988856,993.8828060683988,155.93633407347443,178.3767974927314,Depression
21.527078853533453,99.33197892505876,12.47958228117137,992.9724751473411,115.25237196454728,140.04238792189034,Active
33.56080733466095,68.81297927654579,4.338020067562725,1007.2001420574603,21.152530928899797,18.639772473202676,Break
25.944545522343773,71.72259222441357,9.103100868447886,994.1820730373496,1.6890982704551205,-2.12272256686416,Break
22.115472441987887,82.46051510580318,22.88925661943185,1000.4179067784006,12.006686786160746,11.783835694963022,Break
21.492043790480377,76.41850606486045,14.217403284983568,1008.0738237159356,117.28909440368751,127.93649308294616,Active
36.04057604656528,76.385055454315,29.80301429134041,982.582879765739,154.31166846599712,176.5747048786902,Depression
22.991877774366554,60.84045532932456,10.245830511504035,1014.854098126028,17.529429357693008,21.541009462602897,Break
20.81803484614624,64.04815947961151,28.611521554143643,1011.159232436182,54.96430646830194,67.78612386415836,Active
28.346571288919677,67.66761140130264,18.342371131824418,982.7207122937745,53.395487656883645,70.19410035931611,Active
20.581687119973708,63.988175358447286,13.513788184421214,1001.0973658708155,41.986661270137475,53.12966696412492,Active
36.9295728884369,70.83195288692396,18.272553393063134,1012.1711793142446,27.981854500620397,31.64249339562448,Break
20.81393606191141,51.3183487248626,12.54097427258539,1008.3693665773642,72.56253366552923,110.38645512609328,Depression
26.85603541935839,98.49571989073016,25.579329847799844,1009.3415046648898,1.1046560290797414,-2.556822782913927,Break
20.24609536688595,53.767953017623114,21.368003120729536,998.7021196260312,119.69731533665149,138.02879092069088,Active
33.84177347324919,97.23828649412141,25.79012693896752,988.657183561012,6.151359855195747,3.665784250313732,Break
24.945172346466357,60.36138245040282,26.59017868941738,1006.494969626028,10.744881540985215,6.880457462981505,Break
32.088317520670394,76.01538504518966,23.6249149685979,998.2057225389198,79.6716154897037,98.08568506273448,Active
35.77976484785021,70.17414331061985,5.75242639661794,981.0073936709668,167.70023959164644,206.8810803008737,Depression
34.490804015348516,95.15755293383131,19.283383938724178,1014.3161953782333,17.697530605638992,16.619971056636317,Break
27.874548596427125,95.20793472468742,11.75115307665241,997.9896321205933,109.48141734819052,148.14401835502673,Depression
35.52254675744141,97.47603118288211,6.118057466013062,1012.4305668806523,23.067532239461926,18.729892017980585,Break
20.82550279528339,81.04028422110457,11.727575430311598,987.319577687748,86.02184281672896,108.29774265998888,Depression
22.319834994391687,56.40229194788862,6.253275418344241,984.8589510427294,110.71095689154106,127.82038149548414,Active
32.01603929337849,58.61599356008149,7.384092526642782,981.4304015693267,61.0574365040148,76.27172472125505,Active
20.57248426673297,77.43576546037043,16.963858104510642,992.4597019495195,10.928095831442263,10.962268539990832,Break
32.42710691532858,51.965606992054944,24.383491169453194,1001.9765136321818,126.74855203208918,151.457882513575,Depression
26.79114737435731,50.129751219182324,26.312430996996433,982.9580952688239,77.6781529034566,103.95863260355792,Depression
26.668497850244876,74.22614925955106,19.311133602848287,992.911977384942,22.424128144012695,17.790960172918673,Break
24.543864998192372,85.66747929422762,27.06579145524158,997.9087104740483,54.570822910039126,100.58727234228083,Depression
26.374640074276257,69.85819162520413,4.936336662909465,1005.8091822132836,16.91895276056509,20.326052619344402,Break
21.60567791681701,76.76677820077617,8.530059523394435,992.0024402497392,91.11920872300406,112.95677730211415,Active
28.97195958072303,54.34601440437118,17.038983170919337,1000.5394391307308,80.80126882703772,96.48285821630705,Active
26.074043009694527,94.98236985725062,19.01154622422004,988.5523604412629,197.97728731894696,236.15053189965357,Depression
24.2700822512479,55.089123631020186,6.280055897161297,988.6085204934578,5.5970107215391725,3.4479624084776432,Break
23.120724715305588,94.83827123132126,4.246544878525982,998.3578986349589,118.41407552177458,130.09465905429536,Active
27.16140078282335,98.47352166376845,26.234199525031446,1008.5975224832248,74.16739013329061,95.01083158261724,Active
34.775506516760345,85.92286354182768,16.981028497257494,996.6816819444244,99.25436398727432,112.06002021563717,Active
25.826226255276385,71.27182193082083,16.21309060316474,988.4843406345278,156.08451434666668,199.11789938995184,Depression
21.57122323261416,75.30519781796735,28.096401583194154,991.222476725583,57.77353052336404,87.87165886918166,Depression
22.419464184901535,53.168748523638385,29.718886506918466,991.2823845741153,2.6360433372797045,-0.9757089283000919,Break
20.048796189457935,55.834803207084065,15.248653629452981,1001.2135658369543,102.3302399814493,150.21611430888407,Depression
34.95114934017913,98.25134553332563,5.480322257595253,1005.5803616321275,48.450162904791355,64.13859167924836,Active
36.676089624614804,86.07982753756386,3.3466500309944553,1007.3530068612995,169.29009677898352,195.33891638041587,Depression
22.94580697158268,58.21328989654965,24.808092166478698,1003.281902724367,27.23598391387548,25.397949736840424,Break
30.58952016431102,84.14910317085662,14.654560836373099,1004.9823859199364,143.61523162727565,179.80866348471466,Depression
27.897404156990103,78.87431354530628,11.950148650915084,993.7018738570525,16.306585833419657,20.37130694306513,Break
31.236283926451858,55.8449020354182,28.315299461177304,1001.9697818574996,4.1781621799016175,7.118414072604577,Break
31.161309606713242,76.67305459881608,27.028992325426813,1007.6009023928585,22.57209360116468,24.641898213599273,Break
34.01429490291352,57.15639927742348,7.727248608744972,1004.9922428778265,108.90890730855745,124.04013353929605,Active
34.78263148409623,55.53158684776036,25.700664168566508,984.4621031816193,169.59430486693304,194.09182768739626,Depression
24.126525114187547,86.1126284196533,22.16102302329008,1002.4401671509854,134.82625209844608,176.31162434043463,Depression
30.782528565991875,91.33994139045392,28.854094247792776,991.988349001249,12.025542502909197,11.645600539350523,Break
37.05110011301268,57.66757015580401,18.414435296470323,997.7061037609564,53.0413978668296,73.9328316577656,Active
30.67333229465879,55.11063321125998,27.7250146233009,1007.652962299343,93.65147708820587,105.93956273191978,Active
30.373190483002638,80.3357523191428,13.875658796466809,1005.7755482468654,113.30116616160987,130.06375673267186,Active
22.038284825133594,99.24205994811672,25.489146420486154,984.3631938421144,59.89317713894451,74.56484109962912,Active
24.093121175788028,80.39471968971293,12.620559554795367,1006.0487378145151,24.085603457940344,19.131923687986372,Break
26.002985090440596,69.90843467954717,17.04707688226184,1012.1949465744466,13.971003669564396,13.779373450455132,Break
36.53218504890742,79.35341120682835,2.9197067668162737,1011.9462312007695,5.291609595186699,5.275287322581496,Break
27.540658091081863,95.742295053405,12.147029175265727,1000.3205922597315,6.602916422432912,3.7297242658451752,Break
29.273126283322625,98.77706578413782,14.851691664476366,999.5056879111517,2.5604900423593158,7.529232560818789,Break
29.039510185962367,79.76925086600218,3.8781413668759694,1006.2486164639712,169.96730331114043,200.44891328262042,Depression
28.428172911944827,81.24879935255261,12.57632652832474,1009.2797684652317,59.856295914252854,103.12212441510317,Depression
28.159199025464495,76.219513466379,14.341356914270389,994.0267071306364,22.96068843198722,18.990503225300372,Break
26.01853060358868,53.775168190194464,23.090894180928622,989.5305649152104,146.59993148585238,178.86195661879526,Depression
20.456954401886208,57.80762986830952,22.04722240772713,1003.0623379668552,79.65503357334057,93.46336203399014,Active
23.53003579448215,75.2753939553017,18.661371431611776,991.8744936063667,46.06901958489003,65.86021120266815,Active
24.287290058841077,54.97206963796726,8.808821347984715,1005.2793426149481,24.906595937009747,23.878431233194295,Break
32.02553245827163,60.24921477079105,10.208136447308371,1011.3717536482392,144.98611623664408,187.06325463252415,Depression
35.2663057184039,56.13884448313542,26.540434124508227,1002.5023947264989,26.780151332309245,29.954586949693656,Break
26.15271233056177,62.971171671564626,12.631387428683473,1000.6603229880183,61.067293039314805,82.6748108873349,Active
26.52964210398702,93.05340099873608,8.146294702266843,1014.1091542819604,108.16211783081215,125.47358580455486,Active
36.10194008409364,89.99276279736577,13.905978125138537,980.7864257912041,22.250608326859968,24.239066858469013,Break
27.24590078474565,60.901155374704324,20.061516697541226,994.7596377093648,15.770705469080575,12.48749832756361,Break
24.901531877348642,50.919533827373336,27.600366583693972,984.1212879011549,54.66496986184854,72.97763989958544,Active
31.725566990333554,91.48709018536007,7.77979560929689,980.3848540030468,53.73154223711548,67.72901813767871,Active
33.17932241226312,62.53653302807989,19.72674577400853,997.2995847548395,27.432358377748795,26.620063626669527,Break
26.896493508490956,75.94588526414188,3.3150470697015413,985.8199179064628,77.65563810184449,100.36574691917272,Depression
33.87774665963862,53.41248526770458,25.438211739684824,995.3017688725035,94.9379575009715,114.09402750609087,Active
37.08752234703978,69.83246865260271,28.714434223109727,984.7250447097423,54.29201001529754,72.38965169892045,Active
22.916249802048522,92.07648301550216,25.699419780807602,1013.4332709453217,100.13658362254412,143.26394973491878,Depression
21.918768556407894,53.75688908679044,22.389285173700895,997.342196067217,139.74290874022319,173.5333541230571,Depression
21.366801386653197,53.888267203947855,2.0655029375217913,1013.8694785872481,17.706920006072615,16.316658975472883,Break
21.648477319879415,95.86567877311214,5.830921665730919,1013.258307383728,128.1951001120354,150.7962564679009,Depression
37.24707427407075,87.91962069728407,19.890582789359332,1006.5662545938598,92.30489080660672,115.04282558008651,Active
24.494024159465347,74.47124818215703,8.193864370948862,1014.5683802798826,90.29257180950353,100.95505337515503,Active
30.58874762545876,99.96767497829174,17.56258428024103,996.5623541328466,55.09189678786983,96.01450480527502,Depression
25.352282132705913,96.21980976882652,29.189630864630296,1013.0493271189702,22.35193644360661,17.90076259007136,Break
28.192586330650812,76.12172880355845,20.047306217523023,1002.755857265513,134.1015791005271,168.53343561584967,Depression
35.92997041741906,76.51325663174501,14.348900528948526,994.1569907388648,97.29355067459156,133.47828944585166,Depression
34.23301696710134,65.9376251466035,19.524958540236256,1011.0092211882666,26.299961335873483,25.475022176152404,Break
28.314971310360576,99.51706566708886,2.0066506601247682,986.4915518351853,28.172030955386884,31.159863313123537,Break
37.96281398960008,67.53559077258551,23.481272090071553,994.0675819763235,73.18031941708543,91.89167752549534,Active
24.890365479242075,69.91436919878177,4.567581383120044,991.7729662339948,95.90446264661806,105.95465807726275,Active
28.411593797677746,64.85014382274412,25.879011007373236,1005.0443660331985,33.788387067272566,44.056496088273775,Active
37.77900301524856,71.38865668679311,12.761146120471087,1003.7876548942575,192.4941775925338,236.08452802500034,Depression
21.609398041620672,70.87903878924642,26.615312611740613,1013.0656207801993,185.55859507629057,235.23414237069136,Depression
33.38035081208523,53.2493204741447,13.24424661991365,1009.3239007349135,18.232103846365774,18.358988956530858,Break
24.152056610919658,58.82640160027542,8.173613853964909,986.5253391750489,173.93085436909487,217.95394498299112,Depression
31.336002613930756,60.81620115182768,16.511290266938982,1000.904592535062,45.65057242975386,61.59420271329374,Active
33.648292562673646,84.8010309026896,6.309085377515942,1008.5541593746716,18.68812148805356,21.166837528975847,Break
20.62757288420885,94.746072061392,26.083550859701866,996.0101234220798,90.94390622844725,125.24421107835829,Depression
20.798779943598262,92.60967666735039,2.991826315719262,991.5167977879455,79.57716335482255,90.88196475349369,Active
27.35215783527258,68.6344258506157,9.273105945289133,1005.3197039791005,15.978075582022862,20.599295307943358,Break
21.97043948098017,94.72399654840336,29.76130938406135,982.1530959183732,73.25279195939832,92.13890872929109,Active
34.844257386652686,67.39046039510966,20.98445227165378,999.8006187398527,96.05189270583315,113.87079738853939,Active
35.626894472927845,62.26427661276673,6.405538471670727,985.6140036865526,105.33119955273048,125.79327147776974,Active
32.24253389168541,80.93056891075922,23.076065907613955,985.5511786852576,194.1972932277361,228.16139349083562,Depression
35.82328664410637,50.25725853773574,24.9585136874268,988.0018806533723,74.11398440724624,118.6529951308181,Depression
34.97841520323935,75.37338668804182,2.1788044080713402,990.0463346611219,9.79300729509879,10.391450418187084,Break
22.08518942204464,68.83476809933994,2.254027330276299,1008.6537797174944,8.500288447967447,3.684565635349622,Break
27.780334110065223,92.00607513706095,12.980233920465505,986.2824063198342,39.225875519161136,63.284302827707904,Active
32.38194300141464,53.39185295525859,10.426979874510856,1004.7860231025849,21.25716013807888,20.992899022429768,Break
21.04256829005837,53.7347208878927,25.867610457562137,1014.6551930462726,195.33167829285372,237.82123324514146,Depression
22.341552322351376,87.91315979645113,2.6884336608464423,980.774324303515,11.155005877161738,14.342862310732675,Break
24.545157494390878,50.05147399228167,6.450271931749183,996.3988795869004,39.19742577243471,62.0105723893582,Active
29.48643373181352,91.29603828999484,10.354484067719794,1009.3981507635365,152.07489531120694,191.71023173964102,Depression
24.918671485967767,97.54317811252051,6.2296209698652065,995.1317180364911,111.85720598530365,134.71760736669114,Active
37.361368500863755,88.00470392190485,14.384365346665486,990.9183196673296,26.822976110374032,24.122522169284895,Break
23.8358846724515,51.55670414422557,20.24667111052478,992.8984220303316,120.7298690153769,157.02685318907567,Depression
22.86642328902676,60.18506246381371,4.552605731373367,985.378031335639,176.71748421753315,219.5482039458231,Depression
31.271965789365478,56.56224388411938,2.9107330257550537,1012.2296746735491,77.81883120149814,111.68174992446797,Depression
20.022173032995667,79.91636325612134,19.004580551354795,988.6638984461181,48.0472254030303,65.42114360415187,Active
21.155760867352413,79.09857009571994,9.531815324182734,1007.9145685223016,197.6527111104356,222.1401303904626,Depression
28.362774739444582,84.02283131796626,13.075262348639123,1014.1144948154741,8.749877361279097,10.699696222544523,Break
35.482203149405684,88.99254944466749,3.109327109754,996.817743154024,51.784051427627475,76.58399032663468,Active
22.56491977222724,74.9444076725678,19.308360560907335,1004.5862739690436,23.27414207378868,27.686517116112547,Break
21.303492898634147,76.71211029882225,26.7109376029488,982.8877987054148,37.07206474395187,53.025913886975815,Active
22.388883572775086,78.3770424130779,21.30501913584344,1008.0205344688179,1.2355048583781503,2.9393594419222726,Break
37.12789953839588,56.210998336402966,27.09419647518107,1000.8171823081927,34.677415528632515,52.79686055814857,Active
32.763089350116495,93.54845618730428,21.994434099707977,1008.0604829074427,18.36773957643474,18.211724052175146,Break
31.894762129386514,77.65007262959793,18.729324153694044,1007.4341393696602,146.53665427947874,182.32873410756213,Depression
33.168611391595974,54.08149910152948,3.6898583517357864,988.6486131903551,73.13510357186586,92.3712339009995,Active
25.92231388066392,73.50912963483326,22.839813836658756,1010.5141472640593,89.28369979507886,106.75663554187594,Active
29.996543916877364,85.96008891361319,8.396732757276364,1014.871687061986,74.39491621054196,85.61781355382837,Active
27.258704500228973,61.028056246116165,13.715194082694275,987.1252398119785,119.39344351089744,165.44161867314887,Depression
33.08904325579354,87.13532605999904,13.91381336454611,992.1077247391437,29.629486912081735,25.030578826206558,Break
35.606566930204075,78.93377042861967,14.281231737308532,1005.3840181145298,17.93170695767593,20.861267903732248,Break
31.790168098977954,99.60666581703362,9.94792680104206,992.570286038318,143.4449875345224,182.391794137298,Depression
33.19603440347505,56.57838425636299,22.04309901109848,1011.8161382232975,144.8810799839459,176.06653909961395,Depression
29.227073693704494,70.65155873238484,3.9357180132253444,995.300788608589,26.122497038175343,25.575549588201998,Break
29.266712370734425,67.96166846998828,18.60262384017797,985.7233355404758,96.82220850446706,128.7935868885804,Depression
35.4437525706087,50.45152020647751,18.47555373353695,1000.9549893035038,51.332507139750255,64.85261771367352,Active
35.90677405389354,72.10121868914288,11.264902163696814,995.7072150840991,4.372697047342551,3.867035399479928,Break
30.581918679986963,97.42916774257168,9.07077789811174,992.5737761770686,84.49843418803945,99.84941498363948,Active
29.60321465539452,89.08951649225148,21.7507966351417,995.6229026279404,180.2406920769888,206.41592837809185,Depression
22.014553149159102,63.48748057584948,3.598431970500816,998.5909334800361,1.1803062200552894,-2.5985946398444426,Break
28.139582509101835,96.69375087639524,10.852370939349015,997.7532183040937,20.646235975997865,19.620025860641874,Break
28.638147468657316,84.2983867991492,2.48663412519343,991.3095729974598,108.112646506802,124.93374434130988,Active
29.280728514426507,74.44232901284602,20.672199211290923,984.887793916471,9.237898247735728,11.284705875102196,Break
23.63336213821307,83.67162166624587,29.15753729100357,983.2865250526296,69.9375197374114,92.95965355307399,Active
23.188696210052946,84.63129761130823,25.467228110147087,1013.0614976815908,0.5254797258618671,-2.0330473699143905,Break
34.955789444150696,93.23044179775184,23.518542206666154,983.9588436676801,92.0574075928405,112.2051083794992,Active
23.88215274315891,82.94427351163286,13.028203358316437,1002.7931541964522,10.457210017259115,7.0500844696871665,Break
30.889170608429737,65.90557768090598,26.260282690774073,1014.766792807552,100.4146935652446,118.91993748004462,Active
33.292085766523876,93.92577806506739,13.315929006228924,991.4461606547134,13.14517039235963,17.158926888244075,Break
35.802040862743894,65.85978583826993,26.329217515135987,993.1485288158605,16.334672938825488,11.392259543806704,Break
25.842544938204867,68.32307674356989,13.092835365059152,1004.3413522341452,70.38242603602777,83.94558799914267,Active
26.71853224932812,61.363481363157575,4.049485865516422,1001.1207007683482,19.277279068415687,21.870722347644346,Break
29.008015564353347,77.11818324898692,28.64139967064775,1009.6508576480401,103.23896594876278,114.87274107646375,Active
22.681853407463507,76.33118986344797,8.889950446343951,996.6843416264405,164.73248923131922,209.12206139280204,Depression
32.926215372076896,97.77618479774674,2.5105123149381257,986.8522294989241,184.50714347601834,206.64555157767325,Depression
37.18388054059953,82.7346540715674,12.642086250241748,986.9003944300507,61.6460418515671,73.16735427830534,Active
28.74569166535386,62.8388283860254,9.976441254933839,990.7551487724201,129.83903200085604,167.26699359874,Depression
21.613274104788957,85.88178929543147,13.197345790516373,1014.1853833531902,3.656582800108427,0.46807629545523,Break
32.26012137136969,59.071917384781344,16.704574742677686,1004.8166191602852,81.05809976660132,94.90654152212177,Active
37.33268375427644,74.17728233599624,24.567791393704425,999.2579289754692,86.98362380346201,111.25467393656186,Active
30.829012762633962,90.95944297133951,26.75778097375542,987.9827920182126,88.19453220805741,100.81613385046806,Active
26.493905343990797,95.29455523938802,23.55845160704701,999.4822970277851,167.07882728657927,195.32300835302334,Depression
34.80705773324621,71.18691268243813,20.69139718016117,983.3437359842134,13.553030362116873,14.419114993871613,Break
23.024255739407543,86.8436872472091,26.1583181712104,987.5858930031771,46.06013687049949,60.74421366123143,Active
24.144431031701657,60.30930822592132,19.862902212847164,988.9909346676001,83.50287016675557,100.95437304964311,Active
37.780139363867974,56.821987627836656,21.464047513332627,994.1511568836502,13.37372743731687,15.61889595130305,Break
20.284779651780482,67.05450122371103,24.923797599338517,1001.112679357468,17.351607510192274,15.093214175790333,Break
21.42954864180176,54.282912479821526,27.037344490595313,986.715356365156,50.39907620042892,65.72402078790799,Active
21.24962916942968,75.95298954541352,3.8931517805820173,1008.0124777737826,146.0252335742249,174.15965666923046,Depression
30.67061584976161,84.00659655517256,8.463217296312338,995.9900525708128,20.084608655945704,25.026002268157377,Break
31.913105417288815,77.88917086850125,22.45821428669889,996.2821964299301,16.868904476337296,21.445157321391097,Break
23.155452962437874,84.50024454103328,7.626143282453581,998.7539689565579,12.680673401885686,15.898737840896555,Break
20.02226023566937,65.04265541766276,29.47461848164051,996.6210290227176,7.039262455663606,6.0324216137566875,Break
22.743488239947514,99.62417510791876,27.95602710188027,998.8984995598196,90.44025992517336,101.83419709086421,Active
24.626850795777436,89.39509941461324,26.211213376939128,1001.2970244430927,4.779120618569409,0.41021094936091007,Break
22.117682512524055,61.36786500480494,11.566886053113784,993.3318333928845,28.108734690931882,28.646757098055645,Break
25.499437591844423,69.84907585371417,14.5216711341354,1001.0208016676216,74.26463170281644,117.85291040552929,Depression
30.3425728817198,78.32876810857093,12.949197365628883,997.5403549713703,40.47297580969285,62.73472143706072,Active
26.85121928257844,93.89871602225347,26.30558732300861,1008.2073890041167,95.70187086470611,118.12944935624367,Depression
27.253643217772904,58.67622574932543,21.458630489268927,992.1134904288225,19.22916232035996,22.453967956703572,Break
22.385444109353273,93.10072411363113,27.83720133437504,997.0471671586628,26.94784881878118,30.241172870194013,Break
25.715566061781267,97.63987638006472,25.105621487635908,1003.3207410042264,2.045169281564807,-2.696711648940323,Break
22.43299320478681,98.15575557945868,17.386827005060475,1013.8037756403627,114.28042564952945,137.4220035385001,Active
24.9995472274867,92.57243187756328,2.0093101713737034,980.619073336464,19.5060327719446,16.02628130323108,Break
21.10429328799203,89.038079303422,14.874411865540965,982.0357328426917,163.13803165157947,201.72296419380712,Depression
25.3523908682631,71.51685887544606,6.778613239399956,982.6120435017979,7.961622275645838,4.73928615415832,Break
32.44912500024775,80.9025837143593,19.729309528376994,988.0113111696314,85.36974944079098,99.96355375259016,Active
31.230125053249495,76.35207319558258,13.930334748930402,984.574863185907,117.46769732319838,143.30637267782134,Depression
26.619668315791213,70.70648762644635,25.17106107587248,1005.6765033196491,28.91466826447053,26.400470841619953,Break
22.408467253030796,70.92903108119677,24.129456604084147,1000.375188042299,70.56645585934986,106.6257598029276,Depression
23.873633696310275,50.60603873219466,8.753640812787161,1014.1555814218519,1.9385003953225843,-2.6351675118070887,Break
26.685354217702532,63.292556832715675,20.090523456950226,997.4766842242516,72.38566669252641,96.2016595731499,Depression
35.56388705852752,62.17389842024336,20.247898141507115,1008.3740074795194,65.50286507130318,82.39456659739298,Active
34.13029778906702,94.60423444701172,28.749371222109993,1007.5416185189354,114.85480272719356,136.98805465173848,Active
21.375503469884926,63.96838569673582,28.04892877545906,988.8570451480275,104.26189763358335,121.69367918549807,Active
26.95428037726968,72.50622162098799,8.355011442230197,1011.1286820645096,127.76120329178062,152.26627331629186,Depression
33.27380783698674,75.61109604063373,21.046377817833893,981.4585515210835,97.15865317336548,117.04418618642069,Active
34.43835004629658,55.2683766976403,2.9959842769953537,997.8002751306652,13.858408100128672,18.77429218883141,Break
37.473499238072066,97.11576948365965,23.947594949494867,992.4194476089912,2.9518694914019195,4.554896688415301,Break
33.758707919991245,63.2523214162502,2.5864589088655587,982.876008361675,56.59002997296783,78.12837719053982,Active
31.24394423937675,69.09698198264479,7.759243341475543,984.2485246355792,7.8213989975974965,3.5139420604560954,Break
37.276877325366726,73.91276472879619,27.082808726412694,991.277542620562,196.9955494038276,235.05199709291725,Depression
30.483607847730436,87.4036589714766,24.729554066523853,1002.9767512566026,56.56034388199542,79.88458274738963,Depression
30.77356836231858,54.75058494961523,12.52780091835672,999.2532179160355,18.388187474835764,22.818945852282837,Break
24.33246881298509,56.0750688150459,7.529173716078245,1011.0423715073244,55.73161103152441,77.97081511605367,Active
35.50465993454185,92.3257169345139,27.729942941907524,988.8284357060677,49.89570343083556,74.5716626128445,Active
33.467454307621956,77.8906612755535,7.056648748908424,981.8850372449309,22.595620077402085,20.288933060422337,Break
29.712011968919093,86.39735883653717,5.022424010101002,1003.9854305640556,194.76946131904947,229.42128522099767,Depression
22.71216993877779,67.11918180167733,13.575660580267321,1006.5364753876788,75.7524492224652,90.21567599224751,Active
30.17039587146229,84.44426510250453,26.453041644102615,1002.2701973892737,44.40644714591157,61.32980926220842,Active
20.16796915688768,62.33394322608115,22.340928023164135,1014.7133482972278,110.22414737919324,154.22627644016802,Depression
23.67264142332018,77.7542474651143,22.525996288830896,1001.5594907591062,153.18261648198728,184.44041361526726,Depression
29.696522012174704,76.20795853630811,25.745338151661613,1009.3987393098764,30.99284528362192,52.23602755065525,Active
33.65617502199809,83.91894114275709,23.175410420960674,1009.4689630023848,26.299522854846018,31.26286623111849,Break
26.62957154912327,72.43053154772713,22.217986269676636,1011.0168523162777,70.67343487388531,110.56469500890009,Depression
20.03383790344839,58.918629215366494,2.8139986496307046,985.8409791249205,64.89062352753548,80.92553039783382,Active
35.73672447098428,75.50548562494126,22.255333437144017,983.6448075272101,16.844537638785713,17.451138582947422,Break
30.862777998736185,83.82339686131812,24.539691991061552,989.4437252044875,124.73835233951804,147.05010071354798,Depression
21.053916726391627,66.71191593480305,23.977115359121093,1004.768832715932,173.76960014991727,209.3784974574769,Depression
26.72232673059512,56.1188378662589,22.594156981651054,988.255015970029,83.09179290668169,121.03855172859386,Depression
33.24193605630542,99.91737556964748,28.127173277619615,1002.4897819837317,87.37979380232068,104.82228956401897,Active
23.20854440428355,84.29556355249318,29.751540090996503,1006.1526855709714,135.780840684078,173.41392150994392,Depression
23.32057255640551,68.11177208261442,11.3663160847741,980.9168847986223,82.72291313747118,101.52009952030178,Active
32.55807129536135,96.48084614378422,23.912294315837464,981.9647636195674,114.44852191084026,160.6304294253783,Depression
35.154804202252556,59.305070892313864,24.47401267427989,996.0365410358262,93.54171068976221,113.0092703791128,Active
20.897156500092947,95.19566651301874,27.462925376235095,1007.3074572200536,1.7184075323287007,-1.0293554449864017,Break
22.36428934660832,69.94180148518647,27.83344562645811,996.5221151968949,36.20622147207791,47.06204228934672,Active
25.079367344477603,63.0852841867953,8.915406374015994,1011.7189103182363,8.15849178385893,10.752474408038566,Break
28.09531716410972,88.83552784775907,3.8302524118027867,997.0649917785685,59.39798051830318,106.59110411863551,Depression
22.506416680116715,76.62103411376086,13.510676872819783,992.1570164190595,85.51764639670782,127.49110835185051,Depression
29.869770507075636,56.39941042667932,26.699797199897684,993.7706746297257,12.563799572224841,10.165377481845352,Break
33.15477736965313,99.06485452486234,9.182841748438939,1002.8961110515926,5.73572104394367,4.118352097267154,Break
25.556577380717513,97.35179938693615,29.085972978071705,986.4055405482154,43.61221458614411,56.99196853541264,Active
24.517399904125362,92.5308028920569,17.7142380719107,998.3186818981028,50.4668546275241,66.52652277242233,Active
29.76582446111761,89.58499942266758,17.367482388161644,1001.4515056301682,13.749019245859694,13.595982117160164,Break
22.983941722938965,97.28490735001412,25.799310401458534,1003.4157818065188,25.859607252128168,25.461229897012565,Break
33.48710682852398,64.52937799031776,24.035163777694656,983.9177574457535,118.88598163954372,140.44467896617178,Depression
34.153007588912594,60.06818910679872,9.241383376865086,985.7647223701304,163.76375268036668,206.38698308985158,Depression
20.323022214232854,56.31268913963067,20.469622259052784,985.6566933950055,7.163886341446179,6.676279783256059,Break
37.72981381053575,88.60062381549952,2.760687794315675,982.2821606941172,10.309895778273091,8.134204765138207,Break
27.033110581045037,89.91720941121642,12.414114701672215,995.8093886731089,107.06300112613435,150.33135665389418,Depression
37.36057977021461,60.188322956384454,16.653229673452756,990.0498285329602,81.98340292930418,101.50213919255873,Active
34.362454873086094,69.79852363312274,27.62252191539721,998.6560103536149,13.428088209606509,14.006290128898524,Break
22.98861764149152,80.67365693195882,12.166820625752292,1011.4015219337616,197.5282209072833,221.74956674874605,Depression
23.636282031244818,59.21124196190131,27.03171188022037,1002.9002393313737,96.97429922259235,140.9320973940749,Depression
37.419605787861,92.84369680375471,5.2940316684611055,1005.8905616229939,195.06899228887556,227.60182166712855,Depression
37.71398574265696,83.39599994018135,19.77079565111036,985.8084213353525,29.393473735635656,30.954813915841463,Break
22.336876081130917,84.34304988375146,4.604853620880762,981.0277455685838,6.292588430510441,5.082859692701415,Break
37.52223301957112,66.84202509305516,10.301713875932828,1012.1372799867971,21.307283958699344,19.450785090536826,Break
28.481022180790664,91.08184488552358,14.859425520849989,992.5229392863905,24.577653146143835,28.375872285660787,Break
29.45782842582247,62.2169970393233,5.162409835512859,983.0512813741141,51.58867014803502,63.718249994449934,Active
26.262945408479,72.51754894527063,22.96713743497258,1002.7901654708586,22.142073700155514,25.20403251019342,Break
35.18727187532104,62.69874372860124,2.871236797686015,1005.875315730767,9.75312046295097,11.616392429811944,Break
21.253540666923303,58.744071858797966,25.96064324936202,987.9512844958231,91.89141326816156,131.1778705699228,Depression
32.49471032317696,75.63273765725265,10.548698947508477,987.4425531729884,164.4732936888334,196.72248397161692,Depression
33.66647719509517,95.18039221733974,8.517368118836085,1008.2588610618983,110.89626493622227,130.6577931496035,Active
35.736081034490326,50.0094199778291,6.734269969967791,993.6415785599272,13.81074813605779,17.45638423128449,Break
29.839667963380194,69.02002744852048,29.35040919829846,983.8752207664211,33.78222076542647,54.88078257693043,Active
36.525377939584715,64.00186647752447,26.033566950375384,990.2276380661664,173.90585774998578,214.88531900377188,Depression
35.1102963710138,99.08993466303139,19.39764592309883,999.5714682390264,129.90138301423326,168.95405619152484,Depression
28.09715974350607,60.922159144165356,5.366922342326918,982.3919327436291,51.77044454329551,61.956505087455234,Active
28.437823378361106,65.06326303800002,18.754009560337245,990.4033232698016,159.5369220635219,197.50117095502662,Depression
21.160842882485017,93.86197285811002,26.563329359133025,991.5642801356521,26.769074944189565,23.62237673947671,Break
21.421444919434915,61.9755084954769,24.248191803605327,981.2134593354269,90.16650132325012,133.84132672091206,Depression
30.320288221433923,82.94125350700352,9.064602995503384,987.707885548206,96.38091741835441,114.25951378115681,Active
20.587622195822036,93.42757531601444,3.811233018423684,1013.4538569302264,92.50054105176379,103.73364700744051,Active
36.39217842983251,73.22166181127713,5.850665694876431,991.9285494926446,45.3523720401381,69.57399684270973,Active
28.014430021126188,89.44011319526797,19.908955712975093,1003.6749226818438,23.602510054633107,28.310172119380937,Break
24.728161566775732,63.57843823755199,15.241119718705335,1014.4344109499403,111.04578644513958,157.7901869138448,Depression
20.052578587184517,51.988298249428475,18.91400695799414,1011.7583057649497,91.52214616869587,140.6681268957274,Depression
25.964246127854913,74.10205290560413,7.490735956675002,1001.3773024876518,72.68595783881344,91.54896945787905,Active
29.66613479032445,92.70679988252522,3.385911897822665,1009.1660975015554,60.49745844048765,82.53624363418484,Active
30.296875580647416,75.63338629782082,10.217687049827406,1012.6113801801486,103.50139579056463,117.76983031700809,Active
34.72772003746846,76.57997323022154,26.63615496611248,1000.1172843992546,124.0319870510178,165.09975003196772,Depression
37.87070310198327,56.57445599489908,9.692482714546546,993.8101626459177,111.65316128983187,158.8814913665285,Depression
32.85258760040342,80.39526070453519,10.662436100157898,1008.8326634477453,193.1049691377561,234.74677267094472,Depression
35.531849052423425,50.10519215879417,22.092019492484642,1009.0355644902837,84.34159076544489,104.640439467834,Active
22.060777485186293,69.19194415224898,14.774622250755176,992.9168557616321,139.44822782905527,175.93573753071956,Depression
36.20578282533688,70.21198648221046,10.990270718437404,1006.2447767552763,20.05717940168742,21.84387896841307,Break
26.51455983508157,79.68303956042692,2.2836731527768146,1002.2633616243339,3.472128200361161,0.01534385319195497,Break
23.093272663887703,81.89385463318169,22.747475007688198,998.5497033024246,130.09512088216457,154.3592345959683,Depression
20.210718993156274,71.10171300638194,10.261139814316374,997.0100172829161,65.94318735552218,89.5952069072542,Active
34.54440733831795,60.80256825058436,15.065017971522044,1008.585312089549,25.368130889697206,27.293059156389457,Break
27.73875939302267,83.64833111972162,9.71067287915172,990.7209724572374,17.708566288594792,14.97135737073711,Break
26.916313162472864,72.50616805909661,18.21945790697475,1006.5772859013415,97.83002274817082,135.29598514599422,Depression
26.6811036218773,80.05370834001165,21.756404154027088,1004.0941756472248,126.75220798722677,151.72105839807472,Depression
31.62332918172102,52.23892252523341,23.333390963707632,1013.1325551897742,53.817163985862635,93.19183557445716,Depression
31.464241714185377,67.03020832906458,4.007932887734228,994.3370113213331,39.11339231536431,61.820484660771086,Active
29.55953620793437,92.0861680872338,18.246202525980824,999.5890955693279,153.24113536703555,177.4577243943864,Depression
28.74061459386916,51.37683599347327,16.1527433014926,1013.7406092491195,1.1698803772473476,-3.5205617135592173,Break
26.983761679043653,58.001246823159704,2.6538586971892055,1006.4674764882562,123.17767957886096,147.07911305419512,Depression
35.038644254881895,68.51984931376532,12.494499897890298,996.5902249969105,18.088286294383845,21.35535989179872,Break
37.71223693778836,64.42027189093729,28.911793591412604,993.6318663215848,117.36679383095233,138.96987720397078,Active
37.641961863447804,73.89392240111212,16.903210872171332,985.8917934571696,105.0284965743827,121.63511682906906,Active
25.441998488326888,62.96674486585472,7.449467427736414,982.0176653769659,20.321619645561505,17.671991793599755,Break
34.95239318936139,77.24138287725934,6.62677741239289,1000.4044549157611,69.96393742819826,89.35745224951422,Active
28.800160972264123,70.08894003271621,29.82775488919155,1010.8110166752125,17.081320835468482,18.287925633714323,Break
23.623617940803797,69.75688716321594,3.104866920945181,996.644111312039,6.832492083096287,11.472780554751425,Break
36.370182996870355,86.1071617727953,16.934825605430152,1010.448920587669,97.12740347643108,115.3672406674787,Active
21.039338933645126,84.03779464802427,15.069898162473262,981.206144079875,4.463879082153469,4.090635132807404,Break
37.657772806928335,74.17037179865733,26.179330630407264,1000.6056032745962,14.742545325856703,14.966986779911348,Break
30.128810582402103,72.06118568276632,18.96114848789359,1012.1557148712232,136.59185438496968,182.55916875370625,Depression
37.653308184501725,70.37921042869084,25.170529818976487,1006.7584728129151,193.40707154178997,219.42130700764204,Depression
21.966755785573184,92.69809834777111,14.296194865744953,1009.6439098972471,96.78486200064208,124.46628895379071,Depression
20.55422089388806,98.57665211952943,8.180873676677889,1005.6910416906258,14.305304049534513,16.182524473840118,Break
33.00872523856811,84.6266215768554,5.764183623427412,990.4788455930088,10.002219664773316,12.33273156337325,Break
29.514405974999548,89.6697007152674,29.735288917563736,987.0227856091317,24.854078983473514,22.800272946935443,Break
20.25767499800708,86.8934759280765,25.356048716018922,1005.9166646183731,30.509923307661055,54.56628873454298,Active
34.794679446918735,90.45915855695155,26.76387971405536,1004.5011995470237,63.29070709545186,97.9195413854682,Depression
21.39768802408889,70.37715155162154,13.398981695517573,982.3103445449085,132.36955044157588,171.33224532676314,Depression
30.386731960314393,84.88781380367148,2.170484950715494,983.5329419992132,8.986970338616217,4.755591091377852,Break
29.01123682526752,89.72577722453744,21.798421363467547,981.7579104012391,21.3033016926512,22.971845902793877,Break
23.80002448099045,93.17003834285009,13.23656867815194,990.238028187476,7.985040375466124,3.205309587704294,Break
30.498634864210082,92.11153731719739,17.37145258436597,987.6745886673357,84.31437864390408,99.68158990560731,Active
31.66071402782951,56.14603392326938,26.882454247431163,997.6079382772942,13.618405443250712,16.832725359676644,Break
29.983832264631722,81.85454185404525,16.735796889469675,996.211045086297,24.676043831525902,27.715628907051105,Break
29.945017413342004,76.00849461553756,6.000526917503528,1007.1371152641098,12.043368927395809,8.629610372659588,Break
35.87585905498945,91.18890450505826,22.20820347608102,989.5041466593934,58.5828115735005,68.58483196856778,Active
29.200324506270135,52.34259542638016,9.732747618985185,1004.74417706095,137.4899776719568,171.49901767086513,Depression
26.12667343350373,97.02242528680863,4.316032922681898,1012.5810580221283,62.42105269203851,76.47695198780639,Active
35.168814238889986,65.66739587925716,24.0901092097282,1011.2155250683758,68.01460699658753,83.67431191768239,Active
36.85378077144482,83.7570030574834,5.24863507774874,981.4802112227939,64.88839249100823,84.37907067223725,Active
32.66942764941796,50.21816348251546,6.674686484921564,1004.9566117722012,46.452651299121044,60.62924242287756,Active
22.332811721517956,83.80541157072057,28.43150455016987,989.4138811058385,145.15096095668065,195.13494840314956,Depression
21.8865451699563,74.92853997528546,12.783363357270002,1010.3037057827825,118.6549407738941,144.921422494049,Depression
26.636729075566315,68.49066279935883,3.4659405652492272,1006.8648669981271,16.562080939601337,15.720055946475838,Break
32.95376869898955,68.55808073928709,26.3533689470879,1005.5673726335576,6.472220375293624,8.250352378394066,Break
30.939538200549006,64.76507387859164,5.824825302232833,1002.8073916167046,22.112896512961537,26.85881462631483,Break
20.93957532280949,84.10969403133052,15.10831595642885,1000.2711339381153,55.866863681902174,71.38365349824447,Active
21.045655137446296,55.57561061606382,16.444133275945187,989.365743685479,91.92399994524123,105.55233319855343,Active
36.399236649812906,91.91326797728524,21.862723078446944,1013.2096084540896,123.929687667117,156.05838008476306,Depression
29.55687821141769,79.75658374528408,2.2778669915793976,996.2433305808727,15.57096840388646,17.346391078475992,Break
25.613549442503896,88.69956890763812,23.641801492531222,998.2453616678948,25.713886795688467,26.467440828204026,Break
21.37492900984621,69.12901617853177,12.296542222543078,986.3608716748312,52.632854504994334,81.43211282841128,Depression
33.91655373053609,75.89802638562895,11.746676608712066,993.0108753217215,149.4511019212664,185.90256300713602,Depression
35.82659206723493,83.779004597513,17.314971038398866,1009.0417092100676,167.05641853564705,200.7962913057542,Depression
27.16409527318105,65.14578644165962,3.8394560507222417,987.9882377222795,18.09875417144829,17.832762986397416,Break
21.074896801476008,83.5821140773015,18.301845273510473,1014.6573112755667,167.77843147226127,217.5182685191879,Depression
29.800681990404733,98.13841751266031,4.116941137269022,992.798826189148,158.84408004116239,197.43611718415508,Depression
36.12935201230232,92.35972195167909,10.824117095711491,989.6683063741303,103.00113929401238,122.5404599014683,Active
26.98698271028592,83.70651477680315,9.27733941879932,992.0817272972973,8.715135170142611,8.415017851721977,Break
36.02254047312826,85.38606751337637,3.741690332611677,985.155606549764,74.75812015520751,88.21188396586523,Active
20.802148822076227,70.78210933429528,10.45366760217005,1006.6380907108356,115.41640766833595,139.85106071315272,Active
31.176354623918744,96.43301435074414,23.30392164640588,999.1400874341294,12.984480066284078,8.42347949271413,Break
22.98349603676281,72.27708193709455,7.8571930314219784,981.7492660030888,42.329915674830424,67.25463621470682,Active
29.49018789357043,69.59291482045394,20.455185405146743,983.8112659893363,124.73540007489095,156.93562217484845,Depression
37.15436038122019,76.12698583660266,8.135289425158277,996.0637217782055,17.80682806136358,13.537643681633728,Break
31.20217876311043,99.05889183811473,7.323014193944374,1007.7408290700935,103.25615846779374,144.20549318462093,Depression
27.113706673579465,97.64483979989137,29.077475079928977,993.747782153327,14.3070031940391,16.49031494775914,Break
24.4521256847435,82.03075917744437,20.66481341330534,985.6944910332998,23.14880732935823,23.13776397471765,Break
20.217856101969932,50.45192345396461,11.99682163116034,1012.4167923951123,24.142593659690846,19.603161001590408,Break
34.54542708240494,58.89440620245117,16.41114127940029,1008.2896403844578,12.861060629593009,8.152758266045653,Break
28.65602263885416,83.1217005850534,5.318073460748243,990.1109728618208,187.92965369840746,237.72730416109638,Depression
20.808403381921085,88.0503961747696,12.408273859265611,993.7360365180318,32.93561535074099,43.80115927697947,Active
27.99857628634726,63.77739696097417,19.417107746387828,1014.7354801281173,80.7666625950166,96.1453395178897,Active
31.81935932674177,62.019945644675346,7.364602480575122,1012.1383680336403,125.89368616023975,152.51926964913002,Depression
20.700739339862015,51.80094091457132,6.906209618963166,1010.33696240771,50.24011951343212,66.71082924504324,Active
32.94487814500224,78.16623210165233,13.970051277187128,991.4218450826196,92.37440989592784,122.96592164393691,Depression
36.09369744559851,97.32282565752027,26.991630369621287,994.6806797885059,121.45035999516482,156.37655555954788,Depression
23.684241963031113,79.55651516292582,7.211805137093743,991.6047644673517,54.92144361929127,94.00271768269032,Depression
26.558376291708175,64.76209012448211,26.625903980387537,996.100083845328,171.63178715118778,216.70656498850326,Depression
25.979438596080882,84.68090287368976,23.591438843852824,1002.9127740403084,127.34891087846802,161.24772047665192,Depression
20.817259066436467,64.5014596824453,28.068279184788395,993.7138387149225,98.89920754642748,108.89938206775797,Active
27.49818491268126,76.12550905427942,3.5297637600272243,1014.0577357040316,80.53675663195406,100.8394748326248,Depression
27.874674678947777,94.1367190336711,3.4532264204446523,986.6891548323601,21.951742096926388,23.358098024952255,Break
27.486990282473393,87.95344696291878,19.069668326393256,1011.3614279880027,94.13591997886616,116.3876119764507,Active
23.269051419618847,68.54705040788826,27.2543255089762,1008.2342731893159,83.07326520336596,125.94775173763256,Depression
29.76447806232781,57.48007247634763,12.659311072504241,994.506440043877,21.279624854178287,17.952837894188892,Break
34.05137091366003,79.18863902570558,28.66220999953265,981.4847804372412,62.55392293736226,86.79205234041994,Active
31.378870985356233,56.49706861339706,17.682567528415074,1007.3256148620316,126.33358333865839,157.41200644512463,Depression
36.7926475262541,91.37531599366106,21.521862693469828,1005.0014322507249,170.52771626524014,194.1886310948956,Depression
22.252254628551444,92.52358073804189,11.64891436453167,981.0800266507825,47.57165426608428,62.7517835497576,Active
26.04098817685717,98.92627341945703,25.98304226494195,1004.5409451556591,115.29863321828543,151.77792636268856,Depression
25.61571236587553,74.12502101176804,16.18683417151688,993.5533044912333,0.4818559494301844,3.303568580342646,Break
22.238890962343838,89.87736802685997,19.245533638948196,1009.5147331827741,85.24601074939292,126.39214105069438,Depression
34.70830655628053,77.32151580389237,29.076987707172094,981.8084052580286,57.79509816066067,75.02906357944356,Active
22.13286245783121,98.07566694915424,22.00350138154475,1013.3363490840746,181.9011530264792,226.16485256338535,Depression
32.188743424238126,81.2514593042603,10.86339062750036,1008.574377473776,101.7013257472235,115.45834422911099,Active
31.24773379292598,78.58729915718743,25.31925055007159,1011.7130471168441,7.4253021942123585,4.053452690980996,Break
23.364459930952307,50.98978291736272,12.939099107606298,986.699968817484,114.14949886548888,130.60760200809673,Active
35.80372094572703,80.27523833079383,8.919683530518974,992.4549165740724,12.983006387977879,14.837445220196894,Break
25.984210828676815,52.82928280733578,12.469789316358781,1013.0557003943006,100.63756406629922,121.63986526368078,Active
22.09143721745803,89.04979468074957,23.987526722448422,1001.0385943468515,59.272851533209675,83.39193825683745,Active
36.46516006921706,50.57403298746889,14.60326274129471,1014.1986481568051,29.120296362292322,25.253331409566965,Break
27.264818042508644,86.89424924173031,21.727523984768467,994.7955022912877,127.95563943417264,150.17690597154308,Depression
30.898688045859284,75.83949695640791,22.724518325320968,1002.0745164905575,20.693365477443635,17.132784613165942,Break
30.716473902654872,58.605530141138885,27.914621819852666,982.3916936695962,38.28602874742279,57.27169755467851,Active
31.22567800922479,82.42524100593441,9.487256780011156,980.5288739475067,105.98897216941384,142.8987713002767,Depression
28.112356548900436,83.60280193761267,18.33959508509492,998.4014676845698,139.65024240540546,185.6331114137562,Depression
37.041207120621124,55.29529022018788,6.335201152736156,1013.0657690574078,28.171712879015615,23.238534171254493,Break
33.90141827297617,81.26023847652212,12.459534429335093,981.7671130544343,31.385540252217762,50.12943110428171,Active
24.555827705232957,72.51271230714451,28.812268422346886,993.9662361174852,85.55241187638532,106.64353532385499,Active
23.86402155150566,83.24972581188868,15.945131005592332,1005.9988741217211,2.7787644915410157,5.262607988303329,Break
36.46187594927406,71.70104863543794,9.243925980352348,995.2041161652313,69.45464820276851,94.39858250064167,Active
24.12509512185492,77.34379829380222,20.778914710705116,1004.5303672551502,38.22523376985988,51.21428881686189,Active
35.794460839780676,86.93615753632832,2.384875512317667,988.693169112943,31.423187660966587,42.580365189060316,Active
36.40102913324142,67.74304153730739,13.89360285190148,987.5370533483893,90.55845017382718,101.77568785187077,Active
37.12683278318217,91.92459169215124,24.542528917878556,1008.8044331764619,92.4957143637396,136.0987994644534,Depression
27.15406682418365,75.68055232721622,9.09400076167052,1014.5680857319438,165.61137963583275,198.43624914653552,Depression
23.711913291514517,89.98593819824306,11.34099009281321,1010.2817671589233,110.58114802378523,130.57809373668778,Active
34.17296648154199,72.71727115338275,19.64692214477242,988.6934263060123,12.82804001110012,12.253495159247574,Break
31.68780184238387,96.81403107344633,3.792177705041386,1008.8660133071453,23.55293142287123,24.541385423665616,Break
23.619777093968015,79.51163295754463,13.413720023430361,996.4333939715352,92.15571220715424,133.5445124429184,Depression
20.206864519366075,70.4388630614566,27.87275237192052,983.9158215792194,36.34427510788302,49.12897568140167,Active
31.95594892980143,94.08453059217541,24.795519196552533,1003.9797008456069,170.87667989267496,191.11561203503848,Depression
36.64209899678249,72.16532547585877,17.494645260240933,988.9208787120209,61.84102428627924,84.26935825487047,Active
34.207271269754344,65.38979158403728,27.58607642845126,1013.3485255950877,10.632748463791646,10.689089998011234,Break
36.94017462560612,93.81597165711557,4.871902952340514,993.7455760144995,174.3306914379438,204.79739368919851,Depression
29.388789128204447,89.72428168242453,26.762543316643196,992.0673497025426,112.17740972251883,132.57494072763615,Depression
25.326971999455818,72.95946168662809,13.510621048652315,1005.2675229630488,123.40646734560053,156.29472510957143,Depression
33.33127068009867,93.14861994934813,16.892894212210397,1007.6301267968317,4.840884031661511,0.6764274067684086,Break
20.344321395871166,58.28740884826104,26.943954979528108,988.4537894595588,19.039177694621415,19.8606157703994,Break
22.131470705166773,60.594716522005456,10.708069852515047,985.8425874786126,108.65493036910979,135.6810314968998,Depression
23.951970618136436,97.99314013567276,19.256413605920272,999.4907455110233,163.07976107553876,209.22381371683477,Depression
32.22161287468475,70.5932370208748,23.100649660881082,987.128349822044,12.35874285102306,16.064012513716904,Break
31.365540581930773,76.62520332079909,5.231049981009686,1001.1973261263194,60.34859180091769,72.49122127313267,Active
32.45732564643864,60.31260569180763,12.972062449264728,1011.3486172166572,165.948008195838,214.49126905760846,Depression
33.97680744771833,80.56683011083234,26.004649266103545,1003.5636253774086,134.1017442408425,172.9545379392801,Depression
32.39536932754176,62.663619176135754,2.2794057464365824,1005.3205281824219,71.854972347058,94.96753257941339,Active
23.661856552449642,56.369320800016965,9.994245843318323,998.6052088871247,46.509797676309105,69.33440796973122,Active
35.88607778190225,73.31548780700851,4.119592364674049,993.5739131470926,27.05322085638686,24.08794828136282,Break
21.20552501645489,93.86752265664194,12.903338291408508,998.9616337493648,59.984709187133426,99.43424941069628,Depression
21.33389760634761,68.77344642332503,24.50680726541651,995.1715281464473,80.3153356451942,95.1327679347335,Active
23.962003866285556,67.52602671430809,12.430931665267423,982.4049787203386,11.234411999040509,9.929231339354311,Break
20.815747021296104,67.49724697648199,28.020075263337663,993.2729288013157,19.850528651995695,19.690422333793165,Break
20.09564256203023,90.22473212159112,23.638668052129447,999.1946707047747,82.29135840375986,98.68242306815131,Active
29.86458241995632,76.05365952541939,11.805683750540448,1003.7115695188215,31.316543298990815,44.42517779552399,Active
32.838245625500065,69.3310086316917,20.54955051436503,992.1436930907096,22.499333953562125,26.581618840565355,Break
33.65687578095057,79.8577652995151,20.31571663678046,1011.1194773379003,78.74817763950838,100.12218702034927,Active
25.524281237502258,70.7485607700039,21.957774934071267,993.5174197485961,77.80591686237672,115.79905631149165,Depression
35.507246730084084,93.43198199117128,22.281643377227113,1006.1013682676644,82.62012811492423,94.624886836082,Active
27.98946539158342,72.53881419431819,28.837939398696726,995.0880401918151,20.770767673831745,18.411387520768933,Break
36.90323263010525,81.81871407666873,11.086330404909578,989.4329151802295,92.5176863004355,105.79842049540441,Active
30.715458786694803,63.23175134626787,20.53513045422832,1008.5228904989189,197.4958485227701,241.09709874398936,Depression
33.92592616812198,87.39192872060359,6.217026890111672,987.6030810258554,53.361880434754426,63.86702649287139,Active
35.825343906822454,62.16983416092653,17.605440748044224,981.3642762231395,23.513171670517476,22.80302098892638,Break
23.619172736899014,75.71005200046696,22.614408710799403,995.2746859555358,104.28740977115532,126.96047998748375,Active
24.48215724996362,78.83511994288781,3.8831655910863,983.3221277887584,190.0356625186472,234.07610227486146,Depression
32.136659156116984,50.285929068039465,15.043121090247492,999.9906804517826,58.62940022131249,83.04679145696497,Active
36.050795573649424,92.45895027508521,13.368330447771097,980.479449264312,50.88163622779297,61.097357918874245,Active
33.75836095585569,81.18715424320045,23.344473486026878,981.3628305840683,126.74535768426156,146.9057425098925,Depression
36.8914473894466,70.74075596944736,13.265378746645318,993.6707762653624,87.44900158126438,108.44405587568968,Active
32.17025715658922,56.921774666469716,18.207524704996594,999.9319569460289,189.22731471709272,237.1015003175566,Depression
26.154295005898824,76.38387331108476,7.925805159956114,1014.8470888324609,19.48526789122342,22.529408487998154,Break
32.8718029031066,79.6579109519734,3.4937439156891354,995.9167519893431,10.872939678474873,14.509353891441034,Break
21.981139115620074,96.25235876715072,19.686018422320966,981.9036761982809,154.57037088377137,194.02953958683582,Depression
24.955187842133483,57.8103284343311,19.806329151147903,1000.9755740648803,80.62498387523645,101.89525223840796,Depression
30.435070827750046,72.64555351338055,28.56484306419191,982.1211717700219,23.373077591873603,24.470051843399762,Break
32.59351225319819,91.90774874943213,24.478706175086014,1013.6322051425088,145.85482383723814,194.46087677278342,Depression
35.869081517803956,79.22498977653952,25.346174625727166,1002.4902163613272,17.495724128312926,18.424125933394027,Break
26.38864389578618,52.599467598885376,2.8888254304436813,994.816730045362,27.470166967849494,28.633311890178458,Break
24.433148338589568,84.53398855740033,18.70973975892731,997.5551494971282,182.91401529698123,208.81362284557,Depression
33.27366954387219,64.32597744635615,24.47392874588203,1014.903326496626,110.76292792118387,130.10238592516373,Active
37.52088714496678,73.25047587632139,25.726862055998463,982.1837924009398,115.30904692636034,147.18789458878848,Depression
32.04755496491383,94.59465516282813,10.569440978638063,999.3156997747415,2.131046671320064,-0.7610223131796499,Break
24.128583986678102,73.45536055237893,9.519740688701992,983.5342337386217,72.09133453281365,121.2836384701826,Depression
33.66726512453253,98.3880732634781,14.312733622221439,989.742896858193,98.93808770617201,127.91958891733246,Depression
24.18510785974096,56.48394891121177,9.180965708469447,992.436191196586,57.22311262511339,81.8537117823097,Active
23.062077511567068,94.91190319766176,23.75049329991686,982.676798442476,90.70489453085159,113.66238234152397,Depression
34.92765621426367,85.33377668388499,19.282126564581223,985.4593302294627,23.416680806616416,21.45292018805482,Break
25.610416913270747,50.157045302406104,6.878815246070627,1010.6391968792642,71.36256514922607,85.95951716986838,Active
34.80286180133638,52.84893634986842,13.721003697713238,996.0450998446004,61.23561316494555,79.44417597125519,Active
37.85191185762649,83.21008565358929,7.5788867234327935,981.5736504557043,176.01621176587997,225.69974569483168,Depression
36.01134759878774,68.57336313121884,7.464662482122211,997.1287388092306,74.33121636779678,91.5789293175018,Active
35.08814757947241,68.07018895335932,26.074250894726077,994.2381680333103,154.77959378137058,187.26395481058879,Depression
29.249313222378763,95.16490071878553,26.916744341257623,1008.6249706979261,17.031819537931636,17.824964204551016,Break
28.813240316904405,82.23726242884092,8.435148322333315,999.3431793721862,96.74423575066069,110.93547401330177,Active
22.36976459827865,92.73517250465987,6.628464011862915,1009.8991276149068,77.42566698032257,122.19699552714258,Depression
25.142736217896026,96.35618909322247,29.157942709665345,999.9941164477984,100.70787931762145,114.49985597785805,Active
36.90010928074295,94.69926025234804,11.44944911889715,1005.5312319441082,101.63337484291522,114.26022194487052,Active
32.1097630594244,61.025213171782354,8.109810967460822,1010.5925120656815,138.3399612418346,180.89024640252217,Depression
31.222600949347335,80.01407302640185,3.498404961565212,993.1785600726255,43.684371068204264,60.5592249870179,Active
26.321948972278058,54.68882631285082,15.611653586017875,1012.2258877619922,115.01991589539857,134.16903927433935,Active
36.6414044371742,89.29063227341865,18.518540718450645,980.2252324023879,93.22395074296219,112.45275554219839,Active
33.68763761028449,75.6461082387383,21.714331596997493,1012.7310230354273,11.935971090522816,15.211501613263286,Break
23.072750539624643,51.523184315448006,7.724554428999646,991.9144044639991,142.26937108117997,189.58754259761264,Depression
29.17737217190824,75.06378223128647,3.4068042750434997,981.2219043429678,106.76837957975323,130.69413216429786,Active
37.935169286223,89.80037012136417,23.104553971984128,987.5425265603643,119.85238126434193,163.0538126978094,Depression
36.469385571403436,59.45695500114923,27.82628957076288,1004.346862832392,170.21686643344304,201.9796737405802,Depression
33.513853685799006,56.27431483995753,23.637599750622215,988.2926663717327,107.08440624863162,129.61039543045692,Active
36.69239325055335,68.29429047784402,10.905388031425723,1006.2299102093283,128.71034564921484,171.9676672042633,Depression
24.219660800207265,67.25418727566168,2.8429084219169303,1013.6522313600939,56.22487507746192,95.33771610219519,Depression
30.751263566362447,82.66917492393404,7.384677088941569,990.347908956437,28.414843887007436,32.26339506396748,Break
33.3032055669087,63.8732339862477,9.88524917895769,1013.7176112156113,21.481499197264334,23.543960822816956,Break
31.208411737096355,99.50544230434329,10.732624201384306,991.8990152327636,177.4301323231852,200.0998237688756,Depression
37.85052932070413,77.05014494638313,29.575680831078632,1012.8648747730092,27.858916863461822,23.477001470354047,Break
21.662489506004814,58.13954946031147,18.665959355552495,985.26652948521,13.463364119838444,17.59569092405301,Break
23.40908152192723,50.25132763049015,3.6826994905887642,1011.6668219588041,5.315775030335733,3.2584423967068767,Break
22.066344690523042,97.07664551422205,23.957772882227474,996.1836911919389,89.7171234522107,105.8850857854489,Active
27.243312667387613,94.2293444114807,27.075759747691485,1011.8211342418755,94.82857028885462,118.0402856454802,Depression
27.921044837169177,86.48559532487111,28.326182555995977,1001.1328947175184,104.02451843612043,116.62466423074964,Active
28.744713720427367,55.84617677626957,21.10028852372578,1013.2464883886126,17.88245865714918,17.22089788570162,Break
22.959299523419816,55.829153727784835,17.307479098019645,1011.5844561650136,52.27653234302404,89.71904551048465,Depression
21.905358245802358,93.6509697014858,16.648004579520627,1004.4891468170548,16.81739427003146,21.243986039697766,Break
21.489212713226074,62.696888596184806,23.83967315349524,983.4558022408933,71.75835283501986,83.53898926765653,Active
37.650228087093026,60.73479437316777,3.882557042535712,1000.8196582825668,92.97346854895287,112.22762895972039,Active
35.54238314614634,61.15310307713784,26.447047597398374,1007.6322304448419,134.18835171123862,161.57567654035662,Depression
27.623862487854133,89.67853272694008,2.8897975620050844,1007.3717769242315,71.64638010824045,95.1174196536495,Depression
20.490500215114672,76.17932426107265,8.111276435424426,1014.630111802287,52.75723064251001,71.42170695767635,Active
26.465757445688425,91.17761133059095,24.97949250146982,996.707263934284,101.45364472739683,113.82820322898105,Active
20.932145997190702,77.86552876571542,6.369002717519353,1009.2106833408345,27.38677334209726,28.043655063507316,Break
23.288102916314028,56.97994336799,18.141228251617108,1006.6659264151856,71.32116209580127,85.87045045854052,Active
36.78598781154761,55.932188287079015,28.14498384404116,1003.935325814237,84.15139476164666,108.2080289354418,Active
25.612438465203837,62.488608122325985,20.316484320010755,1001.6733661218753,113.5291651958808,136.2021001082253,Active
24.03168582557146,61.95712727172616,16.344409712838257,1007.0750235605752,149.2666598707458,171.57075132017843,Depression
26.38399168973149,77.53316897204257,13.289817171731062,1009.177540366631,69.43590449997197,92.92480988384231,Active
37.32070603896482,72.20576232481662,23.000795539981354,998.608135831757,8.342985451990693,5.512547910629488,Break
25.18409622663274,77.81640036285397,2.816345208618492,1011.7537130524742,49.80798091842479,67.58212356513948,Active
32.78206579407103,54.78645273721987,10.895451531320541,1013.9036111951025,193.71770133791506,220.33108146527763,Depression
35.951271898328216,96.71520570837451,27.659775246897855,1002.2395024901668,55.7129634640288,67.08357503693495,Active
25.66686492832968,52.15262013578343,23.86698818204419,993.9379727885304,24.734145528136473,21.198508094164634,Break
34.9927348803361,77.01482658951537,25.65064545452628,995.0955597219355,112.35546592655001,126.12300493977602,Active
35.19582185515058,74.2010286254702,16.39467239143527,990.7963898521319,9.756335888286339,5.149030030702862,Break
24.89597489619841,50.31895217032953,29.393934037591986,1013.8011523436911,95.55337689056815,110.74046836672451,Active
32.07967682754757,90.27150215229895,28.509174851382742,994.0074296547385,89.88926759481782,139.59923670862727,Depression
20.46385277775832,80.17644032505605,20.46616748623716,1004.0815944975946,57.40432794740558,70.37576069820992,Active
21.182458096813868,94.35596586118493,13.755763535216893,997.3913431475017,112.57901278468647,137.38578081398165,Depression
23.07685524357527,70.90723940813999,23.20392339171402,1011.4287626396726,92.13651497199648,107.24468750419493,Active
34.48934714718658,52.61956477974306,6.469497240100683,991.746814554227,7.014384992791923,2.2514625292371067,Break
35.029049702499265,98.73452980242757,5.792867030251342,988.1016324817855,27.793913938685545,26.99018776675365,Break
20.911204500843333,51.96959168464097,18.070596249932294,993.7513288112613,95.80416100094254,120.0055015285481,Active
34.069078625535184,65.68532560260326,8.940454044395862,1004.4200707643653,80.95935141773549,91.05321348313254,Active
21.113942630248555,76.76839705908256,17.850006100548622,1006.300853056077,106.20829557610647,142.70435245939262,Depression
20.91031586883612,71.30606189761154,25.30617911050786,1008.197708187717,58.57991218825516,72.4707381994031,Active
21.576643353307034,54.49581224298512,7.410983626556709,981.7695715785839,180.6032683186159,203.10901575901647,Depression
23.800266966044674,87.62341687932471,3.4362277714740364,997.2387383250001,95.47763072025855,112.74349850427129,Active
32.488500025413416,77.63811840167915,8.05501478922281,987.3005928709367,98.41448368111432,110.72298225152093,Active
22.68649045534653,63.40871838724567,12.110092337549041,994.2959453492969,1.7004129649750621,-2.952859992764274,Break
27.054390132990363,84.85818460689902,7.416189602781512,1002.4526568439688,61.03358469715528,76.09324900942369,Active
25.614414299660694,56.105575796214396,5.1118401252963475,1002.6836762086944,168.57807654075103,192.81130436139156,Depression
29.820478192257198,55.279577298832,3.2682500211661685,1002.9735050784668,104.07117577123307,144.20930052810706,Depression
24.87159095567178,54.06148174033363,29.792290273657375,985.467052777571,67.59202217006676,92.66387552325824,Depression
26.332490115386346,88.08379381068313,16.19830787368747,1002.3265656093537,120.15218187273156,158.7338809537266,Depression
27.40142856565084,71.3743227045134,11.247970690058363,999.7481135839588,0.7059748324229631,0.002203471391404088,Break
25.02088536932258,56.45872226215552,4.787302358645704,1001.1117257965134,172.75706371693028,193.96122948949127,Depression
36.01844077453153,99.59813736193217,10.233888940949779,987.3611494700028,23.74390622668557,24.768604533720122,Break
29.209494485342255,53.05035715026975,10.059276367844964,983.264500637236,177.03308366434294,206.76296498488847,Depression
32.17670749137088,79.71209136542986,18.888203363442514,1003.8886360838203,12.871871079079979,10.631098022885446,Break
33.83446395643764,61.313621500159314,21.3859205723236,988.1666487927264,89.50266105858269,109.2861913555693,Active
24.519441865973022,82.52126244119322,7.9453512800329555,984.2702594751911,1.349904637062731,3.691417227479193,Break
26.143735627100938,73.92641849597612,28.008067395675837,991.6190026657546,0.41047244282043316,-3.773540357131183,Break
24.65464864042611,51.392612041053724,19.678509129351028,994.9239424880568,8.877960883098483,10.516205631625734,Break
37.375449025347194,52.52083868011046,26.93076098394745,1000.1908420458923,32.22157415021262,47.662878156199895,Active
29.84053390933412,91.99101761017442,5.569599043926893,1008.0072221689253,12.197716120784168,8.630530707810578,Break
32.864939003036646,64.6676710720505,16.71316860596501,1004.424147492681,57.709774381462445,80.27273689260328,Active
31.060743995209364,79.05977118604783,9.101795554393071,1006.471699435401,188.6430606191992,218.41776444231374,Depression
22.29994375021983,72.11832665512094,3.1891574591829284,1003.9619167992738,89.8550390105968,108.2037154381291,Active
26.16915665770233,56.72881335520539,4.643729134493467,1009.1031416589278,124.8456675370649,154.39352877863666,Depression
36.096772128615456,82.2451452646178,10.071044160686318,990.4574004868988,50.004607826807366,91.36871920322551,Depression
26.4187311677517,62.72406658091301,2.3611291541067123,998.9104792366525,116.1868481645329,134.67302242373225,Active
29.260303899318096,54.252819274462055,17.368438443192794,993.2992677637889,118.9951978250248,132.38111368261173,Active
27.018195433239452,74.00236886550428,5.864433636561449,982.836351366277,198.10042378693188,231.42353049413043,Depression
29.573691797090298,93.68092643686077,29.87592921373926,1000.3950057270639,58.80245849061527,75.94937755920627,Active
25.72947370446225,74.451788765381,26.06757911370223,1000.7305479871734,104.70060143515049,146.85577779046605,Depression
31.999107527828702,55.97809988760282,18.03399988723637,988.9860223708415,180.9289132348497,215.92768299379333,Depression
33.14448541153228,80.95863676829184,7.225918314335112,980.8991375704293,9.22589386471369,9.146438758537697,Break
34.33715335502675,61.62706658104275,8.328929510082258,999.2867833653227,3.2413367812922136,3.0262474823641057,Break
30.540147118279435,77.06872104537192,4.40890039692241,981.9959419901267,196.3209542471033,230.5458831352629,Depression
21.200489865298078,52.40461552060177,10.278621099605335,1012.6390606273358,14.943898306441273,16.837002427468178,Break
24.541614687254366,65.38854526465745,19.181861283702748,1011.4277352705308,70.3532476688419,117.16230526922591,Depression
21.343491759429718,95.38677165887563,29.903838376091507,1004.5151129704776,16.69393912046466,15.280154940000573,Break
36.40410542141535,51.046705891336664,10.841648234985888,981.9908489222177,104.9883920937007,119.53365469843115,Active
37.39785529793748,81.4059765621786,28.057989337854877,1003.6636759035023,12.368391834949966,16.715690989832975,Break
24.515823798032606,56.02236699982827,18.36720717126483,1013.9262634299463,24.473082139053215,24.14036307673272,Break
21.381010883351934,58.30262607407682,3.710930693349704,997.4756031105014,117.76092139721658,148.40277809912294,Depression
27.2126750030204,55.75730891976006,26.731660839934268,994.5188979432473,18.419383688201812,19.58366546192051,Break
28.23397500565799,69.84739864671464,14.750727793457013,994.5236152627888,147.3148079239079,195.95178578967221,Depression
22.72578165865934,73.87080947401768,18.850588550472523,1000.3607826597415,26.045078859795122,24.018694172879847,Break
22.92568377443674,83.78106547991217,3.06641641678094,1001.6988997705957,1.7569591585360156,2.2806205367083585,Break
30.71413518894923,93.59565306402527,18.155485147695092,992.0918298803206,94.3201886940139,130.21929892465653,Depression
32.21105393905424,79.63854704350923,6.154089444106471,986.0230111358419,42.9122511316218,55.18393396065216,Active
27.78988671815274,79.78399120807647,4.257231344748849,1012.8849006158808,14.09746116100786,14.12236992927718,Break
23.613877545620216,65.75051861883658,24.159473014195317,1012.0525883808945,9.209168466270546,6.161140111989371,Break
32.21284103571046,66.15498508331686,29.65698709477728,991.3989680722384,21.661981926113558,17.064837113893542,Break
27.29761085250479,75.8141649598837,18.258066325469755,1012.7578036886996,110.55587599661212,122.79298838570818,Active
34.14665497176044,80.8965779923149,11.571723993946577,1010.5856234432356,84.00359781123855,121.01038169872463,Depression
26.327760680894563,80.51887476591638,2.675085415442671,984.07606256686,17.9838341897615,22.007866950868248,Break
26.897876587050533,60.81663888154135,14.392165686118831,981.6926948867074,13.234516566918971,10.228632544504322,Break
24.760492700009433,75.17734907559431,3.907052692258631,987.6361015357645,144.7188188874531,188.250983083837,Depression
30.77413387791968,70.70705341078332,28.82248407793185,998.9389838707596,143.84761841409147,180.99584789857977,Depression
23.32709116304645,52.979354867657186,18.92206095201359,1006.7292294272612,84.01589379794686,124.0115530987379,Depression
21.44190307897284,72.09168524009773,6.574269235155765,986.4560667870959,64.80363513395801,75.57088821826397,Active
27.160281936723766,75.58537235573505,15.532239979057106,993.3974435141064,79.12443035691234,113.35747716553439,Depression
20.132014715051245,51.290469643159085,17.492137909444004,998.215729145785,181.70502692666855,218.44123719647075,Depression
37.276238367287306,52.43474241999649,4.74421517386075,981.5423051549634,111.24874091680579,129.12224071769336,Active
28.121477446113026,66.51957368328083,18.498009201739954,995.8997438876438,36.94687772038212,49.49518381866798,Active
22.28499944758951,56.16418896494734,16.519727282640552,988.604660487269,35.31952387880891,55.68041860550785,Active
33.118152000618366,52.34864955490699,27.985449006407748,983.1899223805638,20.171694383961135,16.8704203280059,Break
20.9974859919604,66.55732445820749,23.447204095945015,994.4787537644842,31.999663382302238,56.82776318798784,Active
20.74570559874898,98.39013688242426,17.396196994203148,1013.7105659472774,108.97206942410227,136.07978924100397,Depression
21.745382077377645,58.95158187207919,24.330393268301602,1003.7141031814322,66.85467229234784,96.81426643532893,Depression
34.06938604495845,71.85257609210939,19.57687161712542,1002.6610279260941,198.8771930242957,226.0973084670103,Depression
35.73753201446745,91.53113802158956,8.290407133969465,993.9766403069727,160.95243466446624,199.32070763528242,Depression
20.300164642817105,59.738674884361295,24.693110082033048,989.5427726559369,105.8180322862548,141.4745621309931,Depression
21.223519396749268,59.06127805248548,28.801514978538567,1011.1548318706419,112.37278520276165,148.83043765440232,Depression
27.249310725442953,75.98058379015038,29.902736646361337,984.7326059799499,109.40014495784229,133.39043892506214,Depression
22.85726174073757,97.46365531228085,26.628841907929335,1011.7464686145257,66.81766337713886,82.13332112193089,Active
25.45093800161736,86.54398116611038,21.620314595959385,1000.6157031843319,83.4402568749107,102.07415830451194,Active
22.906241013156322,73.58699187592195,17.4972097338758,999.9600428555987,2.074607031555037,5.3495944479117705,Break
24.581729772589902,73.65137516715103,3.2128276511207345,1004.4768813188425,154.24296790145718,191.2646962261394,Depression
34.33238497021497,86.75125930949116,19.08302181701457,997.0862186358785,97.59582161307299,144.95460913906197,Depression
21.096716990972958,84.7008707052871,7.117032647648205,991.1665776016284,74.66152997107326,88.94591979950691,Active
33.22294941278963,51.19731326352417,18.375178716562143,1012.9515983127123,136.077589696254,157.9046476892388,Depression
20.556755865084188,85.7207050735249,12.126118655549247,984.3881372231856,184.48619877035154,210.37502783968355,Depression
20.40616121069625,93.08324423495505,18.15927830686138,1011.1730459411644,18.809053035861496,21.893001858901727,Break
31.009635549019862,64.78737812975103,9.160823643352412,991.4597335556707,54.19178535271784,67.17145400617892,Active
24.44342649672319,65.32077246755182,17.543746029089277,1000.5797070312342,2.021306145657772,5.336714009034428,Break
23.191877958030908,86.15358180248344,23.634787667588665,1005.0214836931959,8.49853210477732,7.501660466507261,Break
34.61359023218684,50.693106795643004,20.18260696662543,1003.410678586424,56.41813132127944,70.40809671766931,Active
25.99005564129432,77.87024821570935,21.796428239632544,1003.1898771208574,149.45408055847213,189.82607869334123,Depression
36.771327259697145,99.84747087058349,22.164408906066328,990.0527423221803,57.38313718111424,84.31556276734912,Depression
36.152942914346866,62.80957572196775,8.178229669408957,984.8343852599087,48.851019255855995,65.0949609661746,Active
26.418283867114745,95.58629384563878,3.128090480567179,997.9275147686968,12.320478990308485,9.417381764610493,Break
37.57809841981228,82.28012885292058,28.167228660034436,990.6184940270197,182.94323246835765,207.4843676062559,Depression
22.733951102059343,66.42790749428993,3.525049326271452,986.3860314228372,95.63788204294856,114.26379064483078,Active
23.722722076401134,75.22279708346777,10.741312623935624,994.9613284858341,9.397994297418311,10.758678500940569,Break
27.16904988360298,50.340734895006406,16.65540118188921,1012.2529687167596,63.32089671161191,84.59008057721842,Active
36.1459152085594,92.30621052651158,7.118774879098325,1013.4702158529676,53.8354698634602,97.47457387118814,Depression
36.25846589171235,63.37076392360538,24.746940277212225,982.8842090151682,181.32329755938449,210.39728708322858,Depression
35.45656618240233,92.86154686848955,23.41022661077646,985.1343289905313,28.350721937417063,30.176126725088633,Break
25.96910328394101,75.02896587154157,20.0803012138295,997.8699643054977,95.90707493431572,117.81761795939121,Depression
23.188288595568572,50.25698137927802,14.47146659096203,982.948938209629,19.8694121619216,22.38766362148841,Break
34.615032223481904,97.2874851112965,10.761747344807032,1010.0477259093044,118.79068027029695,137.75828007298222,Active
21.47538322358592,82.34186144631906,19.499432954528984,1002.3422702097151,34.82713123687478,55.589106096053456,Active
28.558562874189207,92.4549009979338,12.735119949631251,985.88975059777,151.4966952229771,190.5781154931509,Depression
27.23227643196964,78.89139857557178,10.620475507682288,996.7020027796286,118.3117437709916,142.29907762483862,Active
36.80958697123248,70.11118674235561,15.126116654190145,1004.6972388729143,62.66845563634845,85.85764897870355,Active
33.056688804227434,55.629523326459726,13.417784963372554,1011.023312668605,60.63739392319688,91.13127577742463,Depression
35.52493713322853,61.65364059454175,21.465249053881838,1002.0369920728507,56.84452088107105,78.47710033185604,Active
27.076192367727423,56.9627035392352,2.3000283354700506,999.0490067955337,35.05458089129818,48.8891672982286,Active
29.49614568198956,58.5798183532595,6.688872846503678,996.1907741486804,125.82811875852354,161.0608539041806,Depression
22.49068870497002,99.1369770455193,8.99924094432723,982.5677423610861,26.075245722092617,26.37587027260994,Break
28.42364832460478,70.5354622695833,24.893454592525615,1011.3269811399941,19.462413416850545,18.652111154645787,Break
28.244515098509638,62.832360359304786,23.059201315515296,997.9506159806843,22.390886529397246,20.506603925219537,Break
35.22176340099216,62.980164185423924,2.046025199148591,993.1745236882243,48.3817895731586,64.66221672307387,Active
23.95342871470224,50.01135191091278,27.62004305693076,1009.5357793930825,24.666843377310318,27.19532993613238,Break
33.19146537197296,93.8096239134778,22.237968817402592,988.1144452100154,40.72266047964433,58.40855279062593,Active
26.27897433425534,68.74124621749988,19.397257476359805,1005.1551339641771,97.44411150517404,121.21172475157732,Active
21.944521234848427,61.63183191933875,23.007302234444833,989.6077335727477,65.26298051554545,87.29900728231532,Active
26.14240009563897,72.20917034391833,20.916429659888287,997.8112924524459,165.97752518881373,206.1251574769815,Depression
20.57100485268856,76.7483336704722,3.055536297615878,1008.2823735990607,29.606878361648924,32.15257197370629,Break
24.474887923039514,76.91974896434789,29.779797905400315,1010.0135712713173,90.06125111844986,126.10107881071558,Depression
35.457705737096674,66.29406713078951,28.7131834221864,984.2657825623485,10.119918265372965,13.395155204911136,Break
20.010762899026314,65.39095750130596,8.752626000617335,988.1748576374014,77.73804462007165,110.58269981097524,Depression
21.10565232667699,61.196229389829476,12.171638299169187,995.352662508612,185.7948498515773,220.58355900125312,Depression
25.942807105680878,55.34003520011818,28.69528062269866,982.1079430715104,199.06759630672582,228.50646357478178,Depression
32.13231562791141,92.21574320761911,27.642612333818825,1005.1276441829035,68.57690400587262,90.69297313366133,Depression
36.36973106634578,59.506438315935284,24.99500432767172,999.0620804887498,45.468886092233184,62.61678315471674,Active
33.28184747303736,56.95011025995389,14.321990101861957,996.8997946043537,15.35341369708442,18.04783949129999,Break
36.826319314870105,95.46010681032436,24.94949634733406,1011.0866972381457,55.576586614055586,69.91111448787146,Active
26.786970758030577,69.66603351925943,17.247549090330914,985.5957917178255,155.14030475269988,180.96851188275392,Depression
28.049618579895885,91.49106323586426,20.332309757956402,994.3921423524149,44.01959345221532,62.22527363644898,Active
21.57403703239794,68.86815883983255,13.578462848118857,981.3934003806014,6.296928887586921,3.9061146840886014,Break
37.45308690027808,86.73542851325129,21.58870292465879,1009.8524234349103,192.16695469538448,216.4029266015,Depression
33.74328518602782,55.4341269687346,29.47521216695575,993.3565774688198,14.344767706675324,17.024467487293638,Break
31.314195211651096,81.66316008047052,14.607909547282723,998.5888323718135,183.12034103193236,221.88334453693017,Depression
34.54882780189301,53.451846845568745,11.374093172939016,990.9796093665004,10.678733204119215,7.163801020556023,Break
30.736407357443788,90.71919603345407,12.699457844879248,984.6294050284469,29.03228474501147,30.60993857773747,Break
30.159116846101814,96.64783127641137,18.422329869048564,998.4128881446092,24.71992955639935,21.760806167956954,Break
28.44273345532677,90.0469360770715,7.044442136513339,983.8452089809274,111.96610965907163,137.94647434320711,Depression
27.42259677094426,53.61384737865883,18.122004157683524,1009.8779092129389,84.88314853933053,98.49520578042814,Active
26.96253035693384,54.02904061432568,6.1205710306584695,990.4292032423546,50.8439122287509,73.57777027089199,Active
27.150886511128274,62.277531297224556,24.745133046917726,991.9993637681907,44.55250979465882,69.0399945904338,Active
23.70429878580959,87.07830542334148,17.306963417124727,1010.9567554658865,16.03677657468926,12.991356578373258,Break
22.992128516929856,95.82445755577571,11.179469567800954,993.0228789237013,40.34157090257193,50.39912808518895,Active
29.036147559305277,79.15639117264347,18.211028968282523,981.9079174603239,53.13564229702879,70.11118731034244,Active
24.08561371048738,87.1952593651076,27.737824869504305,994.8319541975823,7.852533004034473,9.094940374009655,Break
34.92893270256274,59.516848754752374,27.682176571096157,999.3745486431825,68.77724478440436,83.46012304120018,Active
33.05200087879969,89.8150331707566,25.322246984922508,1014.501888735501,84.1245663619707,99.21287083784745,Active
29.80271807679349,52.05340863952027,22.855102114837564,995.6084440782236,66.16886441130656,86.2752078580679,Active
28.106306944054268,87.44815754301993,11.99550802512259,1002.2160449386411,162.40541549674356,198.77629456113434,Depression
23.67315899383881,64.59555867489036,22.961043840291307,996.8910432481532,65.91883782364933,101.85954277623019,Depression
27.123998233887754,80.65759555515089,24.556862125566674,990.4884039344522,15.751480207361539,17.82426932641821,Break
24.53911179491954,72.33632343513203,5.456596242689943,987.2093012556936,0.6625753590353922,-0.7578126956369615,Break
26.00589603140647,69.38475774195034,5.874309624869321,1005.8358894687896,190.80719530610526,225.57806441169402,Depression
32.615582584257716,92.77755617179363,13.712151110617606,990.8294478204656,76.41088959693658,93.86969789579976,Active
23.211489738142923,55.407750728667835,25.578992149538326,1001.4946611665631,65.4271968249698,82.52873171559511,Active
35.38185307763925,67.00021930299461,26.350191174740797,983.0847050841842,177.13214495821046,202.58667454333062,Depression
27.746237582699607,58.27498873318278,21.784915611838098,998.737171882158,71.08206919933144,99.67628133166895,Depression
29.3253889735561,87.40080383497012,25.4228649413053,1004.6517360585013,20.00782342376042,19.361786657757936,Break
37.156162059094484,85.96226002879159,28.0446256801514,998.4655790645259,15.966686245685818,19.18310194347537,Break
21.824837164457545,89.59456618978646,24.724016121843345,996.879590002854,140.0874795480704,165.0751394585614,Depression
26.83527328678968,80.85971135584833,29.15492820974597,1005.467089819489,3.6424471651491643,5.853770738717401,Break
23.30812397194222,66.41927498083027,15.641936193813589,980.8667707151653,66.7100647656552,80.9046095430533,Active
22.454665894416184,86.40061288980988,24.76813434470358,989.0117641650304,64.69982079611825,82.30010765892828,Active
35.40801934807675,87.4976840901204,24.543271836852977,984.7895808305225,27.986030703798992,32.212482099834716,Break
29.04269275949772,66.39419970091292,22.639707590785896,981.2849530219073,10.089701828110005,14.295060679135553,Break
20.216054490908284,77.64074378591745,22.73858026986553,996.9756295633415,20.18267958740772,18.555348547949983,Break
23.232796065921725,64.06753109269208,14.81210930301209,996.6385049374419,2.246875260059512,-1.6915212044658157,Break
35.074505353137944,61.990997610329515,7.458831601961656,997.6719007937548,1.8583955573696376,2.6264747537521957,Break
22.14578797113032,51.82305254128092,3.476830660542087,1009.1957437872954,94.71680584597306,112.92957410687298,Active
36.98800600463065,62.544515826705236,4.815756498336442,993.7641519784726,179.11984053732425,209.5057471377341,Depression
31.76816152024031,67.50993405116095,19.282148323844826,1010.9682781460727,38.95452019856682,60.4534593692476,Active
37.392937359467346,98.50372283333535,26.22199078251103,1001.0277252268867,55.66852224123727,75.13007854382658,Active
28.201691889917797,74.10086698884663,23.217743690504424,989.8671424459038,38.607662642134436,54.894705258765256,Active
22.03939287916882,58.59562788635522,17.32509116150561,985.7609745794852,7.492325376880657,5.925080267525139,Break
35.336871484484476,77.96090658842292,16.412781425189834,983.485289973901,161.51527609342918,197.500087215471,Depression
35.49202079219993,84.74591898907538,2.295431428605316,993.7931553471076,17.26995758992259,13.531110813676696,Break
30.470987494522582,88.31736065523262,13.379663024072523,1010.7943211779514,47.275989509615314,68.06450579527751,Active
24.88790819319474,65.8107561281665,25.659183901922837,996.6712823272417,164.0600100931224,204.35196116042258,Depression
25.41739375336919,59.202238602510675,23.180630463689532,996.5955281057678,154.3692450411118,202.69551019149503,Depression
37.9191974242856,72.51384052207953,9.070850909820445,995.4990279634513,81.36460468844214,105.27519858974011,Depression
23.663627729964134,88.45305665798621,13.914158459611599,999.7895578913389,58.61142063959552,68.74307881881447,Active
26.87839235886778,65.09046848313469,3.047115731446324,997.6877839777076,112.19067176513434,128.01026308110264,Active
34.93218496571063,56.68478271997181,28.191045710698365,1006.2998161135956,14.643526303012047,17.77415427515325,Break
21.786132729703642,71.4322139604266,19.59806076661371,987.5304467568419,98.87846695728476,122.81951921502207,Active
23.686443363011772,89.8999017609612,22.679289495114975,982.2328094688759,86.33857363771511,112.44321347437449,Depression
37.181969163515,95.92608013852589,3.315790028087289,991.8584557561696,106.5802673686458,150.63547242222998,Depression
27.82155733948092,93.47668359074899,7.058411156716489,1013.1690161972498,148.038015506663,176.25767895295354,Depression
30.67501141941244,74.46136273749596,5.733645084858371,988.4890496804039,27.729287011576737,25.03315340543563,Break
25.206390250754026,68.46770650447161,20.584796681510838,984.1383437365249,58.60877655324103,96.10799399876717,Depression
35.91818170348317,57.58714564765262,18.73862437524239,1003.2658721718797,2.3244892137715767,0.14762755587877896,Break
30.535342910017604,62.82065138494709,28.151383276046538,984.5870520781501,1.1520263197903369,-0.1654726062583325,Break
37.62257313425001,71.03682812843084,16.054471343691567,1011.8475555355901,17.462103933726706,20.44015074713743,Break
35.55859279620752,72.84440358686334,15.30303421809139,993.5117827478142,154.57493814355257,177.07163012979476,Depression
35.53327321963433,74.0279970418134,3.925109379829649,999.2401039307159,181.10205069630734,207.7234282746399,Depression
22.852064669418308,53.11025457628455,25.03568180808178,990.8983678962404,56.17891688084242,73.2200195106813,Active
35.441440103314804,65.24515621925318,7.3949391016276085,984.5174936425808,120.74395477928925,147.56840289009546,Depression
22.991329992975487,66.63647382551895,28.31788244079985,992.0059349406508,13.701917786575208,11.994223939989155,Break
20.944670781795097,72.51181433363087,9.132963805428128,992.3159692021452,128.23264758664507,151.97207045642946,Depression
37.3054617276255,81.79553828548691,23.444315918550885,982.772460250293,99.70370428078118,111.72020569132442,Active
28.418971087480717,80.29484075897415,13.993850415927696,980.9487328317682,0.3153967362496046,2.934295680024445,Break
36.07948088818621,71.64199605285862,16.99518924673835,996.6944187416179,15.28969352411282,19.378347587302855,Break
34.13341791961115,74.37031515504037,28.47040618921378,982.0032842730883,15.268771212661425,14.797019265504694,Break
25.016497686713464,97.9435936595205,5.998800525240286,1000.2940351616704,28.56431751229054,31.80077345982145,Break
32.76202720387483,79.38134933075543,24.97657010107615,993.7293464533242,159.50025816212923,190.23290106094066,Depression
21.15021695687073,53.71673044430357,5.230158436559709,1010.4388463170282,156.93235540171048,188.71963546985728,Depression
24.65679705348142,67.3596083781106,24.23710566888114,1001.8825643761004,192.25543291833785,214.99520494834456,Depression
22.90605834859258,98.03731513856778,17.051124021929695,980.4968822065103,130.12095442035456,170.7711067667515,Depression
33.47657261190479,60.657105965696836,26.28096592463786,1013.4545101511308,129.99853217894076,162.1678899623579,Depression
23.044914089163562,98.87282815919212,25.89288122666441,997.4416559902983,50.453494820369606,68.61030087624582,Active
32.509462396186564,75.75835141932944,29.727984776378356,1001.3969579686704,106.66613332549991,128.92399908639953,Active
20.24591033847097,94.78631777575572,2.8104408688142777,988.3876024735144,76.24798731419445,98.19766034942151,Active
26.083667908457052,85.27450123365583,7.2501247993314495,1006.2709459860445,7.825477378862668,2.9163477283748307,Break
31.669355491378425,75.55469107361989,14.474498805808514,1013.843898011641,156.0434477740134,195.67384156359913,Depression
35.70535913292852,62.20737802534536,14.60307604318083,1012.4039581055231,11.16130703436622,7.085802204736887,Break
28.242205312287286,69.72396954194288,26.277685106610527,988.5398355823365,139.93958900660812,176.45012737177063,Depression
29.251198040432744,84.5061558841004,25.44858866233693,991.3046389111904,15.782820397546262,17.66051246120361,Break
24.922541276749637,86.82365873095364,3.446405999209949,981.7253072467546,61.81258728546486,76.54708551597214,Active
28.83835572804038,66.03667911557856,7.383221717106574,990.831434218101,111.66701254922728,145.00839585497735,Depression
30.37780981912052,99.16703842071132,8.764835740201365,1003.8448738686352,177.49197439177829,208.91868527051815,Depression
28.928769068298493,50.38833210769844,15.778576289802743,1014.5270590550106,81.64548359299256,126.89414381927578,Depression
20.546368499594077,92.1906431829153,14.889213417997421,987.6155778976075,20.314349000150077,16.50456204508149,Break
21.240701806423676,74.17749253951845,8.162521849323628,988.8894663681689,3.7693047723694195,1.6665846097515655,Break
24.297531879548433,60.67714272451707,13.512041421439637,1004.641100840708,126.37031193823987,150.54989640958127,Depression
35.592086550416184,93.57929414312034,13.713682609825225,995.5538466457879,36.12335826825027,50.87692033405964,Active
24.802301889808955,75.2962900073197,23.776381481898206,1010.0413028607601,0.37789203815360883,1.822742653359548,Break
23.291561481587703,61.62020231072066,19.797695961921118,1014.7530213024017,66.82643287126396,81.7671219107951,Active
32.480795693339346,88.31227363801895,10.514649807195948,1008.4069455055699,172.4138529371392,221.9310438540541,Depression
36.375386360828315,92.58951693302708,3.472083138708088,983.6545379324341,84.87137174481997,108.59784856217041,Active
22.81451854960775,87.58990817934665,17.911521255525514,989.6133054425767,89.10631611992784,124.65470774058917,Depression
32.999889776125634,58.70783461976981,17.312672866048125,1005.0060889360024,57.67482596682139,84.66058267310422,Depression
28.85603112977749,65.51176418723524,7.089380737313438,997.6446494671453,34.7447789701051,51.43733553729555,Active
29.97163076996145,64.89774656584328,14.742117794570763,985.7243828085566,65.93207413826843,109.20839177235922,Depression
34.543231905962344,88.3882308857169,5.191044839338753,1002.5367784973718,74.95935016842041,96.43099380029676,Active
24.780036764223446,90.33867848243837,9.050589449424681,1008.831123578278,2.443416386734776,1.7935623301370098,Break
25.26779175801334,77.27139751058566,5.735657394649799,1004.2075190690662,6.609821803127477,2.641988291917473,Break
30.530633036935914,74.42712332201286,16.677495589772604,1003.3427396145026,186.59974930758327,219.669911291252,Depression
22.32355151256431,87.11493783669721,20.006921873299806,991.0510190869413,34.43780883988422,48.29999708727126,Active
22.4419064088868,63.002402012621694,12.781625560130927,1013.0043974424898,29.084726982185344,28.6239883464033,Break
29.125993162580254,78.60859808918849,28.1057479657439,1010.037237684196,10.228859209289656,15.205581841936247,Break
24.743926630942,63.95652353871348,28.058823155747152,980.8625541622713,2.248801304100392,-0.5211004605622782,Break
27.342126872687842,67.38912015244436,2.6060757177155405,983.2122162264911,146.9464900486072,186.36675407979993,Depression
22.310298679064505,82.50935832228267,29.509512256834938,1011.9136499338806,17.6509706765297,14.777613541643127,Break
21.74632792826761,53.2119287928563,18.595489866000577,1008.876236169998,68.42052550409724,85.45589959986549,Active
36.713999592094446,82.05430517910797,10.72628166633017,998.3861392557752,60.44078705855564,84.14893141338258,Active
37.65880752058038,83.09053642872124,24.872928106116714,1006.234094747738,21.45966931587407,19.141101611993278,Break
25.682032660953187,56.2625615548104,20.354279211691154,981.3928994567478,42.57231353426448,63.30835243042641,Active
37.510286629815994,99.15323498074102,15.831416175925263,1010.4273305347322,173.18891305592683,200.52856469406822,Depression
27.583415869400564,91.94196683826351,26.559373094544064,988.5112993092479,90.44942078981089,105.4579578627092,Active
24.57666489780075,81.55246966351103,2.6995543038917846,1005.2253789209337,18.172611915628032,19.491413508096883,Break
29.48690281686615,79.1266888720368,21.14606962491649,1006.3591596512886,5.597702906195026,2.4800249038854814,Break
23.316475728308134,52.8501193775967,18.458356582407173,1009.4121862155978,1.4701393491382064,2.197842116007664,Break
34.750922336948946,66.33694452843167,11.78920316661622,1000.8721274123872,32.394752946991574,53.42318071851551,Active
31.261698432946154,79.03779995278296,22.76715561177105,1003.6330793146714,153.41257008069869,181.92650837194515,Depression
32.48953691376318,65.2906755641832,23.25869143039586,1001.6911749072049,144.25206763241664,169.77510733324536,Depression
21.901706218080754,90.6425485768379,18.20518133807998,1001.6399757354802,2.123743080335233,3.727625604293487,Break
34.56550646582134,83.6415844960215,15.922417460559881,1013.2607454807663,31.725109877248,48.204950449199615,Active
20.59421484620589,97.69683762632044,7.877705280945442,1007.6124458382108,76.38354251279931,103.44504036975003,Depression
28.898674598823646,95.74174749984391,7.928002420143184,985.0484007391336,196.41290362993576,223.08138662909332,Depression
23.74590862273471,87.68600882810648,9.094623167221364,1011.3276795706646,152.51441227359058,190.32495087085258,Depression
33.586894250521965,65.47312882230912,14.543206378701319,994.1915086715646,0.06970218395790817,4.909011585381931,Break
36.31047565029463,52.77226178519207,25.32495939034996,996.0231726395722,181.81197855153948,207.7119955232487,Depression
37.051399989561205,60.281074384967056,19.18312925640482,987.8080217085142,20.519253897454238,17.421533205655614,Break
29.375944088612226,73.45298721950596,3.9890477992935547,1008.6407736186356,81.71239777966916,99.43416130366617,Active
29.23868908226796,55.361119710424376,13.857496258981318,995.83283657223,47.746468377125964,59.21061894876084,Active
23.003274407700395,96.1865697938388,25.001195077733342,992.3922596824283,62.93093687560268,76.37183940791842,Active
23.929456012607222,52.734658728813386,2.4947612542721487,983.5968884927423,13.667003459703263,17.5767423066103,Break
30.250950653334364,91.61955208509539,29.765481602914388,985.7265671448397,14.010535995652251,15.867053488304244,Break
24.072992014588525,56.590341494833964,26.83719684451493,989.6258670370729,100.26293737544658,123.91587923761702,Active
26.891001105831833,81.53176474915402,14.043996498711136,995.3217769245845,136.01477380334916,158.96512145105555,Depression
28.086941845219698,97.02485992565053,28.67936289677636,988.3766300291576,52.75536606212603,63.76463525594875,Active
24.823950803918805,95.61041183907628,19.729002897081624,1005.2369131314255,97.3581694655733,141.0990570392599,Depression
32.25009199049908,64.97781598074486,14.816826880653974,983.3445686385418,85.2546948217878,124.82312820634118,Depression
27.293548566355934,79.80217977388236,5.008615473609428,980.5919479972563,27.378150806493313,24.151664423090743,Break
20.126772463234552,90.27480230161223,4.150279160028552,994.479711116851,116.89037711405591,140.62759233691708,Active
29.05175936118053,89.75551412633624,5.80088388679723,1014.2103364471404,35.55861476611797,56.5738652961474,Active
29.39120153935842,60.66019656945675,23.888411692133264,987.131442004748,37.955727043208256,53.08910991489182,Active
37.66490001634304,81.48417976296014,13.652506499372418,985.8288479724044,173.1273513894693,201.5716704629969,Depression
21.26123652298141,52.831277868877905,5.370588186154947,1000.3269004265047,7.31124635713028,5.3701944897454785,Break
28.69642362017899,53.15915484301132,19.111962649914894,1014.4307261786515,104.18240884637177,143.3014735425125,Depression
21.27253894731859,68.07700938814783,16.97438505587339,1014.8678572565624,19.047891903532314,22.637215396779588,Break
26.205855804197736,69.51477736063853,26.94860712308192,1008.4763084678575,7.463911912594438,11.566078462260883,Break
22.779483635705834,81.3385259708611,2.8064330553025236,1002.5301932213731,51.28274210148251,64.45534334070904,Active
33.24863720766918,66.00080565436959,16.169251387531425,985.687887285411,47.311172683852355,68.07176429479696,Active
31.95810859890228,67.16888947872863,2.5347775819043235,1004.1426936559503,52.99593988670422,90.59399200884104,Depression
28.197108294462936,75.90076744542598,2.2089679316821433,994.7940316880099,43.09655703486824,66.26623277236313,Active
24.845415310519495,99.11280304683075,12.721284393042882,986.2259420557075,69.61622958274738,80.65584617832181,Active
30.40793086201921,79.88162199344501,22.690052749785224,981.020946230176,117.21282309246148,151.84982895084053,Depression
23.676616422855133,81.34013150324219,12.044790295200881,1014.8475811836022,13.245117698435248,9.551844002567872,Break
25.237989012163936,93.44795525104482,27.32467872374983,980.0261697929686,17.58706496342285,17.51073545043534,Break
23.46168391011831,73.19681317274454,8.88292043663209,1012.019475244808,13.895983089267613,13.764265208679982,Break
36.828074837981156,81.85429444273578,27.16269564347459,995.9778099369537,27.89806782222257,27.48511897889795,Break
23.269365593818794,65.11978701519611,3.422472511290383,996.3905207009735,113.3926844896543,134.04901171484047,Active
27.540625246272537,75.86360848771552,4.357964312958753,1014.460156373164,10.762672860638213,12.073843139560562,Break
32.86817188539119,71.49223348715776,10.580385423406804,1013.6774518540581,86.81816938083956,128.34501086029564,Depression
33.982784610325055,83.67098644557163,19.20598488714539,1011.2364182883205,75.82421690063424,86.19426621874155,Active
27.324171765031302,61.034953739266754,16.93263414884474,1014.8597777185245,6.362437124321332,3.7524139264368452,Break
25.063122143954615,70.55636391296896,8.56110183821475,980.6878018961397,3.1091017944238675,5.133155453085887,Break
25.390239030816584,63.442845645208585,29.94336875563129,1010.0348623759329,29.407836234494972,30.908968468687107,Break
33.35640413383568,51.57565215411058,5.404947261745599,1002.1579794273683,11.061754664125377,13.759068847094179,Break
34.59683346810699,70.01783134199152,28.52028220817793,994.2261951283225,90.51134408785784,110.84906524427058,Active
26.146449318951962,60.78048826215224,24.783887581204624,987.5986130314461,24.153576262639948,27.65490360949032,Break
25.20470602017472,97.61300391811619,3.396084099176599,985.2468238636499,136.36887066834646,175.72337316737355,Depression
20.305444327678398,98.01833873110651,3.2484665965560318,985.0071683453191,21.040906809313242,16.18463632709102,Break
20.891227334641282,79.96792935679014,11.566888066916714,1013.3660730270336,71.36066797549697,88.84518713880885,Active
21.299837336033384,84.22176805346538,16.090171616041765,1006.7802097451442,9.703285653005903,12.895627774030105,Break
29.65746095108207,92.99703570917046,7.964988955611397,1001.272245351241,116.61042517330861,134.38590712333843,Active
21.31217213368979,81.34164522075336,9.089569396358687,1008.1292708157056,143.34544686110394,191.37805336637933,Depression
23.717619271496115,86.75130745525493,26.260629770973164,998.2308762456629,7.8202547322178075,5.789211474898237,Break
20.01129529931221,98.15470654489013,27.691257048697654,1006.75988923158,117.12543345492622,140.1821860740728,Depression
20.286564810730376,80.80914826062987,28.903223678245276,1011.6003808201252,85.05356732380454,124.22962220550335,Depression
24.24228562236593,85.68301415560768,26.462984967700965,984.4380629694366,112.68259949264146,134.01787067092658,Depression
25.204460931537696,72.564258858882,5.275525298787212,995.8643611264257,39.52168682455191,57.11378461497157,Active
34.66325100846651,96.80815207754983,16.37850026876956,1013.2597728263993,15.878023444307704,16.72198266020228,Break
34.34350826497144,67.04832817312423,24.55305592513643,991.8513930189422,104.8747387519247,120.92753863852786,Active
25.99939747766945,74.59640120195647,18.037630272639053,988.3418023719798,140.68611653873631,176.51897849882974,Depression
30.033937408944798,98.91654038386238,23.648695368914847,983.7193066677338,5.116141466946776,4.5896469570030325,Break
23.788274099177617,84.47915327666149,26.564672613404998,990.1626659878339,10.69676763530666,10.169795197832666,Break
37.3793225282258,68.86742386151558,9.230350771279523,988.5213465423366,163.9280223075416,190.1076678331958,Depression
32.76733028853383,51.057491167470815,13.730123383550488,1007.1552772820976,95.0491808409716,119.22878644474615,Active
36.50738203045664,79.17131075720455,14.953088491195395,1008.6405178303784,26.23194095124992,24.757233364255093,Break
33.00830434054076,65.96126488930942,27.36552679457013,984.4322993931431,76.72862771431141,90.24417907447955,Active
22.22419677322837,56.184542530688034,18.331733519894705,1005.7165751097283,188.49290315209035,224.8376434222933,Depression
24.855364385727807,85.11993605402994,20.449250584096003,1014.6193861688057,20.161785079852063,15.682022630146532,Break
22.04562869654095,50.195918747554664,29.984899069670846,1008.0795794001617,126.45891129322696,155.46092378039015,Depression
22.72275712032817,64.23373694232319,12.527194214015896,1006.4708533943103,5.849902125630592,3.9846757240950965,Break
31.170023246422254,81.91750325653653,21.58277274764628,983.9204099573872,170.27388498132729,204.26512281646376,Depression
26.50998949751077,55.420018635831134,26.52612462121374,1007.4106010159766,64.28734009593042,85.11145697131997,Depression
27.26526611485815,99.67890864096094,6.896750213456154,1003.5425520234377,57.54843994019959,79.4356642207403,Depression
23.372242243882198,51.623538584587415,22.813881075960346,1005.3165606397887,149.84757509389397,184.6519750360803,Depression
36.61713179514676,50.79259211159381,22.437858540002992,1011.1061280884835,13.501925112472746,10.549119651972735,Break
30.19732698058094,82.47714793018302,10.47344912200514,996.0993584387335,34.90583496723476,57.452431027876614,Active
29.214895352274702,76.35038122907669,17.724646215941437,985.9784797207174,59.849205975931575,80.69506285783652,Active
29.139538733527957,74.95543290538032,5.08398392173106,993.6330609080893,24.08092216008065,26.961273655830873,Break
25.34985404921173,56.78133080036567,6.077602107751856,1004.4101066033018,23.4823702275416,27.857181951532645,Break
32.45469253879865,57.79257682757218,8.816393269431499,1009.476780580559,115.95568684136128,135.11958265361346,Active
20.022825384478825,94.70035989584031,16.607930438273712,989.1934407365669,113.3998998498183,130.6552621970202,Active
25.679962539975996,89.44725619674634,21.08999393807673,1011.1063369312595,66.08732940195165,81.34797622183291,Active
33.91112150167706,90.15852558163655,6.295560706894465,992.8292915582729,52.29658799403582,95.71376976866401,Depression
26.50893173165701,70.32092705010689,24.662347244234482,993.274918710464,144.2309895639566,167.87214730041518,Depression
37.74681503524852,89.03410373439311,12.926679388351861,1000.2497376297774,79.86893523562435,92.48641253159367,Active
26.81666040046087,92.15724325148727,20.0379644477093,1002.775353451683,108.60403056514232,148.5789553946982,Depression
23.87923143585984,61.053577640699594,22.417906558023887,997.5101681537362,141.00743029550057,166.0110503510108,Depression
34.35356997094996,86.00556667574729,4.411801603373016,996.2333438636032,93.07471476958361,122.90713154646745,Depression
22.08090099100722,69.43154728035513,3.0422077279412165,1012.1160243691666,175.44369696536899,201.9075841836409,Depression
22.168672803892424,92.57685859489628,6.385158816994197,1014.1166028467668,185.45418102392176,206.9797837329964,Depression
35.544022453969575,67.04739008213049,27.186357422696677,1012.930796721952,27.851176559423756,23.50743744120193,Break
29.88941297709736,79.54331336975572,20.276387465762276,988.9483178166136,105.93124766984799,118.85538920440038,Active
34.883621249120516,78.13277114513713,23.3412503134343,1004.9762578192215,69.99968619043489,82.12394486523414,Active
21.84493392540583,76.77324748284771,4.384021823570301,990.603080876153,108.41520201165099,156.9662742033671,Depression
25.754975288117375,93.40490799335313,26.675019087092913,992.2565283516186,155.32351477953557,186.47532431802938,Depression
20.318849310969004,85.15998923877434,2.6076026677151654,1002.0915827321024,11.470899931848837,10.902173385077983,Break
26.7714284378532,68.367025763864,16.726504153240864,1008.3079805575403,109.97779024528656,127.2355397957849,Active
33.111604771389885,65.82272882667289,11.581219361242407,986.806223171381,81.9468008600978,101.66260167640698,Active
20.52738997586153,80.90514827808485,16.266248450277654,999.1012387922802,68.36679456630833,85.00182643706157,Active
32.03607592816208,65.77081956293418,21.11277983387655,1010.5020989615086,33.38096065895825,54.138682364659616,Active
29.685703954180003,75.43529921081333,8.807486851834723,1006.0662756070473,47.09412692949181,64.00480949971595,Active
25.153037518014937,62.373149061657315,20.066654047493287,1002.784011082649,170.8645877439997,215.62204774356513,Depression
35.62765536402162,70.70657572895492,21.54020306986004,989.3887625622809,76.30013620652899,96.60356915635407,Depression
22.678556861327166,88.79361447720633,14.509942942229921,995.662508673365,71.23843247269943,95.41368888642684,Active
32.12497697594051,53.244963976920474,15.04031617468993,988.4085756462506,86.64813400053905,100.50184827092345,Active
34.41444838361345,81.60612142245115,16.098378316343904,982.1037994627438,19.92036684202807,18.30404550128023,Break
36.839414409659426,95.61037856245912,7.861755182754766,981.3796154792127,82.33085531357618,106.54739904405841,Active
20.966547414787524,55.31228542347802,6.862805834721516,1004.1559874711517,86.99846702671667,120.78690957870447,Depression
31.31307020150422,77.86259166592053,22.793807711087336,989.7918425810465,12.80371116581758,14.291062554574921,Break
33.090832468143816,81.68770435951681,5.934204487040612,995.5032853761777,14.945678975219375,13.240983112959341,Break
27.930856053065146,92.84750649346941,21.157854105277625,1010.8854416971653,82.47609159799293,106.87936268373531,Active
31.8860449492543,76.13547270338006,2.660575097862284,994.4806514153115,114.66211689509086,125.37883736531194,Active
26.340157551273414,92.82859943416679,13.089525368193069,986.9704914158973,26.577663433302753,29.326948156362302,Break
33.234521893522285,89.86684028249813,9.543700901228007,1011.0604591763371,100.45185900733729,138.05430257635757,Depression
21.85229159015601,86.50650938882124,12.842889349697298,1007.454198296294,17.724136005537474,19.938627576633195,Break
36.943020720322366,94.08176745877054,16.425382331869983,1007.1128416927556,149.87866493244158,181.23889123162508,Depression
37.17961004577933,93.70844607410342,21.822345640719853,1004.977822607281,148.52228466326733,174.46847262033293,Depression
22.5920580305568,99.97339471012901,19.426526081248877,995.0845755430016,132.75319517096926,177.9860802894523,Depression
37.94328711706592,71.51715868445362,10.96836478990879,1011.7328653933199,59.37196420367313,101.00869822864063,Depression
24.14711128726216,84.2600726884933,29.493119920986878,1004.1887054518847,28.463714930757543,26.14418680454392,Break
34.60638690473027,52.767990846920476,17.067388281114766,982.4692522298463,191.9897859167508,233.77889092781533,Depression
23.954278400764874,72.45416963380566,24.30064954705866,999.1472046821455,188.698791437337,224.21274819765614,Depression
22.107159433673527,76.40888607115086,5.552439185766612,1000.7372717711742,10.793682401457888,9.851803323460604,Break
37.46789387991375,55.61929661457629,9.518137683079388,997.2340615721517,113.6558039080452,155.09668657824386,Depression
30.868269631150124,64.94630750491666,13.502859075887978,987.6194929600032,41.757094340162375,57.33464610865867,Active
20.465101499960202,61.08897459667732,23.853191874644338,987.0411331301108,118.50484984145153,141.12145947553458,Active
20.64738361184143,82.9199797688521,10.029472571620742,999.5865899475654,106.90638923196745,127.15402268056472,Active
20.94199143141193,89.14243089933288,25.674302703535695,1007.9678751020184,178.20125620763952,217.1179371349154,Depression
33.4502504847119,60.47088354109271,17.0383367565229,1005.8026728249956,120.75481503368142,169.54832862681286,Depression
32.170832002162015,95.38754001206189,22.433574324063073,1005.7412235009189,104.80502623259792,150.0534900253324,Depression
29.98316884180061,95.08156147431801,27.933403619609546,980.3184363448272,188.79322921897327,234.8322284790372,Depression
28.994298145092273,53.0671937241934,22.007745690608374,1001.8194105967692,24.14900501645056,28.822286129985258,Break
24.834780792462755,74.74129758002732,4.411251094178466,999.5697829762039,86.10223845888281,128.41031398570135,Depression
33.50489293049189,65.86444918879526,15.54398730693997,990.311116652916,164.1508974424333,205.5413261982855,Depression
26.593154951717402,52.646796778440915,23.13811111398141,1013.4311306167347,83.42837265966247,102.54631502087719,Active
27.26055749047436,83.82360717462055,7.318117454450056,1008.6561383634468,80.41043847084136,96.20737693576038,Active
27.564492832535755,78.10554413116148,2.1642123808405165,982.7478453958763,37.009109018216165,57.61116296137374,Active
36.56068695396294,63.53418021508656,12.3737602376664,999.9122492045651,89.59006432273613,113.27905450660698,Active
35.72830442755785,75.09101877702554,14.254096474412858,991.8892416467855,34.42335513106593,47.289287221261304,Active
34.229244935605664,72.69794165239298,10.446542765672168,993.4406675887735,122.43178011737653,154.14155349522318,Depression
36.36312577214117,51.456189249455264,23.535016818204376,1011.5668350112111,79.56214423235821,103.72909955058878,Active
23.82099527513926,76.00674238923425,15.292191559589961,989.0437426754629,26.988017842897076,29.807343640779166,Break
23.51646129527495,54.33743177506908,18.952445588549587,981.998316617846,39.16625386281444,60.093662870526046,Active
23.594055284731642,68.56354602526969,16.047576648179895,1005.3913858957557,12.190992158323844,12.041721249750799,Break
29.73488715148771,90.91803206976084,6.806989461210073,1008.2741008139318,101.84854033127888,144.14737458800118,Depression
27.88600971859931,90.88942152947098,17.381138225208417,1012.5427102920676,87.54373204884979,102.61371376427714,Active
36.32359839211705,79.36849342877885,4.391269560144467,995.743139674655,6.802026806950843,7.8218403366953675,Break
32.55406090695751,54.524815554793335,15.930820848768677,989.2078010473467,5.686665256108214,9.609044411489279,Break
27.756944057329882,59.90015151537767,14.264610297809222,994.3060316982985,7.18109509026139,6.360780170400261,Break
24.52145608288041,66.02837930082495,5.7793976100059785,990.3661867945649,10.770023042377911,13.85360126735865,Break
26.985052536697225,89.79825448003038,10.561171570346492,982.549585414082,11.836533878441195,14.763459606934973,Break
25.02459439800148,82.3182556061828,26.45270445121639,981.4575407818993,135.6999507457893,173.92410336304636,Depression
29.41684401450769,93.72375516418212,3.216134002597849,989.1359937037547,50.98687989794547,73.95292470586143,Active
25.568634117440233,84.70658269881184,2.451490098422017,993.0429995462952,78.9135985724713,90.00464249912925,Active
34.22236472706995,60.88904008837842,20.957058816696286,1008.1124243135432,22.226496201659565,23.84509932380962,Break
26.399536348736138,90.44292695167826,10.251638356794784,999.9924521213031,50.58711586030859,77.40334619526872,Depression
27.31531316241792,92.56305836810301,24.357558802051912,989.3507841905796,149.21993079854778,196.3181394657152,Depression
21.773843325432964,61.60392889330825,21.84920017504431,1008.8310561669305,51.886671872929305,76.50556903292443,Depression
32.696414663494124,62.18192846727915,15.120850683402274,1000.6955402123135,61.32906290388303,106.15649942830409,Depression
27.698043544835045,79.80319655502976,4.510262474599012,991.8075677425048,79.47161522909204,102.33807741588248,Active
28.533837365160807,50.20531014487242,2.308374033397009,994.5822613094813,80.68479496085594,104.84140676602817,Active
20.068945229005806,61.90624216269994,28.276533931491414,985.9880088400007,168.49617500251594,207.67503918247968,Depression
35.362379957645956,86.86864860153356,26.701760642355737,995.1860816969918,198.92481975229632,231.16164685570203,Depression
25.173245609218686,77.89395917889428,10.5206125709842,983.0260127492053,194.43374512670565,219.70113845574414,Depression
23.19604255483801,95.75835689872775,15.02575212740679,982.2115897746081,44.37745142105498,56.838405245035005,Active
25.13335872818086,89.64200226367636,27.36119013782054,1014.1280509397689,109.31677910526825,124.24060544442831,Active
22.03112980130392,93.50124627600829,19.81095777002132,985.7655813628371,93.08865423156016,135.19249129286607,Depression
28.161492151236825,99.46399725531924,3.5328595032686634,992.4255343147686,132.84822460614168,170.8147174488612,Depression
24.93941097800675,70.00148179931458,23.793498413891644,1012.942514294224,25.517405919197984,26.02285892539794,Break
34.865988075682665,65.1751954573976,13.157405339058004,991.091955483649,92.83694243579546,141.68528570342886,Depression
25.631203304102026,54.90222690554699,16.750880649411577,981.9984677455811,144.17957390031523,175.1364116880217,Depression
29.637440039206417,89.41997654724562,24.906916713008954,1013.5269226500477,80.83572930456839,93.53058379212108,Active
21.795744038651165,52.72559449554296,20.662723289990744,1008.2637689389297,3.926434156607279,1.2820935025522915,Break
36.78507115575289,92.9751487812449,21.87398140627123,996.8778830618064,27.963872993419585,30.666160649918318,Break
33.45860925223561,61.70513324853203,3.6779043489902805,998.1159812768833,66.45009887287935,90.42326497947715,Active
21.60217522812816,75.57628204047465,27.718602852407393,1011.6439781167827,11.708637259894093,7.769555056023185,Break
32.06803997508517,64.44197072387567,18.3969166995062,1000.6973096418624,3.634663837829563,-0.5112513340877838,Break
36.36998595265936,59.68119048977304,13.655977999241932,995.7097977978201,66.11273248833552,88.93890827788084,Active
27.774533560624917,69.30495944187422,21.31506340113385,1001.0854388451505,9.810203054883063,11.08979040831214,Break
24.953423811922562,95.47933475268886,19.748904931308374,982.5167351060755,26.18490702459961,29.33055914573464,Break
24.21061077402893,60.03160450732867,22.023829750712917,991.0233221671566,17.342163060372375,21.92195659286128,Break
29.055306804888964,54.145729069724055,19.360037337367434,991.907804805794,115.20172224747053,140.9869105157379,Depression
23.43990120844061,88.43820903605803,9.436452752606076,1006.8531687955729,36.761061913905834,54.79596283982752,Active
35.380191497337265,50.244223301012596,28.226516528371068,983.7197479049687,43.44594496083951,61.09572115054197,Active
28.290485912503996,95.03800812253662,28.040150578150033,993.4248586852552,14.502067095690126,10.618426389650743,Break
22.077253267659348,90.07697303595377,16.822937397730936,996.8556199076777,47.961445430634484,58.52821302956968,Active
31.58065505125569,63.125514524158284,3.4657209960767665,988.0842758684822,102.10476604576428,117.76244792252794,Active
36.260048117408694,53.48453483650598,3.63009033810951,1012.4451456035492,56.26804593327598,68.85940570749229,Active
26.82858076767536,95.54171134948768,19.22973953760008,994.4181292014292,81.5414266852792,118.51808483833197,Depression
31.079947217477226,51.97787532813066,13.2850852213997,1002.7203887690805,94.97848322564803,117.90661046088516,Active
31.773395953203455,75.57953053232745,6.449893471636804,981.8710549411686,72.76537794203654,87.52426555738955,Active
33.793473280140205,74.89742962911319,10.680952672348601,1008.4188709836781,78.39151695795904,88.46220334079266,Active
21.303009168757587,64.51841062430103,26.702582268581423,985.1455234214923,26.474853152044094,21.676070370574834,Break
33.54908848086757,73.68866462572115,14.509620447508992,980.248378637321,16.222968939016287,17.995975802372882,Break
32.647332375882485,97.79900294130361,16.877518690625052,993.990184284105,189.96164795992178,236.0817920063514,Depression
27.59293703940776,84.56508846676144,27.27922059700701,1009.7650320687625,120.62246290488471,146.59035629873586,Depression
30.83035895516837,53.034153447534116,13.573588876393382,999.1315228882285,75.12057358250638,106.49074857785237,Depression
26.36435222538095,56.62344770089274,20.82391427036826,997.8042179255282,114.13398363994212,136.65833526572388,Active
35.16562115033243,65.16040968798374,14.024541118203672,996.4747081560578,0.9320439073336895,5.401072901938857,Break
24.33282654194312,61.997445186181565,4.334613505525267,1012.4977713180323,12.134731933557282,11.690988087109282,Break
32.70366291866573,91.04201183524255,8.617596813189868,1003.1472548956948,174.68687076349136,217.68992145364143,Depression
26.311568446228645,68.84053138871062,16.939524139500225,980.0084351639797,6.246954258246433,3.751783725744067,Break
34.506305165601944,63.98369282732216,7.362597017404148,997.649221127756,33.278289897154814,56.81642161979911,Active
21.319504726046958,94.70910793082857,8.388645585025362,1005.9006230055375,28.78776442827702,31.71438919579319,Break
30.868455419187562,74.66707940261902,3.1219344177514667,1014.4512692584915,30.262054605040987,40.403352444627664,Active
34.55827351746849,62.969986940092696,19.81174269638584,995.8975046917836,175.4177923317564,203.3668041784197,Depression
28.075386649119217,76.88460642954857,20.58149218148439,1007.4390147676957,75.51955504822898,85.7893770218148,Active
36.78988303830971,53.91635275746092,21.270129743416604,1007.4752392672892,6.15561428714421,6.02643973037999,Break
35.80854441918224,76.36275749753386,28.036373504228614,996.9328913803979,13.906542536559725,17.784921762488523,Break
28.19223615858985,77.79560085371602,13.31133593248634,996.1041014121164,128.0345733654635,168.34738690897285,Depression
34.01328584110994,56.55073093252328,18.82680145992992,981.2004265456159,7.268799876013996,11.513742703754524,Break
29.391378064236463,50.67047269360616,2.544495235747305,1014.0536572233215,75.33225851137001,88.07163546516654,Active
30.331553150571352,81.87023061305918,17.587859183479907,1005.8403428667408,88.67163110350063,120.87631052545458,Depression
28.28115410145611,64.8839379281186,2.9225403108748393,1000.654459207429,142.7877723608173,172.0831858634157,Depression
21.54429712819081,54.54677249565206,27.8502649155864,1004.1247762429043,33.88532617766473,48.52933735394723,Active
25.76198253810622,91.9176452024508,20.318439383996484,989.6400466273816,0.27496650551449453,-2.7110424665466315,Break
37.26243516751339,80.67009232610856,9.326798265850181,982.3446883038547,19.92302013443673,20.20349462447472,Break
37.44994644438062,86.19945821178457,7.937255782723284,983.6784142574774,78.69160565560956,114.20514358131715,Depression
36.34550636707738,90.21872070688502,3.843235614168306,1004.2400480027154,186.11947645196383,209.79391895747275,Depression
29.61265003768382,93.97313467559462,13.480666028768804,996.8698221206504,8.344309213467325,6.589375705156798,Break
37.012204077407965,64.13336802705795,14.904324587550256,1003.4956548247497,164.5944794488427,184.7468438381145,Depression
36.51965556743289,59.87244085455659,29.55532874713464,1005.7688881786162,28.373294917390414,24.69903569223524,Break
33.944112869272374,63.24081608891594,28.140608023635043,1005.1985838779318,15.169690722906582,10.941134463767192,Break
25.51152656867746,82.78147060571587,8.699248157040989,989.8184737649391,8.11045771486753,11.33806014519085,Break
29.329830614716823,73.09032407810093,10.804154962719352,1000.3339005321058,2.10304440802326,5.748457823844097,Break
28.99219634076679,71.9254008349485,19.108655523173887,1001.8467225513695,118.73799721475719,146.61047966564362,Depression
24.35176113463427,74.15070564219752,26.831283105130858,993.2421653588926,103.45857489498563,126.48700534406686,Depression
37.31398829706274,82.630100760772,14.770786746552567,993.9220673035863,51.02622872837099,67.16964263730863,Active
34.041512427229364,88.56124076452019,8.386810581266783,1012.2778161354202,76.36757237455727,100.71554818784229,Depression
24.585816553915162,95.7263076901028,5.165483099366284,1006.5098786180664,45.87707193850976,68.06806550307995,Active
29.751685758938276,56.553993085235156,23.452398844317784,1012.6355392432073,22.029299669493227,23.388695436907565,Break
35.749778384947724,54.136915174353575,27.622333334026095,990.2672019334532,52.74892739560477,68.84847529887932,Active
26.896960434064262,89.73314461989446,14.776870975426945,985.9768891001168,75.82020466687698,88.032013428269,Active
31.009802161628254,78.2873653275573,22.011664858703213,1012.8196615382778,132.29514577918752,181.49697452226883,Depression
27.896324652196284,77.03787509436782,29.103154309558754,988.931378007098,107.33924559634283,118.989511413256,Active
37.05370396507628,71.1679013675393,2.260688141345903,995.4837809261868,16.316337634833527,14.70187790920404,Break
28.521828804692877,80.65851803715586,26.326430682898966,1003.1665551765175,195.21683546091748,238.60342152477534,Depression
20.404086471763843,79.99428940263874,21.47149878715228,1008.89104140287,20.05640085341956,23.684108628011817,Break
22.932247780593094,90.62068288119502,25.895080539034367,1012.0019154933269,27.882226982106207,29.166455271282935,Break
27.10901334838632,62.701550889949296,29.499785164212213,1014.4056999326725,70.0031980180012,83.84758364853946,Active
23.427442928448382,83.49767454296091,2.0112432327095164,1008.2061909218899,2.389617828612687,-2.1247549384306965,Break
28.06316654926134,72.2819400411081,27.078036285787377,984.4153583700736,4.423578014247035,-0.27905937280693927,Break
21.29117128066835,82.99349334145195,14.084361215290258,1006.7261073480805,84.54124487424731,103.09593249164487,Active
20.964378072933343,57.02495048977587,19.431383093967185,987.2738344510592,25.698370086747783,29.975115501742977,Break
37.09692569875458,77.74128982516531,11.548564823168949,1013.6652706021799,3.183900579270583,3.11171403792014,Break
22.892840285437742,98.9132731764737,6.4385665527674645,997.061374241239,116.96031531352384,138.98460760325435,Active
31.34751713086438,64.64626017015614,12.459128296800275,1003.448947343383,24.98982415659001,22.965531320998167,Break
34.20723178418788,51.56067801693738,29.072235408215022,998.4308229906426,104.38748188920155,126.37964249301648,Depression
37.8082912527567,51.96459725753462,20.337399448140054,995.4957574697261,52.13997662761156,70.12127898668173,Active
28.682411754489554,85.14332220250506,3.904286494667774,986.7826195508175,19.84773197877796,17.211097881465474,Break
21.7614260488961,78.80796649129832,17.502979339104133,986.5934753267205,127.77394624133606,158.34321276761142,Depression
24.213039950314986,52.48905007615219,9.51800213352987,1002.8982522980862,71.39815272097431,106.67060757796844,Depression
34.93452231950715,67.49016772557897,13.895198928953214,984.4864788604684,118.24261652629995,152.36616643668117,Depression
32.71956539148081,97.0319999593057,11.22099576951012,981.4770164003454,45.159649601872374,66.56661869601338,Active
37.72872395194685,97.28873585042305,7.518969087062262,1010.6377133965266,88.92936422418794,104.78065480589115,Active
23.501863454598404,86.58397993937409,6.316130681417357,1009.9475282450732,78.36164806675232,125.38887997476205,Depression
32.13536507893305,81.66344586687444,4.785894333057868,1001.1460878360407,53.67232521685057,66.12645152950626,Active
26.529808396474564,62.54936031580354,21.136165637509677,1003.9356859407158,5.243601451354739,10.114602310595906,Break
30.10070382383314,84.37184304704337,11.111711859113019,983.315862017277,92.93885530747748,125.65310086268471,Depression
31.69755059064635,51.234864884305566,24.687255654484034,998.7802366510017,35.54471867632223,47.982194908438856,Active
36.11060945936187,84.30121119679455,8.997248205832916,982.296026773076,72.5816882093337,106.6528896093126,Depression
29.079645429141863,79.2538908186608,16.368760457255803,997.3491769580049,60.67703544771294,83.36264135161821,Depression
27.808008939328765,67.78965639104965,16.451774530885938,990.6693359239694,25.918644660285317,23.907276548153995,Break
23.473712142902514,55.80902871270445,19.25511313598275,995.5349596899199,19.59410199875566,16.078933828808506,Break
29.977412705263145,76.35741908126323,22.558378433210333,981.9288373979233,19.97353204406613,17.835775116466074,Break
28.281847278038384,59.67236140059687,7.890418282835402,980.8066480942313,128.06841382090744,173.89273970150956,Depression
20.09798676545043,51.758731576579834,27.531004621828796,1007.1366175460071,42.07821836937153,61.74956926822292,Active
26.11389116866597,85.39739133505945,17.607892850763974,988.960741057153,105.0216698681163,117.94830216847946,Active
36.067003904794646,72.9324949040538,20.9553490647088,997.4034296758225,119.9014229786769,139.01786450982826,Active
27.284705737925062,61.26035501081008,9.19869050306313,996.7809242352419,18.32878498296764,13.730031185577735,Break
36.22604293169083,77.87146396321599,26.317332233677547,1009.205019196701,142.1253275478339,172.14961821934978,Depression
34.72227518298391,51.918193067785054,26.38232082546717,997.9462464927875,20.965010113380984,24.50367004863302,Break
22.522977800889144,77.20915744884009,2.22422793886592,983.3282776698755,21.76434102046461,17.57493665924064,Break
32.89615366805822,62.48123522052917,26.575962899514305,1008.4602495927335,182.5643023187048,230.56418489219521,Depression
35.45736313723954,84.66909503074277,6.767256259512207,989.5097631598933,36.53173182402397,59.286497446387955,Active
23.831301548690433,83.43766272249069,17.200587706102546,1009.151275821053,54.861504746082915,76.74736637646512,Active
24.054318242034434,84.0730057712636,9.101237573879796,1010.9306686090986,113.7403740490528,136.29429154172215,Active
37.91870499319796,51.128429160118856,5.160028051957342,1001.3313717178318,10.131574336866512,10.624259270350938,Break
33.47049500171515,89.19642942264,11.08904634671445,1005.2405743874857,16.810460230509705,19.096611798437472,Break
26.387223021751847,80.63421723373037,18.39051183814678,999.1665635228811,68.47551333420296,82.55912147179363,Active
26.914893643162323,91.79677450082539,6.16173003618078,995.9655559391938,101.01365437818424,116.27828873707561,Active
27.2837673496739,69.68409429953064,7.372449163326042,982.142583035025,12.537224513862283,15.021287957912662,Break
37.30402336150651,72.94848590326744,8.675961010697542,1012.9635775017555,65.78977437206379,102.97025884776447,Depression
29.010456010069376,92.77944470377817,16.8594653133786,988.9331352020499,46.97690217816674,64.59536341821746,Active
29.514515625873962,90.53019241300805,22.594579762220274,1003.2327068379506,158.09244359955727,193.10159829019273,Depression
36.09379164991087,95.99354670652714,3.544384536849993,1008.7224546124068,2.8217946068576616,7.3357583317018165,Break
31.201699470473933,85.33592885222801,10.345101298644629,994.423379904784,189.8804128703336,224.5235462833749,Depression
31.348066081843818,86.71360152653577,12.390970550787092,1005.2035579088699,40.81433328620598,58.83265145754657,Active
32.152337945199555,70.87241419482312,22.459012322794926,998.2651803366263,69.99169764877455,94.15163624943372,Active
20.861098625126697,92.50859726025237,29.932312602487226,1011.0429738809004,6.282201418498008,1.4000001813644287,Break
37.953612902963975,64.05369427225565,20.704544670351677,986.1838809961707,58.128928701305,81.84555464361507,Active
35.131387606744255,92.38201647546276,23.603952329563132,1010.8308498321157,49.00874327291565,63.70647403347018,Active
23.21913923314039,95.09580539189415,13.121232816879608,988.5847756741028,58.8482550125846,80.01454381978449,Active
37.4819584139389,71.90168283488234,26.10893519922273,999.8052075745867,95.65652357158099,110.86583856387111,Active
32.25890201114802,68.6438254601089,6.0758902753306,994.2138493175895,97.56021128534894,114.88928517351872,Active
30.857998441843346,66.27905662595057,29.54072439268568,1003.3572907067638,188.3073203190661,211.44315695533692,Depression
22.317449651762836,77.85034031565644,27.03123471588402,1014.102230978341,69.44687472298493,83.38727437118501,Active
22.964919444973656,84.45716784901688,16.407991255498416,987.0053973937279,91.68964701341622,113.37472792227678,Active
20.360948776112153,94.5234786991945,17.939878722614687,1008.4168190235966,97.79816386913313,118.54304402127356,Active
32.04893762605764,73.84959576890876,19.98378857819922,981.3426544175791,166.68165583053158,201.6924066420633,Depression
26.435239911690264,63.87133674004896,19.99845740453831,1004.2480419520468,60.810067421489165,82.35665203227295,Active
30.104404835408083,94.14182453390396,16.77873903227738,998.1170439939289,28.02809374391631,28.255400524484855,Break
25.248586306900833,63.344964404938594,28.026159750308167,986.0356236140851,133.32876020940796,175.5174107489978,Depression
28.986372335445946,63.614283035406714,6.743101989684199,1001.7286581227062,81.25691508138294,102.33218423820087,Active
22.547381644099282,94.12350974715677,18.307074235438087,984.4395374412409,112.16447187005548,152.85049813721793,Depression
26.191633453694664,63.862920817459305,29.90713178217103,1006.2776580912926,134.0598430729914,174.9046704528352,Depression
34.32416116117704,67.01081192276673,2.1827114920088357,996.7831732988974,176.11776079086718,197.12055678366383,Depression
26.601537375666922,61.8535195587089,14.523643108399417,982.5331737617943,43.01217392156262,63.441049932894124,Active
22.55853536476252,81.98876007852112,3.5311693810942355,994.2583797691699,30.481408982480055,51.704991075193554,Active
36.25491175584528,56.986028348947706,4.691523848500242,994.8600412515084,119.40317475317406,163.59805313633143,Depression
23.23361568555437,97.97971025138702,12.784553577631135,991.9549371530496,145.07747281029862,192.51596644575437,Depression
23.755734436851757,83.26364181184553,4.203560147810265,1001.1314300343165,42.01219913539156,64.10006471540248,Active
37.815258758820875,68.86938124873882,14.453165149656352,981.6251779418984,57.23763065731331,77.17320855600461,Active
22.849094912588725,84.40588296031751,5.589266038692928,994.8874773694495,80.85292724783548,100.89818683478457,Active
37.30488446258687,80.13349804722526,17.665307264777695,980.5086947343096,65.23833896414664,85.93816490666572,Active
31.869618443298492,81.2350334703304,9.91114418254842,993.2308732302041,88.32284915977756,103.40409772299517,Active
28.459611823840298,92.89585361217839,10.35934192750059,1012.3310095943327,53.86136146208243,84.09279764700113,Depression
34.45948232332461,94.86492478748693,16.51011283780597,995.9425593326727,87.46095635869293,101.7631925667984,Active
25.285383051677734,69.9799255810434,25.86805169193533,997.5104256037897,82.32824053821784,100.56222840570791,Active
23.947767221804877,71.44437156751053,20.263392166425565,1005.4495918908675,72.03412458693991,117.70881180065702,Depression
32.25650982711053,59.328924962682066,9.542071618579058,1008.0232379533859,118.77149306497458,133.49974412563387,Active
22.07541962610289,55.349563058731164,22.14487909475921,1009.9099032411424,53.13642685028525,79.82912740364591,Depression
21.01728243434163,55.169746831502074,14.082227355733986,988.0471429801571,82.79816949974327,102.16375996859742,Active
31.75921173622453,53.518405395301464,19.66895691993737,1013.3633012573431,12.355568494334909,14.63136171568435,Break
28.129501919339084,92.83649732529487,28.43465400605021,991.7581153682627,65.31438908394492,81.3926159334341,Active
22.259435262101768,90.68078629903596,3.001454804418187,998.4879312704505,118.34912323296379,156.52010044676007,Depression
32.4535503468952,69.15346848632534,26.3347739242924,999.8911702877274,21.899796739348908,18.217234735668548,Break
32.244279569188095,92.12284930592068,8.397204125676664,1010.3249591014564,3.553851152834455,-1.3097503888067346,Break
25.45795184093464,84.89952357488963,24.127277310367425,990.3513492117115,70.2861786869752,107.41592582675456,Depression
27.341886983545695,83.07239083065505,26.693291973376866,994.3286195914196,79.71961127353656,99.99563820229794,Depression
31.29065121144761,65.81877036938414,29.24805191995344,986.7800967771705,29.533258607501047,27.51080014422349,Break
30.794679441345803,88.82434406578334,22.976419048942887,991.5071000622406,78.19697244773673,96.35090607140611,Active
31.768002613210815,69.35250059674435,20.122223935139953,981.566893604097,22.40012894359911,18.338347667553542,Break
29.22651025638519,78.20973958993727,15.836412899450522,1005.6155638571952,109.11254727650478,138.61062032132716,Depression
27.202794911577183,57.52477490362928,16.099962083299538,1008.0574906440978,74.15522183083792,96.88673561005763,Active
32.70904606348456,74.52272042598923,9.21547814929703,1010.9724361395738,9.736623291927785,12.55349426959176,Break
33.6619237248331,73.93224352752624,3.250514058609165,990.8345755529575,102.99785215802325,114.31148575926588,Active
34.502156822768676,83.45918260995715,22.50836085565258,995.1274615654759,50.352121080117975,77.69611727016975,Depression
32.25049567253781,56.06324466795684,5.185334846527384,994.3836212812566,69.26200035278856,93.84126303168564,Active
20.67594176108082,65.8002361433197,10.79507493450238,1002.171244173252,25.904743513884547,28.62996943150999,Break
23.03900491974626,91.09007296271002,23.539015658764427,1000.8853046537176,89.37629063998162,113.03296700239238,Depression
29.175627204215687,79.26304377549232,12.061491734442042,996.6375673688304,134.48837657385252,173.9230457185856,Depression
23.77162323110226,57.255278669822516,27.322671770634656,1013.9085754519182,23.692853212039036,25.327873906091607,Break
26.223144539473964,58.56991561623762,4.211456782254487,1004.2654113993023,26.813225632858344,27.111316203558886,Break
32.04827031373033,91.57869629552263,6.208697429551125,981.3507046678346,137.96892685621964,165.8062808298271,Depression
37.67429580116497,94.89490523871261,5.59843871643526,980.9155419813197,0.9839962283068804,0.18735012026187015,Break
36.1118005231924,99.13262057467847,19.83733149810157,985.6573192824607,55.38391267833986,102.82964685596265,Depression
26.336298485033808,70.54045005048403,2.5144063270669235,989.4682623060146,6.01019463289327,3.1202615499685304,Break
32.38927397169059,60.98613750551984,14.282807510485368,1007.3700638957879,175.8456645011102,204.77587596889558,Depression
31.87574552815551,56.84911111547639,21.232261824577478,1011.9654899060012,97.2261733113103,120.73029654332886,Depression
24.916873166659013,60.475961215626604,14.749204994640861,1011.7953141755293,94.82411315526561,115.13335822146252,Active
21.723575575940437,96.12862024529,17.91722166039095,992.730393239749,38.3111255050889,58.42123585202957,Active
21.016701632062677,83.64275189048456,25.605034513975692,993.958753442342,12.046252140158474,10.051139726484863,Break
34.458741211288306,63.60012868654948,22.242415882904517,987.216897773932,176.27130635432283,220.31186810243028,Depression
27.389086784270418,61.504224592873754,13.370299711673589,1008.9176081521327,99.8901724606698,122.21491246887089,Active
21.07064293595101,80.54537610791982,12.589789948446182,1007.7863479318081,101.49458025835708,112.97910960948768,Active
24.88486511143252,92.75547109987201,11.70114003820268,1014.0565872329956,71.1244964908424,95.2568652462923,Active
35.98146829523995,55.1132140498558,22.835547200002367,1008.2027503085383,54.67623636678818,100.78213708155545,Depression
22.495745524039467,56.36559393733625,6.918824343120367,1013.6093225472223,170.20573031954552,202.13477989152813,Depression
26.0536290950892,61.7242003391585,15.45814479274745,999.3140056736959,68.39420749670099,101.3981184886947,Depression
27.141096808430945,96.90269267769648,6.287774416923309,980.3446388754204,100.00517571748442,133.47887813539194,Depression
30.2719624216542,71.77945790063545,13.615711808444658,1005.6453195394657,59.808747209566945,74.04622810888141,Active
29.992875136222786,86.52081325098678,16.920540171508925,1012.5859097541273,58.24039289751559,70.36805886177036,Active
23.84842179192919,55.275682320060056,21.125948105323474,1003.1254587588203,67.41968822234166,90.17534201183724,Active
24.13464167651842,61.98545391212224,12.432942900158233,988.0619991235823,117.8470499225267,135.8316153802492,Active
36.29579291076962,54.15193789050932,7.34945232384312,995.4264230204461,52.28080573276062,74.39099005076615,Active
33.73387285321449,69.30779592969105,28.72311325693728,1011.872505554209,5.95628576604605,5.904570332260252,Break
33.36158441960704,88.52058935343219,15.989315535965336,990.68250855451,52.709032963994076,87.19088458829758,Depression
25.958292670908108,87.0151529949542,10.757300367810846,1008.9382489473362,15.895016668862109,13.794890595303528,Break
31.32029260862507,55.89693374371167,20.338350927885003,989.9153784799196,3.8080817302252914,8.144235508576232,Break
35.61238350407644,61.68045160181184,23.794413327273755,1001.3000057610891,72.776736644093,94.63578111563933,Active
22.40377561109992,65.52885077753936,19.240329496464838,1004.1832978193785,93.1819255002267,116.7900543940849,Depression
32.66351012326755,82.24280217148635,12.47028398090569,1013.2829473153042,3.433144905505443,1.4874725663841515,Break
34.062625168091344,68.29597177067878,8.764868937121117,1003.5270232247789,191.45310644686043,235.30529288229536,Depression
23.262504599927937,85.60039805990813,12.7788442338516,994.0803137326711,194.4177211971098,218.21739738252563,Depression
27.571344263818748,74.04708040421518,12.536730874739932,992.7116193300678,170.85571887218055,194.10080049870334,Depression
37.76054232944763,80.96741244794185,20.224259067115938,986.9612096028306,94.76759917216408,133.91038094605767,Depression
25.186738443993256,61.8003965161856,22.454410312737146,981.4113833902333,108.14673163451951,122.56745433736654,Active
20.03261660964653,61.190904302821444,11.532350242783716,1014.684515932384,80.7070921392652,110.75164248066874,Depression
25.945538376023812,50.98628732315878,5.785125516800042,1004.3318760896124,6.218475676492067,4.996443915586181,Break
25.700318408304668,83.86519796490705,10.108315730780358,1000.2019911247896,152.53886378328036,172.62412839319953,Depression
36.75616659868573,55.54601154374033,13.374974687353335,1006.9863429585699,41.43302183759086,52.31107083879161,Active
25.497442973769523,57.883051339845395,6.8722925444514775,1006.6265757935432,110.83114512415908,131.8052102319511,Active
26.605966650827973,55.30627092824512,21.28206146340292,1014.2528928468288,96.00616644014151,119.07532126195886,Active
23.4664693842535,54.88093802675745,27.138282578976728,992.246341227659,137.247699900951,186.51121562499955,Depression
33.70625900185085,71.16933745337309,2.1261254674480825,990.9646603898362,169.54212560234686,207.2549086955836,Depression
21.744511887205906,77.40107486145675,21.676672380108432,1007.7446192023262,4.579744936223512,6.681477602125119,Break
32.192153229467294,51.22134414703166,13.528934692526809,991.6532586436831,62.39226325938271,82.40935655918196,Active
20.73072773544272,69.5376492283502,24.143790973729015,1008.1052110660651,0.320103810184883,1.547516573959659,Break
27.431109159660316,92.99272451675608,9.050811656255688,1014.3360321190277,59.4889467315254,72.64158426003425,Active
28.958383271859898,73.801035344006,27.24215734463649,981.2158981605673,52.09235280378672,91.80591797562491,Depression
26.571690564172506,80.57474263595995,21.488879395695182,991.9866326715206,14.842627213071108,11.18023416384113,Break
35.9426344437286,82.46143897704818,6.579279231075899,981.1777403189659,65.82784604126078,76.2245495802258,Active
26.040029630539827,98.8010078762247,26.459556134358486,991.5282323461976,23.905445303163695,20.18112681680654,Break
36.25942029299767,83.613941473704,27.130801426552207,995.6506176585732,23.53609556054686,19.469074115314292,Break
29.375732659427943,91.81921178156128,25.245391765947996,1013.4646499719829,0.8501235115015393,4.135426107316626,Break
34.18895374707493,62.951757205167354,21.842948159034194,987.5199112248749,48.102288833133954,60.781721984448446,Active
26.07946394122725,70.9224748587729,16.23908896193582,996.6863856427915,19.19869155343711,22.801224417434156,Break
37.02412363233721,96.49292502502806,12.679629625933982,982.7531720409991,25.73296645117327,25.68279439829788,Break
22.356762538281995,84.81107180606362,7.770065838240907,995.4430384182101,6.327820083195358,8.05304412557675,Break
32.67666334104355,77.93111684330947,27.301300354363896,983.8848184872634,18.583352214544597,21.614108637922044,Break
27.772491814146417,89.2904242122175,14.948790877824143,1012.9338025744978,100.30073575223155,138.5395162772018,Depression
30.36413379600941,58.18120001051169,5.497754700737735,980.9336866913105,29.042175087290353,31.572037017682206,Break
34.60092686982438,51.641274940962006,15.100064953756476,1002.6317396780145,28.869089495228298,32.21047610046415,Break
28.814672573441392,88.12855563957764,25.334573484086587,992.1809437116052,77.77731308596282,88.5525982846298,Active
22.853650852998623,90.63465216878912,5.71291174091071,988.1688694310344,18.78522221381684,20.824356475097918,Break
31.714448422580833,98.39311755816065,26.16318876530004,995.7091092613227,73.44971575892579,106.56072752241892,Depression
27.14400907560271,87.17721348186473,18.260639914325854,993.5846578350787,8.320402851738876,8.322717640996895,Break
22.890856635733684,67.03427117874008,11.071419691882788,1000.549648055447,177.88081112839507,205.6189963320021,Depression
28.84725606497288,98.77636645104509,11.330768735420374,1000.8266220723316,193.43689338045007,236.43805052035452,Depression
37.45202375401733,87.31271725731442,6.916803911838487,982.2587559345636,10.734398391078287,8.48897749245999,Break
34.52979793565751,68.34966335409737,10.87602715256051,1009.7495657609154,78.454576820679,95.27181781500934,Active
23.76717970754216,50.18598304090296,8.762174351969716,997.8403110061248,15.69877388666985,14.139528820373407,Break
37.94837409485059,88.6205499813642,23.315712777811548,1013.4334968900571,166.31142718887418,203.43192244103352,Depression
33.69268650879011,57.49313994432758,18.011205593115346,988.8774866019481,0.3457804215895577,-3.350812342719723,Break
25.566826006994518,55.843938029546955,29.60403633150625,990.8021426983382,32.734162195901625,53.42546851734039,Active
20.83264740670311,63.31228496970017,15.921667299583486,994.6978539871883,70.50857417317735,80.84059093861981,Active
31.532784045089986,70.69630290262944,9.56163705084356,987.2392988715812,78.8633750189806,92.76431623961346,Active
30.578422296076738,63.06641979704509,29.57882314952327,990.8404864304637,100.70999417500106,120.81274597725994,Active
22.07019686290576,84.74103649358604,14.363324088635252,1013.0744674944546,146.42500862236068,177.88440998624907,Depression
37.2226640706358,66.49874476451382,28.941205465770405,1011.5520047885262,77.94171126424342,97.52260399798172,Active
37.15976144781659,55.05442970871074,10.64772369388536,1001.3974954584434,52.28972594690446,78.89360327283026,Depression
25.074863918151653,72.17998506590936,6.790869395575252,1010.5639024842085,90.93957295766504,108.77816526159218,Active
34.075147105498736,57.78239963807954,12.974353314076247,997.1501487767521,67.75623384037652,82.50376052931583,Active
20.640478624282327,56.83677013646176,23.39303104868921,980.6313268326626,5.436541308408518,8.539574299641844,Break
22.430686460249852,73.43258184981926,28.280190708408924,986.504121944787,29.828639572831772,30.3848111196558,Break
23.062569323188843,65.80524439704479,13.885799314942984,990.8263478525378,27.80965424453386,29.46085602567002,Break
32.43536307811664,89.34843242183712,5.257756596007306,992.6056753624827,113.0637070290546,136.32483647370736,Active
28.137593186101505,92.85964767934028,3.355084694481437,985.1981098489991,116.03269199658398,139.88218462063293,Active
28.231698978070767,92.30969330771867,14.66505737376029,994.8536156325379,89.52243542951751,101.13931914000064,Active
28.77646886114089,84.88231913898625,16.837068303510353,993.7086458787442,87.16412899775415,110.80746042431218,Active
20.32457617685414,77.8523793096117,24.0457677554718,998.9467383945444,76.49645448057043,105.05729606050608,Depression
37.20566077883335,86.70542906154513,20.52741244736209,1008.5935190587992,24.1278346313535,25.719390077354845,Break
27.16498713222088,75.68166919643255,24.485274690924637,993.0777603730545,38.612110445220104,62.33087697354632,Active
21.638653669017952,82.4104588724278,13.569445406478335,994.1966786589405,103.49326982390781,132.13935063940897,Depression
24.625851235597054,83.20763825272411,13.742859282551207,1013.7893744779014,109.36693207386145,126.64614283051442,Active
29.756600211749635,95.95191385143356,27.19746721393081,995.685630567915,115.73779177207753,132.397614987208,Active
23.144754656878142,59.932532634056955,9.859872789008632,1014.9760693866399,20.328335462987823,17.056535977552347,Break
26.201106081093137,53.077151706741844,9.559261831952938,1006.8947374891035,39.532412066589615,49.81211086281136,Active
34.48355055202419,56.89474712072883,23.727351794826784,1007.9139867645331,150.612080070766,196.03273168804702,Depression
20.17170117245981,70.14450155250243,27.402808683758202,1005.9109560795383,189.12755235617368,211.11625797957018,Depression
26.602505932520103,70.13558248258501,2.0379546859425677,997.3981258272779,25.836966817811575,22.383815299660185,Break
28.127846410713637,70.40100456425405,21.249014513392385,988.7453612840276,43.933417938456174,59.47806470279399,Active
25.92749563156279,71.17702886207542,18.005825303275714,1011.6006826472048,28.511392544462797,33.09466940927666,Break
21.758730956961653,50.749925018856835,6.510800651179823,1014.8604474183787,137.3536182595949,186.93564266588294,Depression
31.45571738755128,91.70557916331626,24.393356798266712,992.0911403013894,8.503834477922375,10.371391680741464,Break
32.135953384053145,61.074677442982,2.9743775963138033,994.323735082489,24.300533341387897,24.85758194530736,Break
37.046725006598464,75.24374075476535,26.838982350522773,992.5350673418532,67.6317614673838,85.8311461565325,Active
29.96282486357883,74.8199460838542,10.568027260328689,1012.4522262676791,94.67433666211761,107.88038698184627,Active
23.545165343756985,70.63791601386967,8.37779356529844,1000.4350393557805,13.22297404309624,13.012679657630954,Break
36.14589340734213,69.74003842314765,28.693079416839876,996.9796167700017,111.81404144488087,132.88240595306613,Depression
28.96357344657308,77.70848608055,17.64754438673066,1004.7460909263009,148.06467546398542,168.82885621603864,Depression
21.144961931177015,61.05394368467209,16.348313524828757,999.1065895743383,59.010975253247366,88.77607539703143,Depression
22.58637725331583,85.49665367171232,16.944311582800445,985.0342064846609,102.73413441217915,115.37705050464285,Active
30.91189955997379,66.84609565383728,18.393606272820996,991.0478769443813,9.282974129084497,10.344996665187818,Break
29.427652937951297,51.22401329066,24.139681304891184,980.4164241285805,0.1777219636200711,-1.0602639034279473,Break
21.136889506954507,95.67554834156206,13.63902026456032,996.0823521202543,104.55403310414816,119.39871410460528,Active
24.27057854582847,63.13168061830368,16.123789112025964,1006.0417307930002,151.10876791305435,177.5479068001872,Depression
31.478651318754718,75.30415478702554,22.082138468291763,1009.152607693752,183.3679033591164,228.7246701039386,Depression
29.45777596957356,84.57527729067972,26.73379162861891,997.3500953527397,91.44545680157805,111.9568368131738,Active
33.08006844664783,97.13013502423735,25.301352264611612,1001.8186635459467,49.32700521675217,64.66653107923571,Active
25.113874686093794,58.804464397192696,22.813321579838387,988.822446039756,118.38696407720677,134.25334773943007,Active
21.439684690341586,54.4912876286042,18.541104197885815,1000.9777243108393,92.32333760542089,119.32088834341265,Depression
33.213323558105806,51.538758912958,19.2889569415702,1006.6231469708263,41.12152415395414,52.636947851323015,Active
30.974747519661676,59.82413262014593,9.040044261248976,986.0750250453004,104.18995826089844,130.59085030188757,Depression
26.9309122256651,86.98039845000686,13.693892164323676,1005.7828156328676,20.14104026690387,20.37262176508029,Break
36.17550070941986,58.21963421642071,24.515058889711685,1007.7186355063351,53.49257987641043,71.56359313743278,Active
36.33709495205409,92.32175881536534,15.732500877787313,981.2968197792723,155.71933998879433,185.89427596454533,Depression
21.999139459069784,63.92839766028297,23.60448820509879,992.2935341299165,25.736675557387198,23.825284549751828,Break
31.859397276083158,78.32218425433133,15.209176662944481,997.3536815426988,77.73890281592261,101.14652233728286,Depression
26.147469357584548,98.2311427808509,16.258231073158186,1001.9644608354727,15.010009670280672,14.846099737797335,Break
22.840953071260216,88.21620001033519,15.794881248708082,991.8647889556551,198.80239540952536,239.40190811014648,Depression
35.14442188349358,70.74238032802728,23.500105847523947,981.4178210529462,84.48092651498075,95.78715725885218,Active
20.65736682886473,81.01443262942925,10.240225671684742,983.025601361069,103.58629522552043,140.89789547692675,Depression
26.16078067021543,54.1936869276006,29.798511389208404,984.4513858771379,181.77961238107338,210.83465220786024,Depression
31.705345533323136,66.45028648311164,12.960719582245192,989.1739540205879,111.60506008798146,153.21754216075175,Depression
29.20765149622625,97.17826085784884,3.1726510274857143,997.607391292121,101.8445696891675,123.5946200680368,Active
26.34144237878168,64.94738640398901,17.67509408871812,980.292798099445,0.5713022782287547,2.895848569566052,Break
36.79603798103575,82.85988308200311,14.292818831452543,981.5708355765452,77.30214366560176,94.75182185144433,Active
22.59502068472489,96.01361844012038,14.34142693491033,1014.8095699213409,35.804161241026165,54.41856433665477,Active
31.196530626536166,75.28711491777221,24.878859724073216,1010.1353087457804,24.725399988760756,26.96149436634027,Break
34.98829802516092,60.04143750874604,14.657225744234447,1004.2146407981089,27.51295515515383,23.85270382265164,Break
32.087212531058675,50.21797899782902,27.890230951345064,983.9376446633332,169.01548728310422,216.4633853819827,Depression
23.052143334279965,90.87062276345553,28.13030171693559,1012.8426560103607,58.76868560297706,80.92517930657462,Active
32.41462762751364,86.24354267899403,21.54727387433866,990.8840557484061,24.95355900555478,29.75826698338549,Break
28.889246265348106,50.48501774615211,5.921254739758413,991.2728201360693,28.267011584734984,28.539271367239817,Break
25.851037581052676,57.90632848165341,11.4787457723514,980.7179061058187,18.20158739346696,19.469425563985403,Break
31.484058233892465,81.4360693512791,17.504390479154115,1014.5244906469011,5.8712325491636355,1.149730324991193,Break
34.49026784212526,50.97612853489971,25.259308945544394,985.0436387061538,104.6263601954926,121.28311388472763,Active
30.27535445979763,76.35354692567292,3.0696779452069496,1001.532521380892,44.17504932682235,63.09002533572128,Active
30.68498980003546,58.20924820281794,5.456980064460609,1014.301818004177,50.467955585117636,63.03782375193326,Active
32.01683084449823,80.47226486636394,20.01945944364769,983.0802109629009,91.79278519029896,107.28963900159683,Active
33.60424237193544,98.21917093920189,5.207268388421504,991.0034764373611,95.51798246744093,141.43605669123957,Depression
34.06741633159521,96.54038361723809,8.881008741204859,1000.1935702542343,24.722834714531228,19.77607662024187,Break
30.16674493195513,66.9601715635959,11.035143798178966,1002.5717213352721,49.282989090886595,64.39623432327195,Active
34.129201075157134,59.601682618074804,19.873569016270512,1002.909816692826,80.11309288266662,100.03595774485925,Active
30.65445927954326,86.81399493917107,17.99750679668616,982.3362589197765,91.05773265423412,110.17336933171302,Active
27.091600920510384,63.26565534979207,6.710463609703126,1004.2845885195293,20.621173972734198,19.346448500762147,Break
24.72334080627341,87.98606643404626,23.662127061549356,995.9465730888394,51.708450213282916,92.60366571758959,Depression
26.76875223996482,97.13048550793278,24.90357359016175,1000.5693064335959,87.80876858781699,108.00593196183694,Active
30.057129983441705,81.24711375536975,4.704483109846903,1013.3117930649814,117.99415315429499,129.6130214787699,Active
36.774994513778694,95.67890057013474,16.710093490945944,1005.371859514263,106.69329730200106,125.08108550169878,Active
29.578389312482344,70.1154766895733,6.524742766824593,984.1423935464305,55.79945231583207,71.303819793087,Active
21.510163291320367,52.613818613610285,9.096799630844455,982.5986400765692,142.52253265633627,180.4816480212321,Depression
25.26572771266826,84.19466773888385,24.254337134981743,983.9500357730294,127.64584035341518,159.10458092477324,Depression
30.157419164056943,55.726643416317415,29.91573407875143,994.8944557193851,8.445288623171265,5.887625626812051,Break
30.086335532359314,51.08694190318537,16.575975240376856,993.7120109704201,25.383575566653352,27.74075543443445,Break
23.81090201231538,57.26430048728933,10.856185764317484,1014.1624705111167,12.51159611108762,14.149580031514304,Break
28.816905089841004,75.87162799064815,14.105967780109411,1014.7094811356496,9.23172568093113,5.347664928597801,Break
35.11576503269485,99.85851257128623,10.193049033110075,992.5224724044618,21.333885540092695,19.290268857889057,Break
30.458836843110472,97.2114789682128,24.7307669944818,1005.9641449805031,173.70218588419047,201.9857448574942,Depression
36.74659984222753,68.23199955068915,26.014491117183184,989.318172308123,68.05815681531783,85.81541224957599,Active
26.659979947279595,87.03899335803362,23.95724101849823,1006.7149816571106,190.01615107562876,231.1808375329878,Depression
33.425556290576,89.73402877554037,22.9368159259731,995.4390657434417,42.440887810680344,58.426494591404904,Active
37.63845979008285,61.29407064667879,19.140442450410415,995.1540567443897,3.0622477429829376,4.0763549630190505,Break
35.72879278092056,55.99123793546336,14.630500049071284,1011.8807616682255,127.95018446988949,171.09732764975442,Depression
29.408487932801666,57.90461686414244,5.492611170207015,986.5928881223474,27.91587803022056,30.912662166756576,Break
27.790428102073715,74.65383548937871,9.437064814659616,1004.6523534765246,85.83570435013648,107.09035306373045,Depression
31.230000976933468,78.12560595676584,13.259672340808539,1002.5362879620624,179.32294374396827,225.99685981511402,Depression
28.421285299256773,82.87221635887323,27.061868242213997,993.7532767746974,94.72602216467817,113.50091316876549,Active
32.40670943838719,96.95546103663445,8.99996458626729,998.7292177685691,151.8870501986412,179.4554189859463,Depression
30.56116749301553,89.79565712100782,15.302211441406827,1007.7654326844557,142.60313764821007,174.75046207630538,Depression
23.570705717258623,98.08202461576519,16.321091121193287,1005.6872129600695,112.98055576734069,148.22546948108592,Depression
21.13348535720661,91.70676192051921,23.96615686429408,986.4873891502648,4.043573547523143,4.004328332528454,Break
23.04387020757173,56.30678931478826,28.114080085552697,1001.1732504601697,51.60626877964608,69.96014531549918,Active
21.948079641779874,96.66551901741693,11.33834590256027,987.6639544487031,173.06919352374726,218.68764741418357,Depression
23.099496813663578,63.54816039356098,9.997544791140157,989.4818228136405,32.726390383166304,54.28602828838773,Active
31.192842162627485,80.06798036391771,17.289398092717448,1000.6609610313774,30.519359516367118,46.95920100193005,Active
27.34192868330646,55.69726347222718,20.9319700808408,1004.5734015932821,29.753366350040793,27.02222549807024,Break
25.594941818494902,99.21203584008245,25.289227942462915,996.4429727237487,190.07881936786092,234.37247522850407,Depression
35.06994457325658,54.66436923609842,22.685784809720737,1013.5970841374732,125.83787467765964,158.2339760955654,Depression
35.78316557387164,56.30277156803517,26.505874524544716,997.9273855883599,36.84762540889565,54.36442092127588,Active
32.36514394493789,89.59532692111185,18.324522128435817,1011.812121044251,101.65673535904833,111.71325077730633,Active
31.364793855117725,79.82580003493155,10.908261202516481,995.799805126174,25.396629673962085,21.671626940681943,Break
21.674546745336123,79.46336693783336,16.899303228845916,989.3232174500508,13.54223011300707,13.556704311423797,Break
29.37491714973335,72.41834677157883,9.170475934675865,984.2119154085068,68.38747347607745,116.22549951318808,Depression
28.17373868079566,86.72435201612018,12.28086680407618,980.6608307501682,100.79649071717948,124.59089841791877,Depression
27.460657626578477,50.74044305663126,25.54925951035169,997.972428646965,51.32822865500862,68.04785653708652,Active
23.399648890679877,63.429958075054294,16.96279579858737,1009.1413154563435,87.28036158906393,116.40501922362787,Depression
33.87466138995778,66.36105915807269,8.781484976367981,985.9170212196797,53.631513429236136,67.45356241971157,Active
33.90066496375756,71.73286590255421,11.26225985386921,986.2531981868686,34.02762905336144,48.474239925052395,Active
25.042414137956836,57.30084527960541,10.096991107980408,990.8417859950016,98.25677767197342,111.63036723025076,Active
21.378993756700037,90.5258243293186,29.342055262088348,1002.56353001253,32.13447242752115,43.33130928203116,Active
27.523451784557487,97.14563556958782,22.202329835615863,983.0844299325195,25.227715313203802,26.664507672775446,Break
30.967466941217133,73.36786441658059,19.541597919181207,1007.8325805285634,79.39575800341265,97.47065358356133,Active
30.171328246641895,97.43524591195904,27.26287744669448,1010.6500962795628,16.234846773019754,12.119715730009894,Break
20.474905124099692,89.5598581042349,9.242196140460415,991.9229277050555,46.15502344449156,67.63909571835845,Active
28.883554944187175,94.03342312750742,13.122779681071385,989.4045257513994,61.48755248002306,82.11241321619262,Active
26.62124926057042,77.76316613039701,4.79809255752347,1008.175619263212,115.27804656601006,130.61573523468462,Active
24.497771782978596,80.81086981470696,15.968438992308668,1014.6214951202675,77.35027753673293,125.61930567376913,Depression
33.59122767436925,60.40122813666244,11.455901692278285,1008.3385990330826,106.56679768016667,153.75854215103146,Depression
29.542080170635675,56.888146469925985,12.333572461570512,1005.2734106193758,83.12080776657228,103.54991976073853,Active
26.18936435976643,84.69403443541611,26.757805851220922,996.5240860481634,58.74458057935355,108.69721759706678,Depression
33.54324416695041,93.19516581470566,20.2335359386697,1009.9699794816366,102.16067533389733,148.4533036420321,Depression
23.62979380280406,53.91210492900114,24.06733031846613,1009.2420154475153,25.630379483481462,27.49805743945316,Break
29.36148829789851,91.51250963906925,13.738978980931043,986.7897884678189,170.40187440588784,214.67285539110782,Depression
24.415484907063462,80.76141014001018,14.409042104050467,1002.1443614491229,1.5019358127988303,5.238274039145832,Break
21.35998088772985,62.33442148719986,21.468930589482767,994.3306778169558,1.701598606552136,-3.003637872203387,Break
23.208712066797922,99.32238630133682,22.022138286577718,1001.5124391669076,181.4897178252528,228.86426945216385,Depression
24.787533163774018,73.10702366349503,17.37603242676063,1013.2189359910886,94.77251143147538,106.18611668863409,Active
31.407817876372924,64.31830339435793,23.398838194154727,998.8865547710643,53.3854544860164,93.99327698924547,Depression
25.292060994709157,77.99465507679747,10.425734048631725,985.8497010204258,2.8802083951845816,0.851170586915392,Break
20.976881337008724,79.83152661785707,4.432161423613119,1004.5599771923133,35.33780053209871,49.91768901759771,Active
36.13828744944699,82.06966243616583,23.563676174009743,984.9543238316987,15.523830281528735,19.767373743466738,Break
29.883498006237012,79.14992398591579,13.246287521402648,1013.2177861113986,119.8738351142889,139.22825260720865,Active
30.056725902729738,52.975622128198715,9.653208546644938,1012.3631940902059,155.17116970753654,183.89045878673247,Depression
25.35486805986803,64.81740384402903,22.315910931678548,988.0439114627387,4.460176910885463,4.023256027467196,Break
26.94462539166721,85.71077184286568,3.946245600560415,1014.0258318309242,34.011303664136776,58.569903653547186,Active
32.889134961552045,66.15970326621681,10.923523203991126,995.698989227896,4.391191997669033,1.2804901353185558,Break
35.46982249100392,62.812746194453624,12.64545994330497,1010.4945147832541,119.11582142676464,130.25359478599995,Active
31.912232848661375,72.41140072630445,14.504853230986365,996.017596561174,115.91738868058215,139.80421692300067,Active
36.366770782196134,75.60849779669437,12.083979195890265,996.2762363655736,5.06104928411237,3.2190057291948815,Break
30.689727818021506,82.27557427393496,13.097972815089296,982.724370358868,3.178677340321431,-0.6989119397626826,Break
25.24201973440897,80.70918619922696,24.52096913072083,1011.4737607443548,62.352371594642825,82.43340809966773,Depression
27.78682386722469,75.16319504504072,19.854593292160537,990.3622344249405,102.27169636934829,127.64708660810797,Depression
31.64726299265973,73.213618466217,15.868894114149446,994.9692125811712,119.70872046210071,158.1770790197715,Depression
21.71083625591034,97.52672372640833,29.45160208651859,999.0909843387373,13.91027417319534,9.795497325342623,Break
30.961983998934713,64.4105984224053,6.488653106435928,999.0585952516578,42.773988968345876,57.34483105914055,Active
34.80532043597027,60.93701615520465,8.803116836727977,1002.4808134526857,15.883072216238295,14.837962978073996,Break
25.802092245456986,80.51969333220268,28.295043552686735,1003.511069416712,62.703588764828794,79.67127252238996,Active
37.62073364630582,58.61952341678578,12.00952689777272,1005.529913289395,28.00239961348665,26.63372551608127,Break
35.20476500736552,70.91916688566357,14.343943155670445,1002.198508184214,140.378883518788,162.51857320117244,Depression
21.24614226342137,60.5193277247062,10.12824643956961,1007.5290279568517,10.024092356285202,6.09770354079188,Break
22.621317293458127,51.67189927805488,15.166974389205121,1013.4056693198546,155.59131236329432,185.72967949465306,Depression
25.57964245583846,96.62715630429899,8.957118683668778,1002.4886142368778,15.214316479211554,18.07724540517433,Break
35.87100542329269,91.93486201475253,18.301060612049916,988.7085710368377,11.374825919398303,9.777575741738612,Break
31.174987389935474,94.54976873221324,15.892925930831227,1008.8653107426923,26.15393313073988,22.712740106037938,Break
23.71601418349161,84.36861834680667,11.8682063627441,1004.9555892506822,161.42322523772987,182.94884430274206,Depression
23.98021873200227,63.713092507944985,17.333135555998666,985.0580328367432,43.80758214697987,60.12461999061736,Active
21.233050266294093,75.53696647531085,14.740432277004539,1006.8508849120523,75.91916248303099,87.836908537933,Active
33.30185713681239,69.84439891124595,9.361878933700117,993.1424517707252,1.9321534804512952,-2.517469430621543,Break
23.372307517923687,95.47303990243856,16.55994747303381,1007.5779322235516,1.3171384089191174,2.8541253379699096,Break
33.9308503188261,90.69145657964216,15.818257114496799,987.1878864641495,25.775671161647082,25.45110965858474,Break
27.275960790077892,72.474138105054,29.213887419665387,1009.7593588017573,91.91087809311676,115.99212641731425,Active
33.001601029826745,59.5228498515023,14.380371867158729,982.5026058516072,96.74427177634878,112.54092204031105,Active
25.945295158426415,79.7677861255156,26.42172681196906,981.6654117391139,116.09137717069437,138.7435647075771,Active
32.390729828946604,64.74328140348484,27.575562268592897,989.644483454243,114.27173020424868,124.54959885543802,Active
27.87999089401224,51.081349623089686,15.540605346921213,997.5366582228046,2.8040381071333065,2.88253953850812,Break
22.920239866530395,70.81747493982158,25.323498091556253,1014.5508743870572,48.05547340121874,62.36542839963349,Active
22.91412098094245,62.464767500230565,8.296829846314889,998.1807075236933,11.201356786105203,15.22257916855908,Break
36.51421199403824,96.53312519835654,9.57249319319994,994.0124457994485,103.87427364206282,141.88186463006798,Depression
22.124981130680936,52.813749405562035,13.535831705780833,1000.2620786407451,23.4795468846863,23.032730985305584,Break
32.565338092615676,69.3976084327446,6.47757086067557,993.9352322733017,28.441598455586707,24.12910797647348,Break
29.13309368920929,66.44598891053622,16.232727439747446,980.8391406581786,112.29963327786426,122.60928487105116,Active
37.322302401889004,73.11778004673312,13.554758432099153,988.9755406112116,105.20136389681043,129.70956199893448,Active
27.895796864306742,69.66764193738808,25.703421722956158,994.9416862222706,185.03522861481642,220.7246740679914,Depression
22.061111536441665,70.04226178267395,7.789294673953326,986.9889899158862,186.74273082551423,221.80759114842382,Depression
37.38509795104994,97.08174260366843,26.22175083956209,997.4992042736847,5.641232777663573,9.237888254328325,Break
24.639593881305974,61.3214802543825,15.459993581561967,997.4597858310497,96.05058338096339,107.15430279830875,Active
31.324045158418144,89.65051538127997,5.714028484711035,998.1523541733104,53.457010928130124,65.90075982315442,Active
26.062743997414223,77.73495882916579,18.107828655932998,984.580671671019,162.22426985430442,196.31389756285313,Depression
34.09281510931761,87.31274471751027,18.929155978146206,1004.0228312302538,85.97663617178787,101.90698383470863,Active
33.82772182053483,71.25946917868292,14.808926104403014,998.1187533880835,53.88327598083096,74.2027185826116,Active
34.26422004450674,65.33971415550506,3.0090465699772486,1012.6472693640707,88.27022313761233,103.39282979787299,Active
34.03237607950285,78.76041465314005,29.587559666825246,988.6627144999431,29.750191584950343,26.72422892225577,Break
30.359363905390232,96.26323208284822,6.113103928577819,1013.9798969253695,95.90737729975193,111.23845840118696,Active
34.76893600384139,52.2353465709431,23.15207081741677,989.3475179472181,24.679088146716616,22.392678498627987,Break
23.33373520959008,84.06565926739421,16.935056962190526,998.0041354061165,29.854782306003635,28.845875301577895,Break
31.07721358476632,68.2622100807686,12.997998097203737,1004.3474263705892,34.70210253307451,46.135260651546005,Active
31.859600004596395,82.35556304870472,2.925461456624314,980.0396016292304,52.756948088630296,70.5179674360048,Active
20.269301568613415,63.22731431130208,16.392862945324346,1000.0602236793436,114.06328415931094,128.97489260362192,Active
22.444983711438784,61.846296036572376,23.732801777126266,1014.0019475264809,20.27434907228199,20.87318072805183,Break
34.2141250482696,86.94025250393432,19.505922948010422,1014.5233760070113,88.93283729974823,128.77429963509792,Depression
20.57712853352249,54.16009082544675,10.215092054001975,1010.7231679513145,139.40452414247017,173.21610941272138,Depression
26.559377587917258,67.65023754859182,19.818435759868535,1006.2945590928211,14.262487113120429,19.206987998576274,Break
37.63974993116797,94.10833622355166,18.096345864425984,993.9302253126335,89.51387756385824,105.65405137709413,Active
36.11742880149594,58.12835343317393,29.874460560529094,984.1598402466683,4.6582980953199185,7.55073598884122,Break
26.453137361516006,55.91726668589389,29.900614142802496,1007.5537605934277,8.821191301199972,10.923624720472564,Break
22.077197449054907,70.34046456784247,25.74320741275253,992.8680316120688,51.01783294652414,72.32152033555926,Depression
36.27164016300513,76.37818606784028,22.605255604318696,1009.3475346655101,122.20740676226413,144.56322234051132,Depression
30.089708343501876,66.60369454119102,6.338369989462205,1009.7162079649215,80.36173577602861,100.34437690738682,Active
37.60985857601085,86.41930930503662,20.024958908401853,991.728235199392,186.61968665733016,211.85720619762097,Depression
25.14908092986714,75.84183838672496,9.374181331946218,987.3452637047692,7.848744188754898,7.811780223619663,Break
27.530744691941255,88.92819237733798,22.563329991210917,1000.1101076215556,16.880086220529257,21.52397878710186,Break
23.910033784719467,85.70659968010764,12.358435697525103,989.7638168047068,77.606155223217,106.48394569262565,Depression
32.90686289672789,54.213527959038274,24.732127595312352,1005.1617430611676,94.59844903346078,114.79572091176033,Active
34.95660483479331,52.07979781282347,2.6470987170981815,993.0552484957497,111.68785977183036,159.5861245787005,Depression
26.183569006969293,98.17421393280863,27.487609595110598,1002.068239978686,0.9127061896225686,-0.8058220052267451,Break
36.34741272253705,54.84760617994939,18.97947374882641,995.8023578691806,7.918825623956129,12.397194622426126,Break
26.608391035584773,95.38409726095767,10.529803304220149,999.0127033028506,84.44467318779795,103.65603425743348,Active
29.574392543863446,54.59251686146005,14.460523144309947,1014.9826816397981,99.87629898198928,114.54638762593052,Active
30.219985215773807,99.07895148822972,27.1480367786244,1013.3432899834428,66.29111035197388,100.47491071102138,Depression
32.18829479433023,93.72526475190385,22.97808062254515,1012.8504958522477,37.17647016865152,59.73180212837648,Active
21.420232930841618,54.56769326832183,13.967432061320828,984.7179239946817,15.343092189047617,14.744576661288942,Break
29.223713924779815,83.63568057502181,12.839654251192153,988.7957690499754,161.27097128692583,203.97211859026993,Depression
32.004296960315784,61.70140876534373,18.466414883931535,999.9741381551896,25.724557612086606,20.726409565041035,Break
26.523765401379872,86.8801548017211,18.792132311087766,986.2150200921067,4.076584503827826,-0.25713551206842666,Break
37.569434351986416,97.84958844352207,3.6922232583357935,995.5138704516237,14.560346914032543,17.862119344028415,Break
37.11101194537203,81.71263267257686,11.909358681930877,1001.1163947975609,27.29470922496181,30.99871385602018,Break
30.0481715050339,66.23994576901802,10.214910916323394,981.1696298146771,2.3892481886706953,3.223604535779545,Break
37.06166303515424,74.25359927815869,27.37105425811706,1009.2258255930093,26.92526505325062,31.392344203589502,Break
27.1547838636073,60.85702020188359,12.461942917067558,991.6519233680991,112.30002138505876,133.56723004433036,Active
36.800758984555436,65.85366093818455,28.30138044080363,992.8981180243434,109.74665703859726,130.68216318103967,Active
36.70058110965853,66.63282999104457,16.089863669043204,980.4927882149012,16.80628208222835,16.099495501904713,Break
37.38901038977358,80.20544505754236,22.978617256869082,1012.772143161488,160.41232165056283,184.97675825814832,Depression
36.420133195992804,94.63979697949429,20.309232098339205,1003.5281952430212,75.41769503532677,100.051236985668,Active
31.09286880576545,96.80740522565117,28.86263592283453,987.2838498747178,56.23652353360731,74.67719668374036,Active
21.795157502189884,96.09778150663752,5.941572817593974,987.8713882005643,18.694852612337396,18.387751721712224,Break
22.098853395718415,68.38935427402818,2.7125200122610935,1002.4961116126348,102.89218082754813,119.79528009989735,Active
36.26781070518392,70.49238365591751,16.698154358817092,996.6995418588489,46.89552679484463,69.21352984509394,Active
36.46557022408328,76.84616307100585,22.377393134362435,984.2512669817495,6.898842462031026,3.380181682194857,Break
31.768939348898197,84.06046289107744,23.060336983214647,997.6251913718507,172.76039712467352,222.47163001203938,Depression
23.45910919786008,54.337388390198704,11.436078157443239,984.5151461258141,80.39853829856466,113.66316171216215,Depression
21.023130272822993,98.92472323358953,18.476139579659893,999.4933232082461,157.84887130970915,200.85673910018394,Depression
27.490133799773478,50.84549066281836,19.305223015464648,982.2083138414125,6.810038980152618,4.0228048908144585,Break
22.90550577837633,68.59973798945809,25.71633699089434,1008.9769221752173,67.46348994240677,81.445978200681,Active
25.446658747954082,63.439064908080205,16.90288259996986,1001.2400932730325,66.7194926023337,79.88876816588277,Active
28.68510064487804,67.05513569012291,17.164672958353602,1003.6316295429068,5.028646915217534,2.657453935110794,Break
20.643471100385565,85.22118107387433,15.779266398404125,983.2985073241584,150.34305651024118,192.75331149814997,Depression
36.48669942986806,97.90613977398064,2.2947292966716404,1014.6630973274123,146.5286240561284,166.98501691198905,Depression
35.502201413961274,57.27457236239132,25.445244310125148,980.5446891190551,91.36497288295729,116.26749628889291,Active
24.182039826632327,81.19727873806941,14.888998921607154,981.3808183522942,40.73057200360728,60.4669481116855,Active
30.208935582441057,77.67147805818638,2.8919893507912824,996.4256048726003,180.16730665891453,211.27174420942703,Depression
21.28079460588646,94.70536589023666,26.869318682997243,1009.9161146210754,109.98238933063185,123.58579682656503,Active
25.043895325830277,52.65603120995006,24.27629142318392,994.5969332681447,6.95370832849739,10.967707740789722,Break
35.010498808298664,77.67654426785916,19.25110241164019,996.6013949692601,27.464306436549943,23.720433471752965,Break
27.5320422148921,67.22809539939377,15.948220167032154,996.0171156090811,0.6357673868355829,-2.0893237044737933,Break
28.561171057548663,71.2198146374268,26.090363843853456,998.9748128257158,114.116288128484,152.91559862783674,Depression
33.09668017948538,83.96583326567767,15.174020134511103,993.5764485133105,183.65827907627312,213.6508455190893,Depression
22.655429015192244,54.827523929887256,2.375841623363573,994.7999627498401,86.73608334323995,101.25446956417414,Active
20.33427293777178,94.43213346814775,8.353221482826632,1012.5248228090034,118.72261389075825,138.73046906039667,Active
24.40711191457137,85.82768198894998,18.74202395095524,987.4129751003542,98.21937169217067,123.00826968975359,Depression
23.693291001112893,89.42759210041282,6.681483927323514,980.9960087145373,75.47038300215065,98.23849378382181,Active
32.25671365958305,94.8621662595821,26.94314910007952,1014.1771511915488,86.02642815714444,100.75227560625842,Active
29.753843118971957,54.56224206521277,21.01047187985876,1005.3783606614178,53.43576228705645,63.71260857270179,Active
29.82095235968871,85.33952521984072,24.131409324723663,986.7808626558684,59.75407289730016,82.66174519611184,Active
28.527682767296966,89.97893220510015,18.257353293505904,1007.058154956599,12.572240493763228,7.74145392841266,Break
26.569229378028055,63.68549585864213,16.16901556636946,991.7743691514145,90.00551459558213,139.01506513642326,Depression
22.881333898761152,89.36629187286977,29.55661886553002,980.6965519309027,9.673358705545617,13.934785038174926,Break
34.27414686420569,96.1217805501885,20.655563833783734,988.2475413797498,15.04189435785973,18.775736001570206,Break
21.51203086137126,84.07630149433251,21.043071556131764,1003.4178005901799,113.35873569606153,124.68529950609407,Active
37.17864852010825,96.06614835484066,3.5119801810690903,992.6112398192047,11.525825547779323,10.849164546565977,Break
37.62671358095557,54.43164873747904,27.822464355484435,996.8082849714859,104.71646699559244,120.12341243283127,Active
27.747594345583405,70.4759240139357,12.492468631001277,1012.3935262576413,39.80999908766785,51.43184937482429,Active
27.701651267353842,54.93286883664045,19.334606667591352,985.0292062541607,148.63524586769188,195.12882806793513,Depression
30.386753515820452,67.70098190160056,24.98546975397725,1007.387920287204,62.31637011388361,72.99866823596773,Active
35.22127340207034,95.56171551573357,24.97756701573303,984.4782479321917,2.3289565574938544,4.463576041158852,Break
20.064395802800565,52.3270760609534,2.1216338979545175,1002.5861854168165,8.437800611414238,12.97215885899259,Break
20.96380371606815,85.46360058349066,16.899111747436102,996.7256976992956,93.50362107988428,106.36576345157889,Active
29.95115232772583,62.662268152012544,28.75739863387797,981.0020917842478,29.216333011309192,24.81258825518188,Break
34.624211193540276,65.03445338135552,17.42081186495002,990.1532292732762,10.614084919319266,8.950233829096081,Break
20.68288963284684,57.34802029519058,27.678189568233407,1014.9397100105637,178.82208720122853,202.61842096263078,Depression
30.181607882926194,57.10308047215311,21.734283411701227,1011.6777344728068,26.20419513168013,23.475692599393398,Break
20.144573549761212,74.60408526942075,16.87810328746747,987.043762759291,164.77297412728205,198.88339188867607,Depression
25.712373504804617,81.13130136809598,20.277273167331508,1006.9288521894281,19.013371186297515,22.814684720633934,Break
35.97956316945175,97.88317374044865,26.295752873467265,980.0749321770917,13.44225454744903,11.904005320510322,Break
26.089140659778362,90.40388338503128,5.486147122239384,1013.971002375011,15.096850361583527,14.744692420958536,Break
37.95524742191412,74.67501820363083,6.995151054000269,997.9574298002203,23.86385763664402,19.360103914079275,Break
35.39159595030865,82.90812382631668,14.163851262169734,992.1251497139821,79.12290449278235,103.03657358932418,Depression
37.56088943460402,93.4161981825184,27.01061212187851,1011.0231734618538,102.8408545864832,119.89892360833733,Active
37.08159219415273,92.37503101881708,11.325098590175038,993.9986743604378,117.23242249402577,136.36268580307828,Active
27.189229857340404,82.25049077457837,13.071340294831815,1008.6228488342797,1.2591151021820102,-1.9733162235833823,Break
35.56989151453162,78.1449913178395,28.609617342389342,982.534780950124,92.80173297562715,104.03523129828615,Active
27.528753456246363,77.96509360384135,7.2475160635457545,995.6879303737878,9.821300403461976,12.630748592966848,Break
35.1280924694985,66.18047347170354,25.4824003257888,983.6251798136055,56.69587756505264,80.03757894032779,Active
37.98856877946822,83.51768198308994,29.719457219697063,1003.0988197230669,125.11023592162975,158.7886214946896,Depression
26.199704831909386,84.68706493491644,23.267731349589432,1009.8544389160547,4.6204897612309885,2.272052058284138,Break
24.59738757533318,80.67639420817865,28.461049030180924,981.6895160435294,21.867064073722496,26.391977078065743,Break
35.02945189066134,95.14505055816855,24.8037375220109,996.0705695631569,43.03675445414197,61.75971156829863,Active
23.02784484201578,71.23155798951454,14.907217463158169,980.7172216407291,128.03190331352437,168.91294528039833,Depression
36.958564681047285,58.95596420784776,4.891246664210312,981.8230767424503,17.162994509148753,20.693130099028007,Break
34.50670676147645,56.61057614101499,21.98960835434176,995.2402645115712,59.40669562296341,76.88765109934238,Active
37.25417602358654,86.73540027868489,22.936730797967375,988.831690154463,86.71842785441372,108.20185095479414,Depression
35.27754861017423,50.497987060215166,28.239149829801217,1001.9666955893947,4.234980995910891,-0.5092291721374274,Break
34.3407560157663,80.00702416067134,21.906029828940735,990.6332494007729,15.858895126098579,16.760059349543287,Break
25.36475057024446,51.75324745093594,3.043108657197491,980.9221566267871,77.86411597297246,88.79600253377389,Active
33.79803129860156,85.96057238168943,26.687954801028315,1002.3846734311886,91.02542987445605,114.67305036046186,Depression
30.009032033446307,66.34888116213696,14.389756782705048,1002.6431347918057,59.00677260626176,77.37381282439897,Active
35.50315398958575,61.19531009567403,28.355229489187273,1000.9691539687038,181.03394034089192,214.00207897453697,Depression
27.429735309478286,88.212281042619,18.311507437175834,982.4852373077906,108.08015587009847,118.72707269338089,Active
30.331107613878654,92.67403332632448,13.1483384483737,990.5834262139349,12.835217118811588,11.14154666740701,Break
21.625734085383314,78.13270598356546,15.413140318889182,983.6594060352859,59.96156305590992,85.08736903750386,Depression
25.600172253673655,66.03496425206615,20.44601129506556,1001.8096522263439,56.68514139215451,69.0743869523964,Active
27.837009130304242,70.09493539779834,18.12014054927372,1000.4185181314712,60.95776652159908,92.30360701403148,Depression
32.78052825815412,51.001176725985324,17.959518933268853,991.7082340950154,78.55749065914577,126.7858764572654,Depression
29.38068029909163,99.86136023145659,16.694869010212752,999.0377744301594,113.56698675381867,132.42147283015265,Active
31.340128438037418,92.2709600850385,10.31040574145149,992.3993002464669,54.43902918015952,71.17792755912211,Active
31.750640602656375,92.80730751431436,10.039691441240013,986.4304919119503,184.15746145577836,204.45328330589254,Depression
32.201635089039414,73.85800232057908,6.509294018899041,991.2357534196063,170.40137187894302,194.58717529573312,Depression
33.98182888430131,81.2923333025305,13.456026061693425,988.8907402183447,0.5362059250894746,-1.1165672057640061,Break
23.30971833297784,84.00714214558386,3.5877302383613063,999.7331186889076,6.251510370264761,7.864549993133428,Break
36.402610733017184,70.18783052391733,7.81697964434133,1002.7061428032829,0.7251105640051048,-1.2114436839734322,Break
31.99147328479576,94.54284822638192,9.17935660423195,1012.5667157187283,65.05942480333701,82.72886099702752,Active
36.72337448462282,93.71482801110872,5.766713784097167,986.0476378158862,8.722315976720218,9.87002550828284,Break
36.24996885976181,98.11457708362934,20.30088267098634,1009.3355720490381,1.6673601884380584,1.5546728782109334,Break
30.424056857760895,80.86455380263088,13.344414816474345,990.6528724200343,10.92082407643699,15.515220033848639,Break
27.991009285880942,87.75469836490733,23.022718678484292,989.2940464681135,67.75856800740405,85.03439797174353,Active
24.613276921302937,76.4269930178144,10.14217443821173,1004.0625732481545,118.82104314035534,168.3303190713397,Depression
27.06400727376627,68.11477162947841,10.920922395914323,1011.3162227341529,84.0013029732572,96.71358015829313,Active
29.736962480088685,63.73240964342442,22.45783379536057,1009.1384922077334,1.4390267573842763,5.259508617461263,Break
27.999088740483856,79.44718242536743,5.897258477223637,980.1185746793924,21.137580964000506,17.129526265129293,Break
36.35997392695642,60.75112846780923,7.728621200169723,986.3527786567523,162.28470776804403,195.39843598024441,Depression
32.695105232707625,78.37429388917981,28.61995699992615,1000.9228541452992,115.89113564609707,129.6014062233632,Active
33.169626270557984,71.97241116464602,10.339725754080611,995.957057795774,106.204979135706,120.83347659953975,Active
37.85408269656761,51.93083028061255,5.591749628951844,987.8623571750188,181.77758135960235,203.92112277788502,Depression
20.584282551720975,87.22784285522897,5.733856189101177,984.6549505476123,1.494236327502656,-0.8690090865424525,Break
21.170098809394513,68.44395458296378,25.317700874365773,991.4212090062557,149.32788285677503,172.81330610713175,Depression
29.99033343569524,64.36062855636808,28.324929772429584,1006.6725078703904,7.277316086938098,5.808694019749863,Break
37.10325279472475,78.92411798654294,12.241602530964615,1013.2360751461771,6.932667664037057,7.022702118863239,Break
35.98072606936998,84.68789601745377,13.049613957368894,993.0364128619237,45.93372969539158,65.4437412066314,Active
26.5547507438829,92.61826746310219,23.183474481618855,1001.3679607432256,107.09113768409091,124.32254046601162,Active
34.09798622694137,57.255536774080255,15.77818922299809,993.7880492641705,166.57417943083925,193.4437949898486,Depression
29.479560743453554,72.57731804865283,18.22910517839195,1010.7004215129919,76.2049445335672,111.66986881287691,Depression
24.706872267097147,86.13236010305343,10.997830805312194,1005.3613217755911,97.72257818421839,108.18166062927196,Active
25.09960403672927,74.93167532201394,3.2616682937523134,986.5111921479947,66.7074023031822,87.2829201371322,Active
24.083669293966892,89.76435223986113,19.661832526938095,1000.5646620252429,115.34784423873299,128.72003773138576,Active
37.99344125765799,74.78668976512301,23.600039691802216,980.0764433076945,82.09006742015708,102.26418048544531,Depression
25.417238880056104,87.44588202392598,24.23655584745307,987.0863639733512,96.81791980088067,131.2705946927501,Depression
25.715821837796085,68.03738725276045,20.74127300367669,1002.1407643906749,30.793334996502537,51.5352496036536,Active
26.19988919171318,89.33262580381734,11.490214158236736,1008.6766813304602,150.74990858142058,176.63532678955994,Depression
32.0862445634065,62.621559705102,2.519633422658716,1004.4723037138082,10.536510589154641,13.908910584309234,Break
21.202347390719098,97.11717538356787,29.616871583616362,983.0998860838778,105.86009990530343,149.1518409648852,Depression
30.726682618101208,82.21828502462836,23.21027503891817,984.1292649802959,7.638279878859176,12.126918337807142,Break
31.43822923314002,57.79506217699734,22.222960186359277,1005.270740017601,14.821286008071999,10.373462275576056,Break
37.183475240481,56.428863039843925,21.528915482348353,997.7180862631808,113.22727282779255,136.00482496007655,Active
29.43664270226904,61.44711680697226,5.405440939042639,992.7187367801245,79.40565672220444,101.35550774707158,Active
20.787785249569733,78.34729287398272,13.149878995303864,1007.0187552022459,12.05071705684843,15.041451251710392,Break
29.40855076349066,77.5019370499302,4.720611095047034,984.6315694642032,183.36385973734403,231.49867594711554,Depression
20.965311026686084,75.04846509294342,12.499007374086819,1001.9050438974541,55.2531194376932,73.60509520329077,Active
32.75711443828819,56.7215541417867,24.793873366635474,1001.2138359948541,13.810116948082056,9.970290819312087,Break
32.112520837165576,71.62236798026069,24.86949204762833,986.8700520050077,22.60511703321924,22.85614101464168,Break
26.635171744969195,53.292108225432735,19.420673876861017,1000.4827115286835,27.306651042309362,25.34775111573773,Break
28.09505739065791,77.18812279593278,4.806492588936011,1012.6256601724772,115.37605533090891,152.05126996141388,Depression
27.29281172755097,60.52895952524717,18.603677685910277,1006.4571270118798,103.7307519156092,114.92915723247961,Active
35.39874718452724,54.59480460385531,25.364718016967494,992.6275940377554,57.24728134241092,74.6665515690614,Active
22.37569396422333,97.7915414841495,24.410098302384696,1003.3790571287765,23.696043221392287,25.258442153875873,Break
30.957649852331954,70.58910137428873,15.266636178883884,994.5082290286564,43.825669815391606,56.525940491153705,Active
27.80490860137163,90.34496739598444,10.229836411202129,988.886952363451,61.50910578923089,84.7007579516532,Depression
28.913088660439993,80.46113313846773,9.697433449502741,1005.087920084478,20.355942321901942,15.456678941834257,Break
28.658338036408313,70.72239675177397,4.987988079825524,1012.3123092555267,81.93696983685888,105.0312007929939,Active
35.54521401655916,68.57597876217866,7.848888996015607,1007.1301127205008,47.28377942031037,70.85015955506762,Active
23.565875496339572,51.290358409561556,2.567839265487759,1001.7810374758992,9.713069270038984,14.373014215613608,Break
36.41191907309659,97.45852525538152,25.12123681327511,992.3076706939867,6.675631325323393,11.672363377744315,Break
23.087408488169366,88.57732286561887,8.2555512580295,982.8296380575139,191.87467566738044,239.64689464062303,Depression
22.927769367718177,70.38701234648597,25.269016771635197,1003.1350104587299,77.13051599990867,94.41110156797693,Active
26.370304872623457,94.57275322781861,6.6445818905509935,985.2328023832243,2.776663375830848,4.9935472881124845,Break
22.52895166749443,69.46934273338461,13.523560903260766,985.5565270289229,13.443860983954787,17.819120851550615,Break
33.259821233938226,72.8962289930449,17.94138564973063,1004.2414705198785,80.50077676089691,95.00415857461178,Active
27.204225565477785,84.49443661192018,27.370728590025927,984.5754280798546,26.101655793278486,27.88558725733756,Break
31.88958347785675,80.7321409467443,25.778136051434934,996.809342398297,105.21233284734228,126.53854277916747,Active
33.55297197830547,75.89226560934526,26.9408765717922,1000.5836819384699,42.41089395573006,61.27953754198927,Active
25.666141226905243,52.61743834048012,28.562372415783816,1002.4521629172501,151.38378330624403,201.19284676103229,Depression
21.657753700229417,62.03363749226435,26.5604409194519,993.8338934919121,181.24655879361765,228.96889295244574,Depression
32.067479263861216,96.56333137006689,13.140600449366318,1013.3555661614155,1.5156068001700407,3.1741004461713214,Break
21.290228834156025,85.31064929825328,2.951196997322625,1009.4860204698775,120.3749072851098,165.30872378664216,Depression
20.278684264475277,63.64585801621857,2.068728420427638,994.5498958202447,2.8250909474171157,0.49838643104388414,Break
31.348249350363638,76.49553042804746,3.931644631243057,1013.8950946562364,20.86920647156808,25.11237002164237,Break
32.82309251251259,68.4187253792367,21.964789664094706,981.4097356957386,99.5469730091771,112.07275248372291,Active
33.81492500316753,87.47233939669327,17.101749735544633,1010.3044801062354,139.32185099985097,172.80214257490562,Depression
27.60125803104497,62.62805356347627,12.423830390677425,983.7852764608283,63.34633038040076,109.1838119358927,Depression
34.635890847995185,51.67015032887172,4.550363616641441,981.7194412862149,57.07255449768907,70.43964753911811,Active
29.9365827651173,67.86882017239812,29.047824787433132,1013.7242359786798,9.006813346241591,9.317907571683147,Break
27.347992806588177,63.69212595496296,5.677050993400888,1008.670757503368,99.43132002858232,130.87995135388044,Depression
31.12467544418523,85.92207373677707,12.976826974500556,1011.6725330943635,3.1572569423295715,5.846761613923531,Break
32.395291441309965,87.08304047381591,22.56511480450904,996.4707135530624,120.5817027426834,150.01722990895655,Depression
32.60337609494822,91.31345749312905,22.477662665187605,1014.6266650389896,2.158390777183211,-2.3811576223678035,Break
26.354436848455798,98.46586016346683,10.92290430452024,994.3459445806345,129.8495903880654,158.618295569343,Depression
31.803991432115243,82.08099993572046,7.865614236148792,981.0639095184034,68.10827084821513,80.69488703761358,Active
34.68276686003731,70.16302106112435,28.19527510632945,1013.2464644340844,48.43213724452502,63.998108266577994,Active
31.41610397864507,50.90789828035394,22.228916689490713,1009.2437425443859,111.19585439797355,128.82106202158369,Active
27.38929952652591,93.30643761461582,22.787774332399152,1013.2141482737716,16.895942773444837,13.518238484409807,Break
25.578738366124995,94.9991638439327,21.268884228223374,1014.5091011189932,3.646522821927316,-0.1894486664152253,Break
23.680196865549142,54.214609421870676,19.360885014990572,985.1573468105859,61.208406472806175,84.14447175720251,Active
35.37681846783555,51.11508524493218,19.06614342858407,992.8741278512334,7.18784648896174,8.401692569700028,Break
23.212713338247525,87.84418038265177,3.3332263719754476,1013.569582652477,98.7125913450803,143.7565461224785,Depression
33.71249458918914,66.45479401573797,16.95078331417815,982.1588103688583,35.84092955085523,55.229925103585835,Active
27.503286310881244,81.12427693531149,7.895096111459601,991.8559442033719,28.212041167865568,28.757166724775217,Break
30.803934999115448,98.84855273131305,19.97961611219929,981.0775299101261,79.91605055198299,118.93051273888133,Depression
30.243205968357614,69.129441183546,11.123240558247044,988.3164970068125,27.56708293037065,29.424113444260023,Break
33.399464852640214,91.71889318282038,11.845779253459765,982.2006523740071,46.98050621052293,65.51616096045792,Active
33.31118419682716,89.18191510739183,10.451495366930434,997.935163139926,103.75326495305598,125.17409492963019,Active
37.78355577759267,50.404233826500544,14.249704344167725,988.9615570231645,32.23283970383092,47.98944865916528,Active
22.54787931778082,85.5193823719149,20.51165643112007,981.5390074567509,94.08351247989751,115.79055689482615,Depression
20.944859311154538,71.37114011847183,28.091120245725353,990.0072154573871,66.12991943340035,87.6026378317001,Active
36.47317406935876,70.67485685316859,13.860403152614207,1004.5919487213279,51.55455835207656,90.64867960857947,Depression
27.089923428949106,64.91902567807345,20.41262730282856,1009.2133982626397,46.80716561375942,64.46040462493548,Active
29.52385881788789,93.81016811124924,14.949839672348268,989.7804847782563,125.30189365996257,162.95112674138028,Depression
26.180360955488936,83.41826132952166,8.388976079616791,991.1080316573608,61.602932150113084,77.01942675951008,Active
35.33985572101363,77.68869771472191,22.100299831675382,1011.3963480687739,99.27635815067947,147.84989604507103,Depression
20.4477658762629,68.84177805080829,27.082368010247563,989.6122907935944,173.16083345855282,209.53661548914567,Depression
26.08658368803553,62.54461881769256,18.62632886363192,987.2817341878786,48.402004817781794,72.39223335318933,Active
24.760871720254613,57.49471476640791,4.519083808106905,999.7184309233159,70.81638261689461,99.81729703475952,Depression
25.069754174320348,80.21197551660711,24.868867825235082,1006.6472379671012,4.420932064647336,6.36320022506438,Break
36.06681421509573,81.68660025288185,8.22414950722753,981.8694817137342,1.4219573379349193,2.549177857352489,Break
24.060438994899712,95.23280312044147,15.302594717646132,987.8378451658393,1.2700483770747628,-3.617958570368196,Break
28.245204903312043,56.59183089017571,20.601640161012003,987.4918359679602,5.930128106228069,6.414963963719313,Break
22.08896226892224,51.15534263937401,3.431685866987521,1013.3990454530358,121.01523548505403,165.08878784949883,Depression
33.26034576564858,64.86588547560234,3.6397558945733937,984.9894689997229,100.16477782882185,119.1963052807321,Active
28.1892857130742,67.80892671642106,28.518451315315552,1001.101808399864,0.3969383758085465,2.2416893945933234,Break
20.34375780085768,85.34364227717192,19.797398212496134,985.192175202164,105.32318969183628,115.73766718467523,Active
35.01183371778374,57.01425063939834,26.823795153672258,1005.5420423067656,75.26046701463773,92.20723752389448,Active
22.837004283131627,79.51560052453809,22.804053718586545,1012.0906190123337,5.0966002441986005,3.9272570050563873,Break
35.689103233919305,68.1564355244818,28.644899749994067,1013.1208114722936,25.274341146046947,26.240755199984296,Break
33.0402507861681,59.26340110762938,29.00145750990816,994.1428185322658,169.8898948939952,193.89155340679298,Depression
21.989744559501236,96.10463267861658,23.032154299032314,1000.6422860272328,104.12999029702064,124.65403420539072,Depression
23.462715660724445,87.62360075268691,28.23847514698189,983.060717952911,29.441313129785847,27.936164952866857,Break
36.59109356955919,96.64812742835397,8.771882517812891,1007.9377413555804,4.056835528654917,1.7836060525997315,Break
23.43357793537875,94.14877499154485,21.824317264396107,1010.3961902631614,12.762935827690367,15.317882397832516,Break
30.891286733253803,84.43146449502717,9.905137820494389,996.8502371085162,103.57791743623086,128.426299869829,Active
27.323823127244076,50.54818265657717,6.754193907426526,1002.8384407212646,70.05999312481154,89.57192528781358,Active
22.280990077148186,86.6512107431829,9.537881620517418,995.7014638490385,117.34972633965913,133.71830786726449,Active
35.026448023181,52.667449727493036,25.73207283412735,1002.0328612753427,137.16593670468444,172.34543657939633,Depression
27.175544033534912,55.98152197580352,13.667842587722435,982.546683168387,90.79100562209254,102.10900058607169,Active
32.29544312253444,79.02596383381851,18.647402832061253,990.1802377295395,155.6128502963503,183.41632978681227,Depression
36.954289511089925,76.50442484572119,25.27707399598699,992.7765992716639,83.04387353833056,103.30730420165094,Active
26.658705715501856,72.44898870319199,11.239140790451422,1008.2858886516071,71.79626156885814,94.05873541674313,Active
29.14011536512018,74.79200155520121,28.051857809005778,1011.1488054061339,38.89857259886725,50.655181071446414,Active
25.388241976724192,97.98874908831593,19.725921076222996,999.396779381539,184.40425479874895,216.8428566706433,Depression
20.31868001131827,93.08869198946773,6.8798029980381,1001.7658687361637,128.3574958140103,161.28033056486234,Depression
31.666085197124517,68.21453773367895,8.455418173970271,996.4432997009015,108.24060971166196,121.80609111625539,Active
21.461380166907762,81.35691970305587,11.418323932743874,1003.5229536712122,91.50026531521925,105.4371699862295,Active
31.610564021935105,92.4286204791023,13.245645833317521,1009.0485128204664,104.05032283795512,122.15473647804062,Active
24.01354078417968,70.35706922779556,29.66380378850527,1007.4244605824849,104.600740077829,123.65200375491325,Active
27.004214173070544,77.88211966715792,18.14930372820588,985.7937352442854,151.33998022611877,178.8303918655341,Depression
30.324522925168203,97.16171416734844,22.241621481842188,1004.1315864792367,67.41332204564361,89.21767420282923,Active
29.828442679773502,77.35140732122238,3.4935245641451385,993.950988195146,13.758146390170257,15.728078730878265,Break
37.95586799026234,66.19526582816009,16.394432496619665,1010.7888246627427,25.216076398475813,29.049759378784934,Break
22.887089750110615,66.97865706040848,11.386249045980007,981.471567862658,27.933935267065475,26.548446114810893,Break
27.144773522918275,58.70546237666175,12.588245172188909,1008.1380235771618,93.83914674983706,116.65762428395567,Active
32.34538086322685,50.8939242017409,8.054521042947755,982.4317994709236,63.11126327576481,78.1613707895702,Active
24.543964334503414,78.82578952443188,28.987599844628065,987.0023358166148,2.51042964743092,6.522669877208813,Break
22.26984852777337,69.64794033183412,25.8402834972712,1011.7188982858254,16.403613744848514,18.839507810060773,Break
26.103334672671973,72.60142867323427,4.855114330961857,982.5570526111474,57.143694670133115,76.33570325217508,Active
20.774038978002295,56.088318879978274,26.225342710979064,999.8209067531686,158.62039682489495,202.98758298315738,Depression
32.22431896402752,80.34611401132702,17.814757870413104,1010.1325668902543,74.13153969500948,88.88482297759354,Active
26.039498444298168,66.86964156243832,5.439519407998917,982.9624912524288,24.2509407053045,21.884976824862946,Break
20.07072778559992,74.77295964514721,4.806391186000759,1006.4031584433718,15.61581338427491,17.857911692408507,Break
26.59391344457765,51.83888963665449,27.321319730911114,984.4727720890238,112.5683267524051,132.7658781487709,Active
34.598390407260084,55.44858146519579,9.020491128057525,1011.3088598284207,160.97986993143763,196.28194559995887,Depression
24.396142106172515,66.7554930018472,26.165523007246577,998.394238455258,116.53207131459091,131.34529230014056,Active
28.631740251912113,90.5856798860417,23.24954296883683,989.3029797675035,3.922042183735499,1.0727568983860234,Break
31.81210382735852,69.25206189202058,25.421249366647196,1013.2484253266272,21.099159205901344,25.011785695055327,Break
31.445741491958124,96.88765077557417,5.59811139803387,983.0706874541945,185.53389555459228,212.70349318726258,Depression
23.717236968736113,98.49103926205201,2.7001151598165793,1007.5023752637815,1.12463870608978,5.302664108185615,Break
22.513561943772505,77.58896418628477,9.673517808027338,982.2817480764642,140.27769839267063,177.46750771607842,Depression
28.250786704495894,63.85227981417112,14.993967992074626,995.7509979206541,8.447228575665907,4.223184395427397,Break
22.611610039504487,84.95887157307864,2.6297852297951336,1009.97550656259,86.12633525675378,103.35183282693889,Active
27.21184127188316,99.30901558043476,24.99146153129628,995.2243069260816,182.98799015905152,203.7133314716766,Depression
26.8915738787037,76.31993979326367,20.994082513921256,990.0165186339447,62.327406215026336,81.03367870172855,Active
21.331337370877208,58.7498414375292,26.91142430917168,1001.304063475898,75.2780888215639,108.95582155114641,Depression
34.64886620177668,69.0347767838672,17.07790622086167,1011.2131710129786,23.85422167534567,26.671680263498416,Break
26.396114747951845,78.71351901285436,25.325594355397982,1004.083985669137,32.563542949434435,55.82575114422026,Active
33.46661484385654,99.61242895777877,13.11020068103829,994.5617816797869,9.287080567146944,10.455921286810892,Break
29.61383042154558,60.9134741426693,6.598749882248325,988.2879312108641,97.37259123031795,111.60602017208961,Active
34.632286953550384,55.9198420713827,23.170005086209322,983.4341605865179,19.604667961747428,17.40061166697975,Break
30.27338735119976,88.60762524037324,27.98424476968751,989.1394500551577,75.2135878029463,98.73774601113206,Depression
23.234475703723454,98.50938621531363,17.44634696613278,996.3839336659224,65.99289092081352,96.36031712127445,Depression
22.670936807914597,81.8020177565943,28.58587208869653,1014.8856819603034,88.38243290671628,114.2867853905255,Depression
20.286081076520066,76.8450635260211,17.709479506668615,993.4378728063041,66.24782568726978,77.38722999174354,Active
32.517328674607505,62.637133437422655,10.719358061256584,984.2378454384512,98.47150582380581,109.37040554726264,Active
20.338117869569274,98.69677029940974,7.414714465967098,1008.7748723185036,69.05843980365115,92.17465351201547,Depression
32.782610676737065,60.441851022599195,10.589637037879305,996.632961345061,102.47232782670946,116.58910857978164,Active
35.8207979321415,91.66956570523021,28.015814544209512,996.0531287363295,138.74870982855055,168.06379240503503,Depression
37.899758045769744,51.91537334198307,6.5436320316540915,1011.2389826886164,86.60951765643878,110.03825623154448,Depression
29.600086068066297,92.89976113636793,22.62900618557037,987.5463172078767,190.3806937946687,236.4100147820287,Depression
25.98765743601463,54.23135977600452,28.439197110078236,998.1050368718775,66.77005568509057,103.72872448371004,Depression
24.476452570480433,71.58584425133056,19.753414232588142,988.9945078248824,51.535078461313624,72.19986452764927,Depression
20.150295275247853,55.51775282789377,8.705684007963637,987.7427529963804,95.90091578134148,119.72353928212345,Depression
29.820125795019642,92.89787276987542,20.985690550054905,990.3628731197408,117.77646462870418,138.3425477911428,Active
32.81945110855767,54.73426873639614,22.498754355035366,1005.8770516534357,19.247108866952995,22.429228880657625,Break
20.101737887141326,99.59985045074257,7.1210256252175785,996.4587144980992,60.18887215494574,100.38369413835366,Depression
37.949681141312226,89.00959647340159,10.135778324168749,989.7236823146883,29.79512368794998,34.7432539809877,Break
22.066153015891025,86.29843896641736,3.448873430734832,981.0567205368015,28.96456971023802,33.37320518918499,Break
23.49070076505225,58.08361677768558,8.734982422446517,998.0441447926299,49.943408739550264,71.29275056089944,Active
25.571957049247715,96.10656627647052,20.388235780788456,995.2722918006264,78.2732074907958,122.45179654212029,Depression
22.351240695378642,62.111783003790364,8.813628737723445,1010.7117718568092,118.10829839143237,162.14459539874125,Depression
33.890025913593426,95.97653144564163,16.92961860233313,983.5022635048286,145.10455889075502,190.41412658660994,Depression
24.700283252506203,54.885160555053744,19.246096198426724,995.2141637432255,150.59949740031493,200.06070002804438,Depression
21.134605744995707,95.15005425757481,24.79391204682706,990.9984532174826,190.29052438729005,221.2406292548016,Depression
29.574037237863795,97.70653015287877,27.265689579972424,1007.6585566565402,10.703887669648037,13.626058001201553,Break
33.64632571694321,95.53062536863027,2.4152445480878204,1008.3186125888066,82.61475235996426,107.44488550715117,Active
30.83578030364978,89.2808877009322,22.344933402574554,1004.5521715435277,29.607411426546367,28.587843167587323,Break
25.97431312815494,81.22124635921962,25.117042830212633,1012.7870882333051,109.78005102575315,123.90459152254739,Active
22.491967420379726,55.98834659554424,21.599715367460444,980.2129158820236,67.83066583972943,113.32056716880659,Depression
37.252106416144244,97.93773081074518,14.37499505050954,1002.5580188552178,151.20109880347428,172.87025858333536,Depression
22.23090549675991,74.96057517666334,11.435014059711236,990.3534676962976,122.09311004249659,158.91446221703615,Depression
34.72177948198562,84.59405230918748,20.565765375617374,998.4360923531729,67.57104639843674,88.09701200977351,Active
33.61397215664286,88.99811011943896,15.380564558285613,995.0458965343697,12.442930771385978,16.008649794979334,Break
32.99355631811001,94.19461187705525,19.241736811534263,984.5614927606392,181.10848447084683,231.04201610544877,Depression
24.404351386218906,92.1124792599617,25.044792646281405,988.0829125727257,45.91214998176579,57.448155228705815,Active
33.27167492863575,72.52204977129665,11.058837596987889,1009.9828555532209,85.80720259025954,126.50244109333846,Depression
30.180157860223176,53.87428987252457,6.553592296840078,993.5817244520445,101.30001125195358,117.54106478525279,Active
21.681773603164988,74.21714511360625,4.543469069719597,984.5128056896936,53.51586243031541,74.78643898834795,Active
26.66104464883088,58.66946404206649,4.754793790195139,991.455961609039,44.07362512799762,64.33188472969167,Active
20.355177722031296,55.8776630812719,25.6422337539667,1009.5719929756389,20.35390647231482,24.89406451350669,Break
29.198085743802565,95.69073991681063,29.098739835762643,1009.6505109951088,138.36745157414933,185.31097908225615,Depression
34.275296599822234,77.3258022508615,13.820344617969441,1001.6536848174103,97.66190500668377,109.08670468134345,Active
25.773759452390603,69.35776970269916,19.43262630375532,985.5346426001778,13.426267063988227,17.596484182793795,Break
28.42165844541077,63.75201294703667,5.971207203254897,980.1310783148949,66.07350453903851,97.82533744797385,Depression
30.60689170226756,63.784294845135015,6.906280186251227,1007.1152567913269,65.0660626792949,89.73377241084513,Depression
37.28022783054894,51.889211090612314,29.37370542341322,980.1625569079746,132.4046827166403,154.52481165749347,Depression
29.737505106460404,94.61692351104043,21.039594283589977,1005.1996230861454,15.860575610364592,20.14026622823504,Break
27.717525350144378,93.49061829069615,14.570752249390651,1014.2736897545694,189.14640582628925,233.78066857120555,Depression
24.04575460595641,93.70911166469767,9.37639726311066,987.186895776867,175.50660808751923,200.7429845926241,Depression
21.27466462494376,70.01095477694057,18.153819880790017,1009.922093549592,56.68585501279179,74.33793314144782,Active
32.018131118149164,51.3128409404953,12.54868486926673,1004.35609251875,15.07195583530607,13.458751879876381,Break
33.626213619452486,77.19468482463205,26.551737676315135,999.0240370127304,162.86630096720796,189.13151345989172,Depression
23.54222240465239,82.12899579022704,14.826315310920455,1007.7301483665816,21.7932407432225,17.748602819584875,Break
27.128438233442232,99.16207182361993,24.636888105360153,985.5979280828425,146.1375161966113,181.8330082221578,Depression
36.1846151920103,86.33040105906375,16.272788601193376,994.1256314767802,50.36738575361111,60.62727532994656,Active
30.348390587727913,60.62073662616076,7.8331536963851605,984.3883430036768,189.5843040553359,222.43458788838473,Depression
25.965094500967474,98.86207825002245,26.176407738289335,991.3065254616511,2.0479759756650298,1.2271528239794094,Break
24.426162803476657,73.83559659284072,27.77322441718887,1005.3394492836853,16.436124319116594,11.675738170359292,Break
33.75596870916155,79.04569491231392,19.516508337153077,981.8102308894129,6.045423762723252,9.120979272716262,Break
20.969518060191735,53.48364322117939,14.334608831556103,988.8394091593012,54.572591610827345,68.24020407099373,Active
22.467074303658464,92.45354374517461,19.261422039154844,986.5278854376421,60.59062390456501,84.0898949631614,Active
20.896224557378765,67.50947028654221,5.322829778010514,981.0143206587492,23.917187250684005,21.93497948204677,Break
35.25616633301291,87.94659743073407,10.318255396583954,994.9293498984574,115.874010249933,137.4731535899352,Active
36.78329893063913,85.35480380805558,27.07632931975308,988.2765801078207,14.191053752511008,17.21167934561904,Break
34.201116137742204,87.99985791654842,11.771858188453507,995.8848639489769,4.627928131954501,2.9698952473229916,Break
29.323369120185,61.32218810519461,18.21949922810558,1000.2543277551176,18.401712841908147,16.127024532310216,Break
24.9351294352064,55.67772719217469,5.193408335751165,992.1685109514119,1.068156795495263,4.113482752926501,Break
31.079153994770778,55.044101402672986,18.446029774129062,995.8263939876593,5.25524591112543,4.993079534203652,Break
31.672956755849675,51.413235052498884,2.417487396334621,984.5291050209498,12.886473705620267,12.76087844321815,Break
22.48449696088214,83.66957895579154,18.691865727502975,990.3062434594406,127.91445934509625,171.39410967676363,Depression
35.09362833776726,79.18661250800625,13.284993690171186,1013.1275847491123,6.935276494121827,5.373501406709352,Break
31.05256157207571,93.04275140217243,23.089976284688564,999.3690009391695,3.1303983997668183,-1.1180159468523332,Break
26.256049891608836,80.73786943703243,25.45054083021366,986.4247135731564,108.79342102132283,144.1952412975783,Depression
34.57257087457195,77.68226089996173,25.706337578064236,998.1493114624142,67.20749176565178,78.29772410326395,Active
32.8541874932415,85.14254116980163,19.19322099523178,997.8591926177227,185.91676271699865,211.5845147221724,Depression
24.617367691864544,52.66650341033731,29.031203275273654,1009.8203797320932,44.54544546572677,58.93797980263068,Active
32.23114440925799,65.77446032411119,24.19004709212105,984.5658720512076,36.15165433655096,46.34054352656338,Active
36.16802333897892,79.06696084661493,11.851153118430721,988.1408122937347,89.71507606171315,128.35527670456662,Depression
29.38679519070601,93.09720457904956,15.767952057722017,984.4709967239941,20.474371987105858,16.490117429459673,Break
25.910337328592927,53.76361205018019,4.054101266473747,986.8543734662982,10.083254676634294,8.875373738990637,Break
28.38113650708332,73.33103756694234,9.196158017279762,1009.7573843560696,85.34407601254327,110.00189209952954,Active
22.0036577865959,60.60626993609699,15.246647066782494,1013.9014835371075,18.5744140814757,18.8702961078586,Break
33.721133514171036,51.9575272138539,28.207247029865094,983.3272793139971,42.005693004672835,65.20427450428971,Active
29.19283916501056,54.114677050898806,19.26827515560206,980.3188480358771,150.17903333595206,193.53562410150832,Depression
33.970509266447394,76.75368748896074,24.32969137596448,1000.8532636336489,17.147667458901577,21.714943738046205,Break
25.390400833056532,99.51189420436592,19.71639480821186,988.4731033199927,64.96445060572003,108.26939168916869,Depression
26.685504415878178,51.96950814448434,12.170892999740962,1001.3724962822575,27.721034772907636,23.497758905636022,Break
36.74012095699699,85.35687589678432,11.2319409115977,993.6762621698183,103.39970286289154,122.66871969556095,Active
37.00937376175048,82.32152889960017,8.047587720426094,1005.5024813300915,29.572341060300882,26.7112984240488,Break
30.76192885452678,89.00837611125613,11.491526501468782,993.2887854084383,68.4705479918237,84.62561190686026,Active
37.791017815517534,73.49010378488398,9.179714348111778,1011.1930304361014,74.65095247273004,91.114760937995,Active
37.17856307992708,60.28624137648332,10.727131191686917,990.7727464441774,143.85007709473896,191.16240978208245,Depression
24.93183080850662,75.25583592353372,28.84333830952915,986.0338650154458,31.54365126269527,53.845956142979986,Active
35.83636503161455,92.86001671622671,12.501522832795013,996.1699827577473,67.76892703731046,80.59154672810423,Active
20.149487140219936,98.50286800190347,14.087683402379733,1013.9272365046938,0.24602128282936842,1.6606298061515659,Break
21.228278295854736,63.62971431899927,18.19261362517625,1004.5214836442639,5.838889416096738,6.968662831990342,Break
37.74140516157867,94.11982673831818,28.78378999971273,991.9909569926342,46.95121859605051,64.45864202219971,Active
34.278134208919795,57.50768220919376,20.4724829033012,991.325216141383,191.80495589440807,237.74637478066714,Depression
21.2072177277252,82.5153578653628,5.362539784003433,980.1982050184029,112.45342768023515,136.08038039414106,Active
24.064838979752608,77.35306073993131,28.740791343445935,997.3847145393867,24.33468784762517,27.071054297682778,Break
22.61525081538407,73.1914865908316,23.695177466329397,991.8065335886196,61.67351969557489,96.59495402785319,Depression
22.665996648002412,90.57735031673664,13.776536076393036,1006.7750813397103,57.52160346077153,89.41986744080188,Depression
26.660063730350565,64.24001871247754,27.529121296041357,1006.2824937730853,25.932389732007856,27.86513400609504,Break
31.24849271934943,50.73619459306657,22.945513934467254,983.2037291118982,123.43413593414085,157.11729791965723,Depression
23.701330559581063,87.78549612461964,14.637408916700084,1013.5480696250912,91.4469455664337,115.55770176102033,Active
31.942249814289667,93.56364538086973,25.16946687319617,992.6041200421151,160.56315357565285,180.67463658381237,Depression
24.690761954691972,76.91001957049102,16.920463016522195,1002.3169252231193,90.31956442504664,140.28051888028523,Depression
21.29078937592879,52.178034028621,8.083207213828207,1013.9875360519737,41.0510911713801,59.53063154328686,Active
24.86172354110562,69.61995511205572,13.220956534132181,986.2493500749721,177.97277149535108,219.42283056228172,Depression
32.42969404608018,77.32525690566598,21.627150328187373,1012.7490932141669,53.8582261734705,72.41662694958397,Active
27.96183926059178,77.82095655560747,16.4930933675591,1010.0571349829962,57.35803588816908,103.95395600932412,Depression
30.12108504981541,62.604932978114995,28.73691188025922,996.9174006070615,9.117026309174047,6.769301262960259,Break
22.328856759215743,75.55044178413064,6.302880573981378,1001.5703149455775,30.5478777878031,48.165808352043,Active
37.96952474687579,84.74826344093195,10.63504857502409,1010.690050405916,120.18734479183163,157.21341838552124,Depression
34.241676564585276,77.98792464646453,12.032383578548307,983.0044797167204,12.746037812040331,10.6349108057826,Break
23.09992979972659,88.11153948210847,29.723073944577678,1007.2227053146892,12.962511385562038,13.910273533470388,Break
26.276596564505333,66.33546074901913,23.187369651728947,995.8876473806247,20.40640112801004,18.329734240843862,Break
25.94559809714324,84.0757267721169,11.784533941941593,987.441811636676,58.61527912924157,92.26258347527686,Depression
34.318188391197474,69.39932400476611,12.740275071211222,980.5500804056751,81.72929387951206,113.53235856261787,Depression
21.1544345402729,61.313479237921754,24.201263793229803,1008.1538756420321,10.077415353200687,6.419799544138122,Break
21.335107345128602,99.60858572242047,20.3566306348555,998.9733778219412,176.01157395315863,220.21301699450046,Depression
20.29771008721778,59.340394909524925,20.33734845929927,993.1515771731387,83.72578620769619,117.77231409033526,Depression
24.509242516950046,54.00460804401227,13.290454782529656,993.0928261550871,44.191980486583255,61.93707776915815,Active
34.27120160906819,71.6321240302018,15.106353685254108,1014.5224528427009,144.9954989598007,191.71331176345797,Depression
26.15077436834411,73.22594324058593,27.094357604627035,989.5400597569788,83.25019385341535,93.44006128067778,Active
20.021665050362323,80.80492810746773,7.29247788536752,986.7160642401334,59.97659664476474,78.4547739441233,Active
27.266227086557254,69.81100722408905,7.414601076613545,998.7977839279157,52.97080952267089,64.30955579721964,Active
21.41630582495416,71.30757742253618,28.48364345375602,987.6205161986459,12.454335116048632,15.447235175090778,Break
25.514858664853215,73.50101047863484,2.5497035988542933,1005.6745423527427,77.28228916262434,89.00262892978571,Active
37.850856118173866,65.1233913492423,19.779710524700608,1000.3432720699063,109.31924005184565,128.1094857140201,Active
34.014824456610015,62.435357798323395,20.989112368493902,1011.5767941433936,23.3731256201594,25.621018632113753,Break
21.071471543692805,79.0754154812036,5.645301777622467,1013.8561710280707,74.51723463740305,89.18091507033573,Active
29.067189415548214,58.08866781923516,12.340986437926917,983.4538321119358,64.36518292994404,89.17552224709901,Depression
21.538402426774663,69.0655319976039,25.57483672371376,1011.7413737071839,89.53594263779016,115.79176884676579,Depression
33.77114176458015,97.39585394672486,22.071441788549272,1010.8513367707844,11.726275471074855,7.623354985471165,Break
31.2600159150048,74.76075963357731,9.70487275327233,996.578984114118,170.24866442120958,209.73444828369065,Depression
28.419461001202947,78.7874819601924,12.78043039795728,984.4294720047983,70.60476033188363,89.65942819947344,Active
36.11936216685487,93.31168114294613,26.931821705816624,989.4501748762755,7.832003996859877,5.619077453066963,Break
36.36848588104942,82.46213664189852,4.287710868862405,984.7382508603886,181.11300687911557,222.74363805819812,Depression
31.571912269842553,78.25613354915252,22.243174684403296,994.6878844934854,1.199583863935224,0.989821180026963,Break
30.787248479962543,53.94245152853127,10.033299369538863,991.271127209142,55.06342104385102,66.49815003719112,Active
22.9674213370379,58.69739008020966,25.595458438237323,989.9511890442402,97.17773095596945,113.23818021089635,Active
32.21031133019036,88.19985246597716,29.773945312627102,992.0888831722259,152.6106329623089,175.16837970141472,Depression
24.404633212693852,92.7654184092006,18.322682582206568,982.4332539088618,92.76492490744911,126.41647605169328,Depression
25.23170592857663,61.67895415609331,22.607565685198228,980.2745722434219,7.420340134300321,6.433820176685502,Break
32.9395533119086,93.80164357606326,14.18254594758668,998.7383334383721,10.397339636273376,13.75658036655151,Break
33.65202722599756,66.06275867069563,4.88453744438177,982.5132640905914,137.43040417880644,158.98026945367613,Depression
26.06468374935269,87.65998509571148,10.241748662430586,1006.7157827013045,45.033614725801655,58.37538918895106,Active
22.304992492943846,72.01796039844078,26.855858489064673,988.8356631863451,112.92578292001767,132.5200339064986,Active
23.112604957290703,84.137846236676,13.961684763891368,1000.703507907438,15.448420545433345,18.58826029116643,Break
32.9988004276993,80.75366700092553,6.222198843305842,1009.2582188819049,8.524075926161954,10.853298522467647,Break
21.956761633306723,87.60296842251842,3.27973508988045,987.0706243062838,181.55409068924558,206.98328260858565,Depression
34.350662461665934,72.84901798140024,11.191624219628235,985.5383741935975,19.212319104796027,18.57846472681329,Break
21.663579808157216,95.79752352561721,23.79780678469461,981.9732366951694,62.50663443479424,107.6253302065488,Depression
31.034251298935494,58.62245667865342,2.5807575985736215,981.1053354251247,188.9283382159175,233.27192912832822,Depression
34.91369436668689,78.48539252849666,10.569657550052925,987.6229690290747,133.94225086476143,174.4903533120007,Depression
37.34795327973011,96.54218348415972,17.963555295209606,1005.6952519759724,113.08584256106968,134.3071830466166,Active
31.995679054680433,79.13607379918894,15.662541459197817,986.5297350872131,79.07152572548569,96.81702050371374,Active
21.705876048656354,66.07941321120245,2.5441843451044557,983.8746991082279,42.336114828640326,54.93416929003901,Active
20.979382299503204,82.83284783114226,25.436218282487282,993.066039222808,20.020853924754242,20.161281821536285,Break
26.5402502023672,86.50976330807774,10.362088380428764,999.0015746017167,144.14455323526818,192.20206266709818,Depression
25.383157572959178,67.95819693169766,22.095694127861435,1001.3956930969385,103.8505270619188,118.99432194136699,Active
23.485401656843848,59.9202681996952,22.51335500094326,1001.4940304061856,122.20337481617784,162.60520566538293,Depression
36.15108809843939,56.80870711807856,9.010445419795374,998.9945436539825,153.70247964142436,194.5536609363465,Depression
27.74212892493843,84.55368033022847,16.590693028243514,1014.192599587906,23.747217267900837,28.301358915361803,Break
27.445605587217166,97.62103473767282,25.066333232180956,996.8367894616712,106.22458543812951,133.55071963376798,Depression
27.752695970571295,73.66729404638092,22.83820683866061,1006.7774001031963,24.748407883816725,22.11918075937887,Break
25.825930058644403,74.06551892791467,18.70656139410948,990.0573781609698,3.0175696978987165,1.9836309514084407,Break
29.13031096790355,99.79228008581364,7.001021461062278,1014.384831850604,48.02884374664392,64.24047997850386,Active
31.05191223262671,60.674869695549795,10.160294332459577,1009.9091275607351,79.35478089545595,122.291692437169,Depression
20.423043610729835,68.77486206608106,5.100958219254253,992.3366404558495,37.02445755599028,56.4048035804949,Active
27.630870606084464,77.83119591199679,7.969997478484045,1004.0838639737728,78.85147347125321,106.97315621713271,Depression
35.372014822934645,78.5819861635074,14.740308904594803,985.2372852528124,116.11171420577676,128.4194650362859,Active
28.612835478113933,76.88028533632065,15.77365975306655,1008.0846400512546,181.52719973771846,217.3526353343748,Depression
26.015875280673676,60.39441770524985,24.4090960633817,1001.8581305377521,148.0523998485703,193.58350800462097,Depression
36.76894571838663,98.6289208829738,23.871271693852393,984.8895849902166,95.69201824131272,113.66103831572526,Active
34.91491040567811,71.27528664198442,3.7302267007205816,999.4888298808864,36.78194066060026,61.157169415064395,Active
27.830214693874552,81.16287548365656,20.656549047592183,999.1279798045421,8.882838507401134,8.898625006465696,Break
35.598948120724856,89.73646703681393,28.956736409591652,982.5160142998271,100.9347268345293,130.2601115000511,Depression
37.16581611733888,89.18113712217149,20.477880267253678,998.1176831156162,157.26520081437008,191.87566256537826,Depression
27.65602272692815,71.27502243734855,26.412538651167928,993.8328977752864,10.15605231068188,7.122060278830782,Break
35.49239931033181,57.33154075137908,27.441100658388947,989.9213702668852,81.69903815667226,103.89584224599355,Active
34.153571948785036,94.5052736721352,17.476928532707696,1013.8676482456483,12.06818441671385,14.714809969006296,Break
24.390786148583892,91.94230079187689,12.524719902619903,998.6259486299664,15.193833563012397,18.902739263279067,Break
23.842307290501438,71.31949473847126,28.305464856016513,994.9997343231994,13.216099443701347,13.410627108876911,Break
31.37584419436644,90.03464004583655,14.6588617614008,1008.6118327281549,133.00005086341557,155.2161634006396,Depression
25.146313227109616,68.3354323946122,19.40808118570759,982.2723268042945,111.13181185302365,131.7133022884847,Active
34.34738251812961,84.08378241795367,7.784495140832583,983.8669337023107,129.18647419158864,155.66424221975737,Depression
35.92048364435949,54.26843896632826,14.442706144429817,1009.7297794309211,58.07011348239821,74.72618764356568,Active
22.170160924796008,55.99700919287679,22.325022496341795,999.940179228672,29.945936378635725,24.980983013946307,Break
20.497335604551473,91.1920257585597,7.5849552313254565,982.1269243938684,138.40714070137608,175.43997746580848,Depression
37.47809330551355,94.16932435245113,28.475493625488674,983.9760829315893,103.35069992853819,118.19854670101509,Active
37.68076210440253,85.43102002175655,3.74858195866989,981.2306249651024,93.98991286142453,141.624667679448,Depression
23.091160932233645,53.26349962251638,14.422989590352863,1009.7716372984545,186.2198084840946,234.56607774141094,Depression
20.110315651646253,73.2067593599366,2.690369559793001,1011.8042468206017,174.84997109503746,198.1978328865014,Depression
36.56997508483501,96.74558972576044,6.3487645641077775,981.1856412542362,73.4026433072182,91.98377436774967,Active
31.086285205998372,89.48342313902513,24.7356631332857,986.7873828511921,20.67471695173525,25.48011999204879,Break
37.38126301107667,58.04685056012092,7.074938569852339,999.7938620116881,106.19796578994104,122.41895533549314,Active
20.650747889743204,66.07106389058353,23.37943455366279,1013.6072172515265,12.428305427696477,17.200134493646438,Break
30.47818467475705,93.34367913995894,28.692187098256117,1003.637411945303,7.2629687197903205,6.588711369823827,Break
24.5965812773654,94.22089874223188,5.151526206234442,1003.790919524973,62.40589441956554,78.71395977059869,Active
21.779594092208264,52.1180965976391,20.870444574044654,998.8067188695077,19.03319823505057,22.309992307085974,Break
27.698472364091682,82.05597325259896,28.700022267384444,1009.3868573551546,112.0612746329942,124.68386397272779,Active
35.019611225198204,57.51074477334629,20.444281358367377,985.2689284642588,66.66014284529346,91.64281525306293,Active
30.425960634096043,52.113449711796726,18.429134307358865,989.6100443487859,86.91412041431661,124.23640386313113,Depression
27.520793351068153,58.29031180151462,6.31166372776879,1004.7611696577649,62.54807949795176,81.56872266959917,Active
30.979666870660488,78.0236741086751,27.61148081859401,1003.6054374978404,77.66205748628254,100.90127390124036,Active
36.99988332238988,55.027847718652474,9.611686151557665,1014.2696871131204,19.606821766355786,23.00053040173469,Break
37.00078183721439,63.64608637663684,6.7505102751881285,996.9396762616389,94.53687618731473,139.24457091243363,Depression
26.448349700665712,54.950971144757915,23.226139124178054,1000.8756187114595,78.88641460202605,109.56910481466846,Depression
23.057109799422463,55.31529106564757,27.38878643203151,1014.9177618431415,49.30861990829579,73.96945405641941,Active
20.937605383320637,67.60692417801218,14.002139541804025,1008.8471019046789,99.68345115892062,120.37212030762953,Active
31.42912728369767,69.36089285396024,27.453146356798605,1013.9336389537257,32.8858069335754,43.56952173974814,Active
26.201252100188363,54.38847818838373,15.41973024822887,1005.5048739781422,47.67887181654663,67.501041317002,Active
32.327380625220485,96.62229778425073,6.110313126557373,1004.2317657718403,132.77423363353773,155.9224090433762,Depression
20.40224219168343,58.57564988240111,17.815776787988085,1004.6169334081626,177.16374471961643,208.4629402735323,Depression
30.330457561032723,51.358701814696076,9.37019928027977,1004.8595496999237,10.60108378625253,13.687164105347096,Break
24.24504893419768,73.06352665761358,15.230857788705222,991.9285869104506,20.90052100545304,21.292514358726056,Break
29.189271680995674,57.964804623554826,12.421233117906752,1003.5470660155188,172.4696089087758,201.48130302757494,Depression
27.8112192624188,54.14587603563973,4.860825044996261,996.458063544955,3.734966948038434,7.883750754212137,Break
22.52480984226504,76.88242319938396,18.606966743140607,999.0221310198021,16.327541318267215,19.370352253888946,Break
29.666163542285997,95.39813592605253,3.638034520489803,1000.5909845922015,15.963595806141194,15.305962772255151,Break
26.972001575420464,92.0845884048502,8.142305821827563,1005.6976418835104,86.40992766416073,104.71184974303476,Active
37.29986974946966,59.34172499672097,11.835794428631967,1000.0464331649699,27.88045574072975,26.240819049005736,Break
21.20795230747433,71.08098489610926,13.041636010538198,1014.5270473775391,25.126882040289715,23.76513244826692,Break
21.308310398047215,78.44093658832475,17.643080430242545,1009.7491518488358,126.22359598402214,156.57971691521567,Depression
23.346230808012805,50.239991240868534,16.255183389688618,999.4431533345909,75.07784474947994,88.55335462211781,Active
29.75365897495674,60.987965703135814,20.20281547421551,1011.652401908761,6.498481073282591,9.94271134588589,Break
31.367962737955235,53.93544585712826,15.61780322306587,987.3415480253967,89.85696959985853,112.4514104133934,Active
26.486806188018253,71.34510436614187,29.493697966039598,1007.4370778387721,0.1763870802735279,-0.9426486827162761,Break
24.997025053304004,78.51881001744118,9.014236204803371,990.8921875764908,18.09566470213556,14.552489975429246,Break
33.07648778292497,60.37296007399392,14.124138043149443,1002.6312532893753,92.42713566548832,117.05366418199132,Active
37.321005082744335,61.746459651457165,4.809269489937924,985.1898888263571,65.8770901360981,80.96469443613177,Active
27.85283950008013,81.63331269091998,5.391584755937089,989.5420678103627,159.32512206834554,192.56592442891417,Depression
26.09551450435643,64.67392886795072,7.921168961392903,989.3011231665331,102.02855163933343,123.12564601022217,Depression
23.35544924899388,87.33852223097145,11.113131682945435,1003.3882955942071,55.90376520385355,69.62984928255638,Active
32.32631723870276,59.338865331803504,17.20731254552324,1014.5249291150235,5.036780754150399,3.30498381666772,Break
23.104133117776378,80.0654181907352,21.941263495425783,991.097581927707,18.037081738767153,14.471287764169386,Break
36.226488511057795,58.72232830954713,11.880579753299319,993.1427792216791,101.11492343378546,123.14708910532273,Active
32.95379131900606,51.10643372107908,17.815662862080245,1006.1622534558489,15.975446092695602,12.117930625276166,Break
29.886950146308475,50.0666819745396,11.067789660883655,987.6977009840704,64.15008481928564,86.72207270336605,Active
25.63690057151922,78.50516457736514,20.155883714381908,1003.7298263145614,105.18261187610032,124.4195001576211,Active
31.40819155181004,77.05151445314057,27.963437713679458,1012.6165939547211,57.5183538429154,74.41215893110706,Active
23.358042419521084,81.81721576590446,16.00258540190253,983.6155167234648,3.783482122338998,3.156442294007898,Break
33.17776860442037,84.16943165717088,9.852893631851666,1003.5816892236427,13.421394679142022,15.01269380537363,Break
20.910360189422185,74.66501081194795,10.287793504031075,991.4164771447269,13.779555152958961,15.574628402242785,Break
31.733937629893916,51.933278092379474,7.135656264921739,1011.2735500636345,107.07366883933221,121.72391417665995,Active
27.069503303696777,67.82781118441781,25.31996264130179,981.552140168376,102.8884457137195,127.65107799044566,Active
34.83252726385898,77.74876674262741,10.267895173522595,986.9194260990254,20.00908588644619,19.479701441854427,Break
36.81307676152075,92.71101714828663,4.867217246961171,984.6033828359998,1.0665563264716527,6.040367594609784,Break
35.70746037844156,64.86718737700228,9.207514445507751,993.3504378736964,11.170134551561432,9.352900012756237,Break
31.180401323269965,58.2131831860312,25.687476188488368,1008.434086941096,82.96375473399235,101.02183807978685,Active
34.14560342070593,77.79355481982526,25.998721307676014,988.1421020243373,110.94054681165628,135.48943041514542,Active
31.420156515600855,88.20277949262191,4.3466361376405995,985.6250454712027,2.3841499756348385,2.3249571576760415,Break
26.490529578588443,93.62278156256541,26.547026523833132,1004.5272838841532,96.03196133482712,111.52176484986921,Active
27.281346441511257,77.68523614443527,28.264787566205086,1005.3399955941846,79.38476450247444,96.60077236518654,Active
20.825336330744626,50.36262140075722,29.665902374912196,1003.0592145125594,118.89403417693464,155.8590561175997,Depression
32.493189347407224,88.38550257787547,27.076001414326136,992.4090472192515,87.35518291107788,109.1707111515621,Active
32.59584278266589,60.27858626742033,4.000274724247193,1005.4200262406342,193.9590257058442,240.3287949386037,Depression
33.58428537562654,96.6736395973779,8.163623783401396,1009.272925255353,180.46388743515325,224.37123440743215,Depression
26.23691113718285,88.71992685086278,9.348776483576929,991.500725705982,6.116350278647976,10.144620395916194,Break
24.966994653427633,71.0535699096817,7.664062372431063,993.580966641953,8.857411635387573,11.548348367352407,Break
27.09079361563245,86.47549999793836,7.798020910926814,993.1962423877612,6.813790967755969,10.696868442133022,Break
26.976470013862993,78.81147058889671,25.280197340195908,986.5938168590172,139.42441968660162,186.22466894142985,Depression
23.095467233183772,71.03411185204642,25.31960660027145,980.6731096209866,55.23547607313155,79.86862397899085,Active
23.28556791815613,68.05472215036679,23.08034444609998,1003.0222442533362,48.75466829308066,65.43897867457964,Active
20.935881765403405,65.01816117855569,16.75946980977553,996.2971172545698,87.58166364069803,117.5969255709996,Depression
28.482512899223508,51.33852928515639,4.574262205783454,1004.0075227247877,5.763229175982673,8.697645089703997,Break
20.61797908057136,99.12821002927137,26.224181373598398,1000.2873809436907,119.23569194506518,137.20367385868786,Active
32.29003100349435,61.86570804473757,14.25273682510622,1009.9633366282734,89.54081113560649,109.86955922528884,Active
35.68845305458069,51.691064378575966,13.32124166173118,1007.4657289930135,113.45993536566101,134.00185076293104,Active
24.412771029885384,75.28328715421891,2.905668061729132,1002.6424919384386,27.89954349402404,28.417052323419554,Break
34.334223958633686,66.63272504525256,18.594442140792506,997.3233246796747,79.14982149106409,103.998108908925,Depression
23.719017452257564,75.44204240652533,5.477248408464792,1012.8341415708845,53.1607789370579,67.20828073642431,Active
27.404232479867005,62.1684856703188,5.617149698644986,1010.009519632778,93.11071371676508,104.9445078148668,Active
35.737347387349324,52.98197923143857,10.896455305293914,1014.6903075801865,66.38364435586378,82.2887871141991,Active
25.449596671123157,73.0331872355352,9.049262823272546,993.1198295478881,107.20526967300717,135.0861986299142,Depression
20.80478494198814,63.40044918426118,3.5057533493254565,1012.3530216225987,49.726591108709854,69.90467977192549,Active
30.485930534922804,77.6470374094626,26.062086293079,983.5550250275631,78.44274717102891,100.6120799802195,Active
23.89597550141009,90.14649206871381,13.1898775098302,986.6119849751793,85.72183957830742,96.22598451303251,Active
27.14477691910985,79.20808656380245,22.661517328248546,991.0652742122415,172.1082308468014,220.7250827637336,Depression
24.14566415701722,62.65211029099481,28.314909248148513,993.8568902766939,141.83978430948144,170.40741470330312,Depression
31.76411999524445,82.77829504784867,18.588409191454137,983.4881288697329,29.05988739440213,30.7813742637262,Break
22.767410575924146,56.661337399217665,7.7194132333241505,1006.8349086047251,10.768042807591447,9.820738509918815,Break
36.30036906193824,57.98214339075915,2.800655474064385,1011.811115169719,113.30078762685847,160.91248257185958,Depression
35.82532852002376,72.8447277491214,13.505197339770582,999.4253180266198,34.69664927697266,58.78501131954076,Active
23.36058172778911,59.92003646228582,15.228889207910534,997.2064670694116,161.52637282157846,208.07864869786692,Depression
30.430549832486754,62.34244526491257,10.65895849350396,1011.0011636801592,97.15714349855739,122.00962168238847,Active
37.9967009485282,76.67398741346656,25.14356231001074,1014.658745377242,31.600662713623507,42.10405043833227,Active
28.69316053789998,64.90986490754648,25.66300437215154,1001.0754007144259,168.41826335482529,208.63060225626583,Depression
30.967619454323493,52.41694520890465,26.423705488089382,994.62447215879,40.83446682971578,52.98812878144471,Active
31.89848704821861,83.07204192253874,25.741876543795506,1006.3139235949188,7.940846893084502,5.160003120217528,Break
32.13241303882939,55.22112230794541,14.713736132254661,997.2466148399682,5.55804527093204,4.111207914185587,Break
26.0760305640881,74.96328373243752,20.891063564198543,1013.888229323416,30.12763981205239,48.52710201924003,Active
30.631794078955537,98.60244823878571,12.121393354639714,993.7946634989909,60.58014428559829,103.7642790714505,Depression
24.49425915810785,80.4452430515019,21.257644995273484,996.4932840552077,130.77633095211704,158.40894568798308,Depression
21.300935060741597,87.2320398172603,23.223309759744392,1014.9242738702046,38.09870007146586,52.396911049773124,Active
37.5006764313508,77.92580765804125,12.451328496819528,1011.1050633114461,109.67692001440732,126.90424004562027,Active
32.554510975564405,52.6121831847982,16.95895584183911,990.5442189248677,5.380600777936556,6.1128303534989925,Break
37.70922661125582,64.54792152589809,24.241865218934905,997.1667442522823,98.67174580341006,111.20028296929175,Active
31.366524208389503,54.28320970234864,28.512287129887014,990.2103360513127,108.37406940289185,151.0502701830158,Depression
21.31370731304785,93.25845790716293,14.045675501103158,1000.3452541426977,89.90778836590172,136.61721461552125,Depression
37.62604950061899,74.71371807030623,28.234246220914855,980.0395017884443,167.7997536708176,191.4613666832571,Depression
23.40800756294727,60.57602588721137,17.59293787164664,1007.5469828896628,26.970711816400993,22.99282496560722,Break
22.571451719596865,93.10093195053332,13.170257584436886,985.9245087068747,115.87383544072601,140.73082142164967,Active
34.53787282834604,59.40920845839727,7.9354825823793185,991.9078834532837,80.26229691570623,94.01536422165935,Active
23.71325267130254,56.797399068610076,13.88984737892982,984.7439354581793,74.54627619918855,120.68138615801773,Depression
24.900455654668484,54.0434872916053,20.391024582397883,1002.8831630784516,97.82777134048736,147.6122052081535,Depression
32.211680006157266,86.50375833016645,7.961683996920559,982.757372485137,7.466951555795759,4.81239256327629,Break
23.469577793966714,78.73778453277022,11.18689732357101,1008.7120755266635,13.938812126056334,9.075390490317133,Break
28.670281804193458,52.79191104382372,29.37625833243402,1007.6707245027644,25.826103706640158,25.70964990945216,Break
20.483262819481993,85.39822034191982,12.883546739144872,998.5901367179854,23.04743332938949,26.077353508061023,Break
35.82782164765496,96.88410510797351,13.354592345699006,999.9069185883008,81.10980767437049,128.89418009248806,Depression
23.882353650377674,62.78210146543876,10.316566406702858,1006.8988333953996,83.37946737483287,124.65318259928975,Depression
21.525670518955792,87.08044169716692,21.415923576455658,988.7781446375313,86.5974526810052,108.03001926326036,Active
35.77674103557258,92.60697819272379,29.01672383658789,1000.348471336778,29.330031530971812,30.278586545602042,Break
35.310520456800454,50.44419019144139,3.025685915789339,1000.8853518064052,41.44837074040028,57.38748717760989,Active
24.886291934377837,64.58293852504686,5.451157358624689,1008.2017341390052,119.68003769871457,152.4047059722851,Depression
35.29555488081799,65.59892008239493,24.88902964630691,984.2795498452472,147.90335590113887,171.54249703809379,Depression
23.15920614437893,62.35873722972588,29.264949995302896,993.9003374980022,86.23142190739668,120.94520766212132,Depression
21.334145138947246,51.73710729611635,15.124538751000886,993.9530750631444,76.52556987020469,94.9149856848842,Active
32.09182328821453,71.57224961540052,5.237132869387613,983.5987078331689,83.15527149009273,103.99832199862206,Depression
37.63305000378094,99.01957596803467,12.587957445625836,980.893334559499,69.65218316504216,110.62173641027672,Depression
28.21232079296004,76.55723162823318,6.098526282708397,984.8920081382723,80.11174237542943,112.45737895845606,Depression
30.815163665586454,58.01467369104144,7.896869793710232,989.9010125223995,15.728579501242535,14.811247240506795,Break
25.574250158326205,64.85585790639209,10.562472308585406,1010.9681078336068,99.69451539559998,134.707212704576,Depression
20.256880422145603,95.19510031418608,3.2416379517454983,991.2854444785822,127.67620829102987,167.3100050758061,Depression
29.495363155295763,61.45007128515172,7.6301892582284125,1011.7536474176425,150.83380708207625,199.36479482453444,Depression
28.740949723943245,73.30951150777669,20.328374405360886,983.6224126257748,94.03088176778063,106.24542122898458,Active
28.209208609476633,51.92931004040892,2.49834390818658,995.404564639583,105.58736154066376,119.97001359139443,Active
36.758514732996126,77.64734467889463,21.503092626861,1000.8858601972968,28.893439781546395,25.122195580487922,Break
24.587875215401304,90.68139401114901,19.32071492203084,1009.3352207881725,11.309797060999045,15.528252056476894,Break
20.652541715266306,92.8065110176523,8.462897985257886,1009.7057714713889,5.943261440147226,1.4338499776098708,Break
21.953500230041993,76.23456707096348,23.23543884255592,991.7130050493575,113.27967631871385,129.98218977651277,Active
23.116257904972805,52.39055318512399,8.900876349850144,985.0119126358085,12.473863181087076,17.12138850940538,Break
33.22993588930232,53.09307121916469,22.849680427913352,980.8413494567051,184.13420641103704,206.24010475326844,Depression
37.64579730910087,80.81458951272305,7.136999111127757,1003.767418464194,55.73348036885895,79.49180354599162,Active
34.057927658507104,62.16514381723016,28.566307951642468,992.500515635168,7.161864357334351,11.338196266551453,Break
21.40597439752081,71.37075600938547,16.907163242353562,1011.4542568830757,155.43489242351217,178.03719060221275,Depression
22.10680246478185,85.75959353268246,4.093931166854351,1012.1011402293423,110.28802804890148,149.68594656297557,Depression
26.312933170176517,63.66919590568893,18.16717947972655,1012.6725656845853,50.049672624139546,69.85117391285655,Active
32.34038351267715,84.2595303507182,2.755581004317785,1011.4692735231165,22.960559817589616,26.917251943968544,Break
34.214816165789884,59.7633467595527,18.791216798385662,991.6260710835975,164.28436882818593,187.2720282780361,Depression
27.14151666439283,55.18093938324833,25.438084482934645,999.2605837702586,106.86300845732782,127.15057766165967,Depression
25.10923067023046,55.964979030090625,4.878639728603911,982.7120551547513,5.6804317088957585,4.292859649305863,Break
35.5163188903403,71.21690698981378,27.639357801445854,997.4278318688462,8.61009316527596,12.7148094269888,Break
29.05070328422346,63.45069656222079,18.756929230945854,987.0585002203624,112.46437536091783,128.28987852599104,Active
30.73538047852363,75.03483138976549,29.48509835798812,1009.0879542574809,160.5369797956274,201.35659189020697,Depression
26.06329994483678,55.200862589755104,18.064231354292126,1000.1688653281008,194.80830554951444,219.28616245917863,Depression
34.74988547227883,63.79612765340515,11.819665168060366,987.5865198962695,10.442866425236222,12.016796820182854,Break
20.281651722957186,53.21874417575198,4.790512276474962,994.6647789858581,36.97659388136872,49.83820616161952,Active
25.777508469959013,70.96734969629533,18.630248428040918,1010.2170786583072,15.719226080571417,12.067974544651893,Break
20.467681287064046,57.64029046591416,19.551901395098934,982.5766391536789,3.001298532900336,7.341252199667073,Break
21.987459104140004,81.7285254267118,20.82737622067612,1003.7957120528081,64.59680378236664,84.6865348738522,Active
30.596450966541283,61.17493771773221,25.72186565205488,997.2179133913274,19.70193618670386,16.16894194504046,Break
35.13664810261733,57.31107442302636,26.95762093664066,995.7332410408496,163.31807139878867,209.72680928919158,Depression
37.35462432558005,66.22759530162499,24.36372806759389,987.3725959172438,46.18633335682792,61.39729378308301,Active
36.76445060971626,57.304534988654304,19.7072250637855,1000.7533995524591,107.4594218201701,146.36729766269252,Depression
27.957092787096016,81.43177732848513,6.109860205802186,1013.955756258343,5.607358943717278,5.156709661691725,Break
33.45977498852058,64.08003051176257,2.5566374435238512,998.9427219811513,67.81210987647904,92.3456356331896,Active
32.50293700928111,85.95859614210626,17.755656150389893,1014.1113223802134,69.14509773666373,85.23561083557927,Active
26.658740082622206,91.34619544834305,6.37688219917866,992.0334516272281,0.47084806027339443,-1.635344703669659,Break
31.546048929584778,59.297604900040234,10.475895935479594,997.0115776069131,46.82185813443695,64.95238891702873,Active
25.084979063252128,66.17336673652483,11.84278516471265,982.2161736440312,45.787016248986994,57.903483195420876,Active
22.26616357775105,72.63933183476712,16.433577462844184,984.6684572739994,153.58289605994673,177.0017555006913,Depression
31.824078223784323,63.999377472704865,2.8064383759413385,994.5190735161134,7.451898262018143,10.041242324288678,Break
22.128287163072738,68.49832472029348,6.24151606630879,989.0291540253069,102.41376690406821,143.56943627158887,Depression
29.67243948608379,73.46224729352699,16.31708722251154,1002.2721843843469,59.01277358340972,108.1998327193109,Depression
28.377901470805817,96.32658870495516,2.274627211991338,988.6645438472358,5.085604809883871,7.651629792822417,Break
34.984810539550075,94.02912215604833,18.99128000958453,1010.125499578583,155.02395381097026,195.2368688498635,Depression
26.964350438318284,84.14138222842729,27.127395137386042,991.6400722156818,57.96331712024168,81.01939466937318,Active
23.067797633839927,67.62313921996198,23.676802000642017,981.0647810037649,166.66373813494783,215.96220970472461,Depression
23.89392146299287,57.039995610484524,16.57970589710918,1009.0163165159917,88.6805005322013,111.50717189462651,Depression
25.67337122277135,93.75936067293645,11.720671510880194,999.66643360505,168.9050675841978,195.89605918470502,Depression
36.73641955353901,93.37115609173642,2.50974848688956,984.4998837049314,14.679924948727079,17.813358239178164,Break
21.77755343627039,53.47959236981545,6.301682571011467,1006.7540038986257,16.271818928051985,13.493890998011805,Break
22.644614487810912,78.65674673270352,29.36927979241597,988.2926672210111,19.28151464236674,18.8616608855262,Break
35.56419954654171,96.30037088016253,2.6665692112336044,981.8044205643188,56.941981923387125,103.37957738172392,Depression
36.09880577771598,76.22445937957616,5.835911201331088,999.7801089694931,107.19830620264001,125.46173683918356,Active
27.392769126260088,91.9145596927057,29.46665032587333,1002.5786121805277,130.9151533231904,166.44737303632428,Depression
20.157945591114522,50.086241105492036,4.734656907531441,983.5544811200213,83.4722025576416,98.19827695834007,Active
26.297342618665947,88.11233825083573,18.316267537282975,985.222390178711,126.46652670552687,151.73017581143512,Depression
34.5117737931038,94.42158525720481,25.836087500330414,995.1678432043892,64.33906044540461,97.55866867187781,Depression
32.17514575688731,58.7694292609972,16.369954436088946,994.8895422995381,178.34415223028506,212.7436441961548,Depression
34.888703519069786,90.85636410850725,27.647776038138165,990.4247503950136,4.550008810728609,0.36969658666351446,Break
27.769079312702285,91.41614843209213,15.255791657736477,1009.025033713568,81.41425792084003,129.88070666782394,Depression
21.09406103532926,94.91398537718975,10.524416571730473,997.505182910754,23.113134243749354,26.325886016611047,Break
32.57758619988575,84.60898667718712,16.17469946472042,998.8415265240938,169.68970512669733,206.75880613953456,Depression
36.07771859391515,81.82722442883622,21.301523237712924,1003.3662530404451,22.135045160950455,22.51395599080057,Break
26.391151930967915,98.89880596764837,21.707875183719683,1009.0986794373478,51.89639021000277,78.41378738442918,Depression
21.172470296076128,89.01134583089473,23.16447623299484,1008.4772608330641,92.61707235210346,114.22738619657969,Active
20.772850787618907,71.39930861062956,5.4219243403902855,995.0920135255635,14.273904449838032,15.809555976649051,Break
22.62564428517013,59.2611665415469,7.724498277838563,988.3545281644642,65.56341976478731,85.37026452733815,Active
27.884572096420456,88.79869543749442,22.139518166561214,984.4284419917177,1.103811728916555,-0.11733186335620616,Break
34.57246344088315,97.930427502221,12.364573957818564,1009.4417919556918,26.60797188951516,25.716403664324258,Break
26.68854513642563,64.84260171399926,6.267393761060678,984.8329279810703,96.64181858502572,113.25503504930441,Active
35.98959479868438,90.47492107807807,23.991790594140074,996.0386394677002,14.767692191368333,18.752147532810163,Break
23.42810280093534,99.12962360052938,24.615337360368798,1004.8440427298723,4.510376241952995,3.745617164963221,Break
23.35400257419933,68.19401968134417,5.614697796069734,995.9779114852627,2.762101371267076,-1.6814909018555442,Break
34.41774563272524,62.96920105191231,18.295154610330798,995.5298799326645,176.47987124355276,225.04162379246907,Depression
34.2219712208077,82.97984135294075,25.984364438368814,982.6475638230072,53.21737556929187,74.56846174282627,Active
33.954234103242726,70.24485982195822,28.62739617002528,1012.8389102200309,164.07530066258596,199.77064095777098,Depression
36.636278614654394,91.25194553116808,25.628779038637703,1003.5553185337068,33.20668158511254,57.24150852625571,Active
30.550166278498942,64.90714855740701,6.175783019731059,1009.0333107925264,113.23850298900692,137.04414824382928,Active
25.182306279154695,86.78104888799425,23.714534254666667,1008.3088084993979,51.57619971493817,94.42648827832562,Depression
21.9187540969283,55.84356931102009,18.957494474092275,1014.4232182358855,57.80785975509607,78.95246793315738,Depression
27.736718566544873,53.153758717148335,24.096030636201537,998.5347082776918,68.92326573763089,80.75391916807807,Active
21.41720062874267,84.0030697873978,13.400621738495367,1005.4179027154597,84.94555566376373,98.31695922864603,Active
31.034936465650617,81.41397295326068,22.55499546467155,1001.730596564488,18.958723961700866,19.52839929930535,Break
22.402442080453863,64.37285567520415,15.800525119788382,1002.1649229773891,165.4068719694759,206.6142024224456,Depression
20.722508986977385,77.32971317486223,4.471789403115464,1014.8549750212356,13.652689983192234,12.127267488978173,Break
31.3124212961624,52.14485054967859,6.78534811843966,995.146280418885,148.2848726864516,178.49439481539733,Depression
25.806066259398833,71.22169444287896,6.075897242270033,1009.0898637552384,54.64385573575987,79.42569680083005,Active
34.84643224581501,99.71266595432681,6.70934196399113,985.0344935881751,45.25200379995955,62.350229248731125,Active
37.48333209371382,68.61831491143013,12.404047038453601,986.8260581126204,87.14583416750602,97.78758338226294,Active
37.998068000690886,68.19597884022377,3.7231941134770934,1009.8313111171431,29.563121531089806,27.967628486525864,Break
25.615487763783573,95.29776048746913,18.38279715925961,987.5204910847198,90.36392055006681,101.10769510792684,Active
29.79152442157663,75.75301728789347,21.36295830215535,982.713599406321,29.201375873253518,26.82301497734151,Break
23.831313877278447,54.02582792957559,17.730339874539865,980.4761538407733,61.00760249780129,93.1643759856813,Depression
20.718779406780968,91.76086303043844,7.8726918302798445,991.4908048625269,10.66384920766936,8.019021485584716,Break
24.399910027490478,80.83649676877027,10.923674366918737,1003.7007006765366,116.79421585628157,147.17428824544987,Depression
28.121697347823137,87.42794928353383,27.262168023130474,981.7418518806002,92.30903763268377,132.9953331424117,Depression
36.32029649566927,97.93991310953731,2.7237625875220566,1014.6530535971469,190.12330156895095,232.83830033132654,Depression
21.86183299967772,61.55756837813385,13.036772728338173,985.9537408704226,43.8561593176658,67.50322425191865,Active
36.890069647186266,50.627409959445444,22.368200647633486,990.8222707785264,14.073089248544697,13.340998950289892,Break
29.269528129677894,79.11808578700081,15.036674135461878,1004.5547239171331,77.13248990202194,101.86920025772807,Active
21.079626899447295,74.39788198953744,23.67372779449125,985.2906685365879,6.88235973703819,8.333730145230772,Break
26.027411862371814,95.97794314066425,20.30416259727946,989.7362886847906,8.546659167091832,7.712977668285947,Break
26.365481536521987,76.24386090027912,18.789924033931054,999.8333608812558,96.16242749117303,119.95521430582387,Depression
33.69453574575939,92.5390191315341,9.196174502228104,994.2482184655307,16.547623768447377,12.704747711082597,Break
27.23088655433698,72.92025265152644,25.76157836418739,1006.5527007459857,24.830134067075825,24.34228719985979,Break
22.68361547782846,99.25169225029799,26.89999293807937,1006.9959771628755,11.60310704645046,14.259007684361062,Break
35.9081671206826,84.96854784054884,11.564863306124955,995.1611967141561,197.83107210110586,233.48606355595135,Depression
22.532517629493434,60.98373389973537,15.494439822996181,981.4864818670944,146.03910828263406,195.75115432010006,Depression
35.82536140374061,52.28013619130431,13.845646657508293,1010.0758702731471,2.690978910247639,5.029618750187458,Break
37.90556638511549,90.95693188758162,17.559699140168433,996.9659475089892,3.502589014740256,2.6565233144282394,Break
23.358440710876245,55.12083588388795,10.465148531641018,1010.1171479978827,54.45646648360335,75.97552975787352,Active
35.352638447212094,88.9446322551286,19.669841788695496,997.9888279382926,25.239250544991055,27.01115148475891,Break
32.560484572899355,76.79679965645356,26.78641155791283,988.8205156787668,99.98783127099202,117.37906471293209,Active
36.00585224163544,67.31996598814261,12.341244726950054,1011.105752628532,59.29194902219781,70.14098600627979,Active
34.99748577907725,52.258387824873886,20.29122286554827,990.9927081746946,23.376094102953235,20.283576740011263,Break
32.49235902484217,80.13164606428174,7.166981420626035,989.5621227117581,9.414563409814848,6.866093705330162,Break
33.53300679907372,50.87962439969574,9.504328498410109,993.1388327227911,23.609702501544756,21.95233624933685,Break
35.8624915098069,80.74550429009705,25.026178386748057,999.11976866766,67.30853435148856,97.70034139299183,Depression
36.18360127929068,86.15707152937085,2.8148406370433445,980.8084885698487,82.57330002365975,132.10079301839846,Depression
35.150153766886795,89.45024422803473,11.246026304480768,998.7471078496532,12.146792904691988,8.849287164309409,Break
23.647138744255013,95.91513710048864,26.031832239966743,986.9665507037123,26.269601630237577,22.355233077265673,Break
34.25119207399375,58.53772754980982,3.027823518529595,986.4951110960767,23.39134575541155,19.55969311951836,Break
27.28064481500339,52.09750757450251,21.117072165518856,990.7607358236473,23.68138900385773,20.36241450190953,Break
26.218034944499244,88.06357148126801,28.718478009339805,993.0001882726357,73.67013155384987,105.43432930733437,Depression
35.19452828045855,90.34356966344397,19.49427980534815,989.4278990820943,68.60044919362139,116.25605940719868,Depression
23.112767263510015,78.64433005899532,18.361839675499162,992.9361904418344,27.426263690424356,27.48631703809373,Break
29.786625553608516,73.58264006641943,9.52932052772148,981.961019663712,19.078506913615342,21.899519168456408,Break
29.590847503626982,81.24115710467188,29.666426388623677,995.3446602645669,110.50691191949414,123.35685955752841,Active
26.18199709929218,80.67463859259898,4.679213804565375,992.4098737390652,112.3965055845027,135.1841651288408,Active
30.43698934280355,76.01731684357871,28.06032224727112,1012.6349724042585,39.598956266672154,64.06160018363943,Active
30.319159836927508,57.5517496248463,10.720390681304373,1008.0081974876607,78.22225228198334,101.3077214438375,Depression
27.753939420274726,66.87073543432172,20.36568586949526,1012.3836445432908,115.05905939690244,148.77805333680936,Depression
29.916995489130855,55.2791356452214,29.75925216538912,988.5447887282418,14.750633581013139,18.476755329788993,Break
25.425170793509285,57.96308471705472,5.942938107746265,1008.944811346675,21.712391562233567,16.96264257787223,Break
30.271595285810804,94.20972356141846,2.4868848019121494,994.1813736330337,118.00736704307717,135.62077077973507,Active
29.94081954410482,85.61813317214096,15.567077471518108,987.8599016746863,108.16188070911316,125.24304822931336,Active
29.255729140591153,91.79031848089181,22.679665947242263,989.2802150775954,160.39947324957717,208.49397069008944,Depression
37.27553787920642,98.4484065160998,19.517965589670617,993.4649077452833,107.83220020106043,156.120863843129,Depression
36.01634745066301,76.18298310314393,17.036204024629875,990.812212235824,62.70004037246379,82.14355129999537,Active
32.129083301005586,60.53439585151507,25.434287654678773,990.1477982781832,108.55098710179311,155.8409362500666,Depression
24.05997193886524,59.46045026528882,19.273231613112646,1007.2782677406162,6.893870508157781,2.2728141369977424,Break
31.12919878143809,56.55186126827741,11.608938836905274,1003.652466378493,14.573523430656971,14.585928204910504,Break
24.305182307432773,79.50466997440039,14.412007610218707,995.6352544596456,0.5078805727660518,0.7288329419139414,Break
26.03446104260596,50.065993449216485,10.622423814534097,989.7519916581415,3.9555596893019085,4.032397935652753,Break
32.46392634532634,81.50927845272862,24.505138531937337,995.8202900795478,20.093610095322564,17.782441218115906,Break
27.38536592296353,85.49004660345702,16.356919971828262,1012.5747804090917,76.22553731993168,106.38311647817889,Depression
24.03510098144423,67.95549714837986,8.450495026248673,1000.2791970880329,20.499109578120645,24.417026692952223,Break
25.679854525608473,60.774281097149235,18.623487406843964,982.351898433595,95.68866113783767,116.92779119019923,Active
23.53050829520969,73.41621536842776,26.131187663088877,997.6413302670065,12.5202100548,16.14438545749768,Break
23.83291185738217,69.52871887962344,10.90614324398764,985.2888564702673,21.95903515058136,17.387408362471344,Break
32.16423734530373,70.73450770828931,5.474712531071106,994.6967641694464,67.40035789109848,83.16544331047639,Active
33.29104946484904,88.71077790831794,18.99680232276731,980.7940394763857,52.14361550610505,94.11960038513581,Depression
30.73447564794862,67.20859415839097,9.883286149935374,982.5791938329652,112.9758173532615,159.66722895699343,Depression
27.872503248127064,53.767205878657535,28.505884362018673,1012.218733093387,80.81143127464003,91.92227854209557,Active
28.671624364208178,94.78717225621563,7.268804683691468,991.5916070253286,4.803847205539206,-0.11885012105730386,Break
27.61604175792415,56.8608615805033,6.494431627859354,982.6918723557367,147.7661718228655,168.64403509788545,Depression
25.25473947931532,77.25867536163099,9.76535776938752,999.2848349170839,7.7270317694855075,8.166015976616983,Break
33.31192067722987,80.25015306690165,12.97957993963007,984.1413425551099,90.2792012150641,105.13494442240561,Active
29.164864325773856,83.69070728818403,18.488710145682898,1000.1698207649293,130.26601700009053,165.6112679430597,Depression
24.78221237905107,96.78999157646456,14.821736681589385,984.4656933750582,69.05798753570059,104.13393806341284,Depression
30.10295926741182,66.88778807467926,4.00621719848157,1013.0226237471634,25.004163050401452,26.879987484478328,Break
26.40990619134127,62.055522384260925,8.226960194336902,1013.3260843109698,158.72470602864632,205.23858555094063,Depression
36.54193093542309,75.5778098259656,19.613671337504822,994.6564074272075,4.499310724546341,7.338434530418677,Break
25.98405892845749,79.56712948993209,22.037898609874862,1011.1164741191557,171.73380360935892,211.95224115921667,Depression
24.352750681770473,76.82256280211165,13.251865480626188,1012.860092175248,44.25503350682924,61.78726029638402,Active
35.526022985429314,83.57483350162309,25.588658130762376,988.7639759852974,123.94886436567977,150.2036986143076,Depression
22.931238355023705,52.117487373820715,17.646882577713,999.0600232021092,62.48743103876446,74.6722124047298,Active
25.982069243965803,72.76321736875913,16.93540650407379,997.8783225499038,105.75351887006528,118.30503756288783,Active
25.688923313039677,94.43042452177258,17.692829727633246,1000.418645462935,136.9974980678126,164.12156528449495,Depression
27.17532130959335,87.91528567566466,20.224737583468347,986.2229418497838,20.488847806261948,17.9996380465554,Break
28.99406438712296,87.33733862562971,17.754669858377326,982.9155904089129,161.418625212455,197.8285007226106,Depression
24.6192824704741,83.55450872479594,28.82155142492414,1006.9372938376995,75.71483067120771,125.2462700497658,Depression
28.4338450962465,93.36727523510562,25.765069066727612,997.9031845112006,145.265080622679,192.41587854597495,Depression
32.563568852118564,68.54773232045102,7.075232165636685,1012.3626617495705,2.998107197058586,6.809999566001675,Break
25.475681326430067,82.71966824152874,15.650063801367835,992.8206100841819,66.54395181892117,86.70458201986636,Active
33.09960291191452,84.14708473126652,27.295206745004656,988.0895802262099,72.46586773538525,95.4986290124027,Active
27.467263456576816,76.73297833745426,2.5654578463613213,985.5509302043315,46.9768359104389,67.31595164736312,Active
21.18596850767419,73.42550249599122,20.552331402470568,1006.8085359956931,26.109871036622827,28.868485423209346,Break
21.51181102500486,94.51545988872822,15.20948023219506,1006.0351750710099,117.67518744325584,163.64431506170115,Depression
22.714929877898516,50.64287670584875,5.07941860143168,992.7280690016063,51.57697556444326,63.07724691480809,Active
32.454380479152114,51.45199511046097,19.296734017499944,984.9247740788951,63.80279588683297,81.34885391116896,Active
21.39166436388778,84.11527314335305,11.842211232260457,987.8665572278541,56.48347271266685,86.75847250291098,Depression
21.383290313502215,69.64722196866799,20.757937580517044,996.4461467814504,7.348171370809689,3.3496042481932005,Break
34.534977169819896,56.76199139923613,18.670454263369017,991.9959144756097,145.92026592381558,179.6303352051238,Depression
27.202618411122064,79.64260024461107,15.75549359772002,990.6219472993047,90.25487188956251,100.65526926836532,Active
28.38569112033816,52.88416422917719,7.21935159390711,999.617805692729,50.315769161675206,68.20839897171908,Active
22.304289173661854,73.73228616379443,17.627961815282383,995.607338598297,22.327057753117163,26.36046789018511,Break
20.152748217501973,60.834212199450135,25.16122799886901,1003.4703017789427,3.2899148890032572,1.4786877310650715,Break
23.17395536782472,70.42053939240962,5.1258272407846,995.4362182045967,5.738795226063217,3.472091057309846,Break
31.526252233359266,73.41504737999792,26.02438241191315,991.9833618103216,124.71807746387937,171.6481278468964,Depression
37.395021189167124,68.11232260269247,20.22893234408925,1003.1774416265039,91.05432739495234,119.13470376678546,Depression
34.74773772224536,85.53336229714176,29.4850639652964,1004.9029515109137,37.3268788524232,57.65319904607069,Active
24.08164844499941,51.75926713708093,3.6698512902425255,993.0732736287847,93.43058641029542,116.19267577980716,Active
37.178814803976074,60.54846448558497,16.11001221627884,1003.8194196675569,66.62892799111125,83.09552530129432,Active
37.42197769881953,84.07035300192189,10.825875720510801,1005.6850954571947,3.771447233540286,3.5250508080967773,Break
33.518429464491454,68.88299554436605,26.3368759773256,993.5433446430716,75.38713961643418,98.64380034961364,Depression
33.4872264898865,65.25791652686448,28.64198429836587,1005.0011289713631,93.43141216905573,129.142363757195,Depression
21.42460402900777,55.88382563226495,6.92402067685339,1007.1153257656596,0.31701368323328816,2.0521789579543777,Break
27.62642321588895,75.5426182481899,7.995254815562196,999.3123779937936,80.49261280161664,117.30627320359812,Depression
25.807301196261918,91.16248013397652,23.979700614540114,1011.2053195285339,48.1993578713076,66.3436069405293,Active
31.464181498978647,76.09137371819224,14.154139037513747,986.7191427050733,73.60065587000716,112.06043633855228,Depression
37.91171076703726,58.88766018077682,17.29979987799029,984.1904629899963,130.32625834467467,176.0602864631524,Depression
21.046720170195222,76.32578082608151,17.103942408134618,1010.1245711389753,78.8713048105451,106.79910114603477,Depression
35.02758359599967,81.95162487733487,13.364630727442274,1014.0032359478755,0.17825267533063238,-4.344663910130647,Break
22.656922744836596,67.44310483851365,25.237704867634843,1011.2429668367419,128.7631768207969,165.36652177922787,Depression
27.002564373218796,99.90989234430475,29.342201328417524,1013.6610881846608,81.98921964594064,98.5690999120472,Active
20.312226683366923,99.69988667068355,17.219126656455984,996.5770764419614,156.89091103806388,189.574381255032,Depression
21.184224356295655,90.48484685302938,28.67680044754117,992.6862141080475,127.5522085830074,153.45280160681324,Depression
33.641233272784476,82.05998166160741,27.860874703381697,1007.4045925043008,190.36294572073024,227.33200378176457,Depression
22.310703173586198,74.94905025968808,20.301820457481398,1009.3389028035858,97.61242005745778,122.2777909798289,Depression
21.328915559489882,86.91773013541413,24.264431076032096,994.3280594424858,193.13555474819478,240.6359945006046,Depression
24.198786234506777,89.04038238749035,19.435611094522322,985.3977958691873,76.62094119612237,105.47562236077754,Depression
31.075421163920332,68.76327355217198,13.033666555404,998.8876552416017,22.262777776747335,24.224237026132748,Break
36.03221472089847,85.81655136283476,29.940771830396894,992.1977029941057,11.775129518874321,15.717956705711103,Break
35.24161280591071,62.08121358811921,21.368879953105214,982.2810198564023,86.29471534050337,102.176737777045,Active
37.81186614730778,73.94164079158408,8.392964866314395,993.3650168827642,44.43293189144167,62.645258388683736,Active
26.273572078064422,71.71694258241459,11.38512761812552,991.758573686843,92.88542313334912,105.31963549805948,Active
20.223489605049622,58.56413181460756,25.468925779200678,980.7573763730808,64.28511864064264,80.39813434294732,Active
28.73198251492711,83.45055123647694,12.351229916638424,987.4597986507259,84.0547751423403,120.65654834923322,Depression
31.597186817500017,58.43141054425477,29.334475187627284,997.0854584630558,19.166332692786018,16.073492795083965,Break
36.43149280984311,73.30572624697379,11.116151328181195,1006.7935966041659,68.86675791642332,84.19631193144177,Active
26.08777837981522,66.85356810452916,2.8755985769234873,985.3240741053094,21.59490935249861,24.93300244122723,Break
27.11072964226697,78.21089885166828,8.375225526028757,1001.7769176198046,37.088483974173286,57.133401398666436,Active
22.48045377826282,83.55930610795909,29.416941921601634,998.6190430515934,143.79256263193975,179.18045326567824,Depression
29.596524744991626,73.90534730599984,20.86473607881956,1000.0180876842451,105.87989609187623,116.03900744243103,Active
35.50982879894687,72.56338976856334,2.112707807911181,994.0575812024215,72.61984501925143,94.47893799384255,Active
25.042028641518176,91.85595625658316,20.036219852951216,993.9132815187526,158.04864159896022,202.94737916761977,Depression
23.609171423915974,94.44439698282413,11.021416618142958,980.4691684988197,114.7639142068254,134.59728716808564,Active
24.165859348341645,62.58722321412652,15.064600456197347,1011.4240877860497,77.00254719210885,91.79232208957652,Active
22.59963047917598,77.64982913444608,10.005692124141964,988.1550171433149,24.066639569139053,24.36146839293299,Break
32.32008287233755,81.14146184805898,6.280887678054297,1009.5676626101347,19.58454070961821,16.906029511050708,Break
27.86071854241086,92.76151816720343,6.97436541987949,998.6228199739014,22.436767620782497,23.00491880047643,Break
35.89314420525495,65.36863596020224,21.37579061758884,1006.3532009882089,56.52802780336441,88.54138459692095,Depression
22.346570435184038,67.49365453500769,24.152471238521912,1001.9227520566831,21.281722357533862,25.632164321441167,Break
30.17355538119952,80.5717118369737,3.9301156594744944,1010.2566916266239,18.451534965856947,23.24265666330497,Break
30.71904681031054,86.23547437321888,14.468949310265053,982.112804523027,55.249826189597854,96.26956105623347,Depression
20.412588316693466,93.11526182883352,6.413809003323456,997.9995023404892,71.17908666360708,86.2905390038404,Active
28.42065733125749,65.57078769405794,14.26742571826417,992.561954684931,14.784752276984577,15.513412316653103,Break
22.995563339404146,94.71678043792647,8.47540039017516,986.6376670506838,151.9331178660933,188.37215176991117,Depression
23.05204389866244,90.87382196524604,12.328769426472158,990.2830710085427,162.58960437609818,211.71781288628674,Depression
26.591542954280275,80.54868233979406,27.478031571362052,1007.6811130115084,99.84440629824422,119.05000352598788,Active
21.25114033727348,75.42889609343575,4.308826183550709,1005.7581520603128,150.8602323194616,185.52419458069883,Depression
21.60705937302469,69.37208086776174,4.645051302270527,986.6762641093184,5.439392444539866,3.7438659845234747,Break
29.687931807181304,95.9638605591366,17.129152282777547,1004.696123947752,132.9064355250047,165.12950510798902,Depression
27.02068899777749,90.48768587178319,13.412753347301075,980.9259076918148,68.34506919281156,91.68586754404734,Active
24.227124887640535,53.653632612663614,18.501760142153564,1011.0117794066526,105.9900194279404,127.47780398849554,Active
26.824507683906663,73.93511004253928,7.211700322306786,990.2204935154257,62.07370646639209,81.66837309543014,Active
20.62501162568574,84.53076000754135,16.78494871850716,990.0998197727009,119.57325781514946,157.84687648154835,Depression
20.11681138496595,99.48614452331532,12.190288735313201,1009.6833132330393,168.50829586063264,195.37904823938672,Depression
27.060467263884,63.43157758095714,29.563648957069862,1009.8968755681946,148.3773422860811,195.71469695871008,Depression
21.67840854598445,63.175572532445244,27.264623256378766,989.9520368436928,130.2227247414716,168.11255289158748,Depression
27.484200228390556,64.99957352768556,3.358936620430731,1006.0498328752957,105.70445284701034,154.03899609981383,Depression
32.69807961871406,87.71005459962224,8.78781866017007,985.9003701224167,96.02571960539275,119.08367680880986,Depression
21.128988636224992,67.44333608975887,24.532637813474334,1012.1553312266841,112.80007512746894,136.4159552744091,Active
29.490045528807123,60.970781927845195,24.345304319430973,987.4799541198403,17.74001737682245,13.952050150539378,Break
23.312537564284316,97.71776726624222,22.66872039950531,1005.7041779576745,135.58292824249583,181.93299641912344,Depression
23.525699331424473,58.3486936836277,18.116159519555765,996.2165115541195,34.46514629957386,51.95832764942959,Active
24.54066938877628,95.55327646369352,13.157789839646432,1002.1855356118227,39.9668808172067,54.299647667181176,Active
23.7419849947366,69.82818583985404,5.114064100062031,981.1144610591834,59.8196528221469,91.2310209333011,Depression
20.064915849916307,80.76137494828353,13.911624492333894,984.4457269425201,105.86751618437069,127.07107101470353,Active
23.627486052528365,67.06546202449468,29.065219783398,1000.7955775257878,33.98198421160275,52.01940180334438,Active
32.71217067622024,56.52606997112649,19.89047741195099,996.6931718166337,94.57262483397703,114.43472486185142,Active
30.2680952277022,99.8683090774852,29.452856783928166,998.8340293923083,155.39591960100262,205.39366440599792,Depression
27.835243966915975,71.40464383124718,25.59247462414269,1008.1926088940952,105.78070306547482,122.91025818548913,Active
32.92922493038437,66.84409822382901,19.494592016531293,997.4430005907822,68.55152554318356,85.5223548861648,Active
37.597076615427554,83.89990076212922,13.402899683337976,980.9120260094958,4.9669054525606215,4.016042147268988,Break
36.188429521688555,58.30322222009703,20.56948310975351,987.1578629694584,87.35299431601561,135.52891730078846,Depression
34.56642506156268,91.03127965335973,7.465426799725915,985.0153597000827,55.597799536259664,98.66050883220092,Depression
35.06779103220024,59.961838174277275,7.640431009631092,981.4712740766647,197.47434348671126,224.81869542523532,Depression
26.77467129136882,65.05435902326069,5.069499617240064,997.1462949745788,13.421054339756163,17.156996272672398,Break
29.30646551993858,57.21266345389054,19.424158523453965,996.1780838067731,18.49068970797075,20.340989200662634,Break
23.55981729711533,90.96730743608856,27.51038368407336,1008.4580437439837,95.32782649991253,123.65369025946339,Depression
35.55969731339786,50.168647177527774,7.635088505337414,1000.6656340891692,163.95674905084513,206.80017651465877,Depression
34.201589381341286,96.50134189440811,5.301376730967958,988.1194744744291,132.43300599295964,175.9639243561946,Depression
24.846197214337693,82.6771073353267,10.147314160968232,1000.5363416911142,21.22615468844021,22.44498630298954,Break
28.928592018945466,64.93419919070672,5.3388575169393135,994.3176612098133,118.81332979841814,166.96581806714,Depression
21.933171626440384,97.49512972097673,5.057518783909709,996.1523529457968,50.94373803499843,61.465512747879444,Active
34.275992150507975,79.79418188345049,16.38979340124034,981.2020184523626,98.20308287029044,113.62844503979424,Active
33.28790240245375,70.08726027124892,3.9854218252915685,1006.8627343388378,78.39593137048809,101.25219403770154,Active
24.87705454698097,87.77308565491231,18.08787330248133,981.6946757033703,5.517313953703946,4.109049832491507,Break
26.900329416774003,73.74641765141924,18.808132396396967,999.984217837437,97.59296653838477,112.6877442136391,Active
27.706689955862338,70.18368288120139,21.954514318108885,1012.1228469138738,120.73738941413488,164.1135428563014,Depression
31.537483834198476,53.03051785589067,4.678580419727567,981.3270930425772,67.50472034757442,86.77431605028403,Active
31.97679876472714,98.13684556986283,6.2881463425852075,1014.5020782819144,67.55622240326653,88.03798708366995,Depression
21.926192106879576,64.62982218119714,17.450121780225878,982.2400028963335,26.891696642580783,26.375858722271335,Break
31.824273907275618,87.23445108188902,14.710321627661884,982.9208240508227,2.9006914901322913,0.16529752771284034,Break
36.15869407650645,98.98458732179142,20.134468397928252,1012.0888152208197,54.97947291582048,104.88235046541274,Depression
21.78114143035763,84.13209007225304,9.07941368609412,993.7193389517436,158.22710965181219,187.97179410598787,Depression
34.20362272873544,67.05360797850345,9.170998564817527,1010.7713492062052,13.756463144382003,10.754672347795644,Break
34.598289984727806,57.859123580418675,7.892942079976096,992.8104687144053,154.4229713810086,181.76574590381253,Depression
31.679269916501266,80.95796863601004,24.98362258020328,986.2346408948845,115.24386595268253,138.60305506729233,Depression
22.538894424497123,91.05392887234251,26.804716652008842,988.2139236509838,34.80750047410596,53.93196468023441,Active
32.8763578250037,68.64049946016027,21.030924289737907,1004.9535585445834,35.838627405159656,48.723003253625855,Active
21.233467776745787,93.39969666680553,24.19244048093992,1000.1124724717644,103.24219595341467,125.43454687344959,Active
30.56454841862155,88.03239697890129,7.0926595482444466,985.9355100287249,14.944453117037007,12.403825259565497,Break
32.39714643691383,94.59375834671104,19.705034086438996,992.1570765029006,191.21385077268195,237.96989690412173,Depression
30.376277416266213,96.69467190749316,11.046484924247464,992.7974756946473,94.7586382804821,116.00016415147374,Depression
20.586831896926057,63.93474271514128,16.854170802507205,999.4730023755894,89.5914613968824,101.96065698320892,Active
36.27494631120935,61.53173228307067,10.159263456070855,1009.781721275285,32.15963512200657,49.578428890046254,Active
21.521780036842216,99.26723593436553,18.467123972756866,988.9786416163843,29.215207949256442,29.274381348863386,Break
20.797574279755345,52.36903665280253,27.402739145766997,1010.5677781345552,19.542010761027502,19.89105860292545,Break
28.268234683892146,95.38154766673534,6.700609230319697,980.3383193341564,86.58029340284637,109.85953405948513,Active
34.35271883794059,69.08055369335801,10.062223531704575,989.9928657058846,6.133539786975901,8.009590796913834,Break
26.2867683052575,75.59138803312773,28.148277115836954,981.3073072185534,17.77991850400484,17.641989152971142,Break
33.297965861735264,86.86243943783683,13.97356920724688,984.3554283766331,42.4130690787333,67.14032722820589,Active
26.65559700704184,81.28989198106154,15.723608117424705,984.9989897725868,114.05587186157142,126.21871382016371,Active
23.67926794577965,62.31328619903928,28.124416447651775,1006.4499946760379,82.6042388027004,97.5327500804572,Active
20.483335172614563,72.21556327333677,4.96537741289378,1001.6706008631946,26.699924477433964,30.981246337588402,Break
24.286197285699494,71.19289470846358,2.4095990977419603,1010.776258074277,107.53273311084249,122.47354294064144,Active
26.626404619660487,51.95661272419297,11.152606113428948,1011.0927288980442,70.22695437780857,97.91633577563695,Depression
37.52312930432425,69.00584294372821,17.847855471537372,1004.6501990833576,91.06969871028683,128.74985004880327,Depression
22.55792527698648,62.969580371042795,17.294943092880878,988.3133064646825,28.071775471752424,32.282119337205806,Break
20.907506101343046,58.65422864102009,5.906013200958222,989.8428027047531,115.12681836580695,126.38937491421001,Active
23.810074886081058,54.03616522914572,29.45078976204422,1012.1444728183952,101.22073716176727,119.82815076552512,Active
24.77551466216754,83.37741361671686,12.121676039026934,999.0705649500007,11.435250028955403,13.624029832896754,Break
35.90977001574587,50.26062592384625,28.141262538450285,997.9030297629129,187.92879192787174,216.72214830187556,Depression
25.810983009856443,53.297044402964346,19.22132855994024,1009.7234827504419,108.31287049965634,131.69926316269692,Active
31.58732825079044,76.27446151046587,11.279006455502454,1014.3000145459766,21.472321170014016,21.690209341387458,Break
29.37079670245366,53.685490933612186,16.341445349268966,1008.7960410863823,3.200471924452054,4.512124031442762,Break
30.230250514368443,94.5156245474071,23.034832845176403,1013.7841654207859,50.04952388892146,84.21742771277792,Depression
20.527286690096673,98.72662768311872,8.217824887158976,996.5432655277696,169.33179146280335,199.06693488140365,Depression
35.4254390359214,80.41576830116072,20.861733935476902,990.2085812363568,6.236576157581264,6.684372311282261,Break
37.77167988557532,89.60096039700676,29.81429002469849,1013.8904410131059,65.90566340428872,98.0165564102655,Depression
30.2826242293468,50.3825622830609,20.28142695240221,1003.089602884609,161.86269949764153,189.46677373492835,Depression
35.76258871296618,72.99112154545895,7.885182901403224,1010.2895558625955,104.01979121840341,128.60419498023842,Active
26.9707126209174,65.48276371902305,2.8584657242055247,985.2506776626452,33.19226268074999,56.14007290627083,Active
26.479307447896797,81.9669381750703,27.821592267399186,985.3097315426364,164.66492935552878,207.3924443371005,Depression
29.46137446279107,81.2369729953229,23.210755835719645,1009.4359673215095,53.49834973440126,78.73501459511021,Depression
37.77654334769434,68.04424562471534,24.973982588598687,993.163034949246,28.963186803803225,28.31854923799489,Break
30.068285453269027,81.43197449817839,28.175374460906593,988.9860430602096,9.741606846694275,6.910938648518469,Break
21.528566102417855,81.03554318679744,26.698393408403916,992.298751109558,146.32006929411736,178.75957462797348,Depression
36.260261306589044,68.13775806005883,5.500302962515622,985.0407125318095,119.16525497228446,140.51695207696253,Active
35.0649084492389,78.59913426720064,26.388400047024977,1002.5921688708223,24.533336519148843,28.223058169788864,Break
29.750008859283263,66.3637596665725,21.648608292896213,995.3668563982989,108.59609822065086,142.75423607734461,Depression
35.34926142317477,82.27342127590839,3.253626430506662,998.9759468656,45.15726961246269,65.11298209423472,Active
27.7289119399796,92.43942938695777,23.791440854225804,1005.3533718030822,109.69405646676722,136.59181137313405,Depression
26.082225663951135,99.90873689462325,25.1116042520667,1010.9365635236038,60.68422922827761,75.1403835952247,Active
24.21312486629735,91.50584556540613,21.02745214398518,988.2660193869007,129.22100859106305,175.8828404476145,Depression
26.850190393049893,95.42620152502562,14.35829168895411,1006.1230436177324,93.58688433569934,142.80539056543216,Depression
28.127213103344122,55.57985100034826,21.20282465281725,990.7155752363146,28.341271524762366,24.465318637541856,Break
28.13345597241633,59.620551894356964,27.03501275514253,1013.7603065030578,25.490238544038235,30.270582664983372,Break
22.842946740866264,76.77589091934541,29.057336146558022,985.4803481662638,16.97183734032877,14.946972391466547,Break
30.521108647699656,71.98211602624232,10.461348753985453,982.3514818783366,166.68522417305556,203.30438581063936,Depression
31.653958192691654,66.34100661001045,6.519085696854204,980.459083652072,175.135764446096,209.4227488516109,Depression
37.7799199784682,71.98086150044324,20.18826644929949,981.7627049647689,54.0466065453617,67.31081691209408,Active
34.827137842415056,79.09301753423313,21.856400639641,1010.1042154489095,7.484507595923459,4.293532470502588,Break
28.315970170291074,51.753563973926624,24.168100683778793,1010.9315999592034,54.11955221072484,65.9668843205567,Active
26.87859538255799,91.66678102526267,11.73917850601121,981.1989100769324,27.95767307056761,29.237048003562208,Break
37.89311570089599,76.86782023864436,21.883104973373968,981.9673345253178,61.37800305201459,80.13410643112792,Active
35.67138227717586,63.43375229324498,5.394352341526426,999.5591311144186,61.33938127424019,109.43277395859292,Depression
25.210085497478648,84.46420408754824,11.4671057806117,1013.8714013180593,52.026102951148246,75.39285306794889,Active
21.97787545523362,51.973378153716766,18.875775543373532,984.3192508822917,29.41776371414362,32.463350858829926,Break
35.48030155237181,67.98183715895013,11.096824981474123,998.0966924141546,10.275705221002875,14.806448443223502,Break
24.36176416467305,73.57581856980258,28.266222171735002,1007.6213228353761,1.143948422744181,3.338842925338268,Break
25.04477540313971,85.72480763921747,17.54238701323895,983.8082586580523,19.168669906030782,22.958158931984734,Break
37.31464564068891,92.85987936122771,3.680610332471581,1003.2579701543793,78.8313183067261,95.43460290129113,Active
27.022037841810796,83.62835975473115,21.334185696311806,981.6072019631943,111.7646825339566,134.67144736888164,Depression
24.24621560056919,52.58208986113783,29.894778761276577,1005.7795021039445,162.32529288450755,191.7620063652764,Depression
31.399888382571493,84.42622010539324,20.435915237519225,1001.1152788367033,23.465821081393578,28.023938513137324,Break
30.444163167079207,84.09987236403668,11.449291461026846,993.3534693131108,113.9004928366017,127.97504479778316,Active
33.36419481850736,54.13659036605026,16.654420129187187,1010.9389195306554,19.049852106627707,16.966383960574696,Break
34.24758713600406,90.40551733071717,14.986048761149886,986.3283722263172,102.33348816149555,127.02198441095422,Active
34.31585637214738,85.37684158134981,5.795256741122415,1008.5978135604593,171.9576810714962,217.3018510825762,Depression
24.655137883588573,66.28223884749464,8.61491509602321,1011.7933891579943,151.05716957465228,180.45690656367702,Depression
32.62735598801267,69.3965268827436,2.0049144440218525,985.6912146300584,83.19558702440904,97.59850633692828,Active
22.68827210575052,68.42883469190689,13.625533895973458,1002.0039516698612,9.390276575906798,9.44573595558844,Break
31.702551223645354,66.0991543642062,3.150780829884508,997.3482533803922,139.17475486246377,185.69047277046255,Depression
36.392199318529485,97.93923023625155,23.65131225823968,1011.709576719062,167.55835361508383,200.96281766766145,Depression
35.55372663381098,85.18767540807545,2.641481676952462,990.3036460078733,22.393792776653328,26.669935128133893,Break
31.643484032309992,98.51468663743762,11.650847948351338,992.2474986819992,63.27324498083568,75.77979243946488,Active
20.20696350315136,81.05672253359744,13.371466613674826,991.016477250127,15.668684199335157,14.268419381101852,Break
20.288655200551624,78.12244706357095,5.4652986503523096,982.8014463432004,15.197960885503782,19.10262346174769,Break
27.811628321368964,65.55014065765457,27.649362933814018,994.2380797522034,10.479811079277336,13.914636007420194,Break
26.502009234217155,63.02437895286745,26.011487558797572,993.1128582078642,28.391455424641617,27.16963826309067,Break
35.69696176483088,69.68602032660975,7.025849562794146,980.1206150321905,111.99688421016654,144.60386319421036,Depression
21.589084974528497,60.09704322559913,6.330908487581555,996.8590719031538,51.40385825488427,67.83878491448674,Active
22.198027184587893,72.84177151564454,5.7335889820346715,998.3171973046703,16.600283244425043,14.052479028298801,Break
26.368327738440293,81.92863688528162,18.513151698101105,984.7871175842466,18.50515130352726,15.231009244019981,Break
27.434978263161163,74.12377222089162,14.858646958194546,1014.0879268333374,192.6452279678599,230.10334438768092,Depression
34.32309886945709,71.51963090080378,14.707460675195453,1010.7764274655539,129.36853085311748,160.30563556984504,Depression
24.789427585394925,79.52549044053146,6.246847935214211,988.6171668978074,21.244550632218033,24.031297281159592,Break
30.15064024257734,70.12275891394847,29.07644768637124,1001.3965763655998,97.34478369575311,121.59019640954129,Active
28.988849821774245,70.52484665614449,4.184523572020623,1011.2329629727802,8.08315472244275,9.070388133010054,Break
27.990805694656025,79.8480143422764,10.144632502838142,1005.0407837277194,70.89632029378774,89.76064628289484,Active
29.610421373700923,96.95979308172508,22.314159182569316,1012.3869983769539,108.92115754288082,140.76676777499117,Depression
24.586717225598868,57.84168499481815,21.392166623113358,983.2616075090309,36.160162943614765,52.87266703146958,Active
22.95239140331774,67.30520144425518,24.959434626308234,993.4416583965134,53.24626919123535,96.79301103115085,Depression
21.346339663944907,99.42623336629609,20.894300028843567,1006.3707398584737,20.215961817590646,15.648161190140218,Break
35.08086295862482,58.48120465157862,21.526025871345574,987.8568175431454,181.21437856721914,218.65223971979793,Depression
29.441793181970652,90.82240210382858,22.981385034242507,994.0113814164725,92.74524163659675,124.0848851228956,Depression
34.68119187872696,58.960492478051286,4.301644505494143,991.4925224796557,122.6882124796427,170.4826455009848,Depression
26.37149146361955,86.22610011671463,10.427622259329938,980.0407282514792,19.42735472420577,24.09011724317973,Break
29.18675731931952,99.34384234708602,10.462983057569529,981.0803846389862,192.79514334551047,222.11626990704798,Depression
30.451624406479105,97.68016838753972,20.21353379985125,1003.5589655808484,14.778290365584802,13.449117836457269,Break
28.47722334303854,90.04132882209386,14.899571656890753,982.1997737390242,138.81608202065644,169.3386784631371,Depression
23.868135804336173,55.823137444581604,26.63347426146783,995.4109541513167,14.130872523131302,13.725287641867816,Break
31.211770682370865,62.98070493369602,18.288955702549426,988.433321492293,40.039491661217156,52.70505857916937,Active
34.16821153290995,91.79256605899772,17.2653432145283,999.4059329753323,77.00063652932955,95.2982871213809,Active
36.94881869817274,96.05735687959165,26.7551347092117,983.42981597104,58.46898513085326,70.8833174427042,Active
27.368173348921005,83.07883702870292,19.743872815847105,993.392440427295,109.03938429103972,140.8878457013576,Depression
27.634715841048795,62.10903590863765,11.165341520995234,1014.4875163421159,15.80175049421367,19.284693153965854,Break
29.493700599959542,66.22267108090838,16.66502735371884,983.9930208653684,73.33101372507309,122.24162870377262,Depression
37.04221598105286,66.80548231103019,19.91293593705503,998.6813662207825,15.336202299768987,12.2682471485875,Break
35.62663967711582,55.21675264345412,2.0401351621168513,995.7901115089816,111.76015851213614,129.61883366270212,Active
30.94378816153768,99.82610359623362,10.36696657471969,991.3616034809017,28.595629311174214,25.23646216333577,Break
23.984634070855165,57.7405620298413,10.466332945726272,1005.3534423915169,57.22261837598014,92.37144594424518,Depression
32.57476916108671,77.14732922859207,20.66612903957977,1008.6255922256665,38.703945177645835,55.698628416835675,Active
27.851731336682654,92.62615034108819,19.51112140867077,1002.3895721755686,118.41243377910375,138.21335476139632,Active
29.396026102736975,80.396002923244,12.70842374151649,1014.5609815936027,87.7230137302772,109.33503361088862,Active
27.25399566296484,86.1277048308078,21.151449311685305,1013.7187682429447,16.550386912579185,17.568031333683876,Break
37.975661928815974,60.059207108332586,16.650104559084184,992.1164857699773,67.24638701149503,85.91781062339066,Active
24.629846217529312,67.67182772452172,7.987387158679656,1000.0133498112689,20.210959229717155,17.759137409364772,Break
34.03366770346341,62.79768326249651,6.2087234354973635,992.2433062040518,17.21835966602008,17.136299466646648,Break
33.19900932561773,78.33280388010311,9.604769860251135,985.0938835962926,62.51355561633554,72.84311417837316,Active
37.16784913183089,70.79451066060976,24.088363074906248,984.9925203074779,179.02209664433013,220.4864105049605,Depression
36.2577498497013,58.35985647340682,15.34149120608136,1001.7038336205655,196.48810088005766,244.90159597714901,Depression
26.453588300657188,57.028956433154114,11.118668503786633,981.0669141108986,135.4445156404996,170.48567367761518,Depression
30.896940944227815,80.8153824923347,6.768531738417883,1004.0243808568096,82.32517337506482,103.06839718309634,Depression
33.581711588516974,57.282289801324886,26.333318869350876,1002.5163509786526,128.4059004758153,166.95650184517194,Depression
27.102290572338294,89.59371325312563,15.111586047405794,1003.8074516546609,96.6142543058632,146.58874130922297,Depression
33.47910539231332,80.71908198783768,13.851255997443218,1001.6353301590846,22.580152458443827,19.291568955904467,Break
34.93252048454176,77.5793830403317,29.56490682326823,1005.1586665285735,65.5464384849314,83.30556952503039,Active
35.10224485687643,86.46727671648864,12.34208197712589,1002.870144062592,9.49613194004877,12.316777155773082,Break
23.155790210814786,89.13103945385046,20.58668294700792,1003.9122908341656,26.193076968267903,24.08251114791644,Break
25.22577087080419,60.31140687150777,15.311126412188724,997.998468877283,96.54703099110223,107.69080445629604,Active
36.573766654201755,98.68038244003493,18.966604844215908,996.8435209381893,95.700988989712,117.72278440707271,Active
31.678276080569017,66.19480138855256,27.950189843460436,995.9375435798294,12.247038624658694,14.167789543740792,Break
35.22677214186648,67.82877496414363,8.513484488262492,1001.9272596142322,77.49400453391324,121.58458600289424,Depression
28.578929266774715,89.97562519810458,16.155152193652146,993.2064721005777,111.05645651354075,125.86023246909346,Active
28.293466429898693,61.470031334826125,7.135464981285821,1007.2261549837261,24.991488932069725,25.367734939543272,Break
29.303453459671715,95.25420188804767,24.118116189564642,1011.8175384226453,175.3127007086301,208.44599004038042,Depression
20.05623829365269,93.73856812516681,26.553788193488526,1008.2245835906576,18.360028126706045,15.292388041554716,Break
28.52037522799042,84.09525832303858,19.74788122473919,994.9536518681097,127.88951217317664,163.0655311290373,Depression
21.120510618946177,96.10601948988185,6.9592639229944435,998.4920642702793,163.15388815341882,192.8481243412136,Depression
34.17988664159423,83.99215331662259,18.174736766528728,992.9080309715804,184.18370043160743,223.64570490496936,Depression
33.057042430861,77.46100499434318,12.76400452588672,1002.6841273057292,12.381501812490903,17.018334535095924,Break
27.205596186160033,68.19010542161675,21.700381651965593,986.255593280833,14.829427441501789,15.71386571790702,Break
26.53076054848397,80.65537979777949,26.590056687677684,1013.4414846673308,152.52449256471277,174.78193309505076,Depression
28.08210042644677,54.744658371792596,18.784926922026393,989.8369029910837,61.51501057174711,90.82214641496914,Depression
29.120189187927753,79.23300515858807,3.8666354357230523,1002.8010715000624,26.478168711865248,31.150714937114767,Break
27.90327106535491,97.51677333341954,22.25211855359886,982.4733866607827,127.68044287716968,172.63780810075488,Depression
33.626576980298594,75.91653935049158,20.131533774295832,994.2338064433831,1.867311784763428,2.086041512412398,Break
34.71405770912516,60.322134606453446,16.768349275617798,987.1403022778768,28.503703663720962,27.79086542219959,Break
21.407701824399705,56.08094931816215,23.652947209686182,982.371504897251,17.742222386967416,13.032091687904998,Break
30.320782184028054,91.92512626618185,22.22485296423071,984.591478637228,64.03836981086339,90.10679283704467,Depression
25.578240092070832,87.04062957550116,2.6920026228775327,1011.6091049005248,22.3489559538268,23.683276266646402,Break
32.215286089788535,90.31976466674915,20.54995683411653,991.4704434838725,28.45418458366188,26.357793711743835,Break
28.17769073381104,84.71234811647889,25.293572751986897,994.7474980710963,153.13173582924964,174.16262670575546,Depression
34.88617786964463,64.23149559696596,14.489602318604346,990.9232170567478,12.942171110093561,11.7296855945003,Break
31.40009447316661,90.65756004937553,10.318482289242741,987.4802403487706,60.524290431648566,88.58282914446255,Depression
30.202657865636215,90.35818832108403,17.705022026509496,1012.7667039390324,68.93534395848411,82.34488006706196,Active
24.576050541485163,75.20475573380136,24.748766611287145,1006.03233255507,163.49145346069878,191.68854604461723,Depression
25.10485449067339,82.71746730811617,26.411396139197493,1013.9433321211724,18.340590923254254,18.56886619636354,Break
20.13856045318483,91.50326860978896,21.71542591850817,1003.1640251387337,140.97882586947364,179.55663228310527,Depression
35.24704743569051,58.50407566336652,12.284230533224706,1000.5100604572749,62.02473408008948,82.25812973067934,Active
37.39582658151775,68.15007249912807,3.742276834262776,1011.4164902919835,135.65125534620051,156.60531657079062,Depression
36.25243205540184,51.95984177278715,16.426098295596198,981.7160936227989,13.518702437103757,11.833625169652585,Break
37.237816538996555,91.12918660807162,20.524296598516614,985.7000402073239,120.24603902587195,167.17103534790806,Depression
29.141301308916105,84.41140210888454,29.412822063903896,988.2583126218084,101.30282374668053,126.2347944282898,Depression
25.114930502687734,87.1492661685302,15.370673005796043,993.1264453073215,52.245927210954555,66.13065987243405,Active
35.76037460001886,75.75688367305503,22.419055247595608,981.249883215985,28.43882750254184,24.785416768783694,Break
33.80988715710824,80.88190252717725,24.96179534721438,1001.0237273034322,61.41168412881988,85.78596855098698,Active
21.496911196384367,82.1820686439363,29.222198387076155,1014.2378284003481,106.90433520561024,124.11300899594042,Active
31.172748074031063,53.96132689404599,15.925837047551795,1004.4355175406946,160.98968772056122,200.84433566023444,Depression
34.8909851876949,84.27033115201606,16.95206456092998,988.2934726905855,121.01568017574117,149.85943069596644,Depression
34.43503296335196,84.83568001765141,28.2455077674916,985.7904574006607,173.8783131289178,208.72001807200468,Depression
26.23958743952952,65.9426885307438,26.119401083517076,986.8856503249863,6.3953558766984955,7.645581353218132,Break
34.59675540131136,66.54893468940898,6.856935947214761,987.3217958670017,195.06817673821212,217.18137631731992,Depression
28.4833069135997,77.4165999264898,4.601526517231692,993.2124198198132,19.83572699195814,21.870578096923808,Break
22.461590425040974,90.64738509723108,20.999176834141252,1011.1176220861352,0.17690820110360272,-4.47277526949023,Break
31.948876305605232,76.16290240777407,24.98831527023566,990.5143450575379,189.23680196571135,233.14604533258574,Depression
30.96735390724546,55.792638850188226,10.161458832214757,1013.9094842484437,2.7976460935611236,4.873179652754321,Break
33.21207658178632,64.27288601435754,10.334815421696504,996.4112544928074,23.679690310834907,21.85057818357616,Break
35.36773583603559,90.13152108000169,20.519256927325927,991.3706203484751,25.04802445579229,23.07527241657448,Break
34.987727040547526,89.2311641884994,2.6087426194268963,988.3809184929926,71.15371829005036,120.47332744343967,Depression
30.579832326909614,75.48848367495245,16.648369768035128,987.5344070911501,48.61034033917081,69.04179816119455,Active
23.261809112681732,54.552692515473225,9.030806263782967,989.972543193379,17.182597777444876,13.0958742210982,Break
23.66828903539859,51.55542920937081,16.372220308865952,982.958641535275,32.02022704456041,56.871522663246644,Active
30.035438771496786,51.75975010700889,18.519372931588794,995.2977565401387,24.37353395161782,24.991672755000906,Break
29.829643855335068,97.8906591376679,22.934049152709648,1009.754160381964,1.9905351596394272,-2.560580724589691,Break
34.80781310639166,91.83687849724595,22.347602357166636,992.3460754380982,78.57970682185938,93.14436096905823,Active
27.870981844059028,53.28838849172878,28.457443228997583,1001.6690746073144,20.297501112596297,21.975000957806103,Break
20.31069773895032,76.26856398924232,25.007886401514956,981.558159799406,91.4744908226607,115.90845199318828,Active
25.4103879449724,93.07239607021741,28.142411271431605,1006.1480173288189,74.99229490801739,94.46137875763478,Active
22.48455647353946,51.933169308905,5.8332393595269965,990.0043350632375,162.95864148723643,204.75442729553413,Depression
36.42684539130022,86.52660105026811,25.203458382832054,1006.10841162664,124.09808981452106,154.91817974380015,Depression
29.997943443934872,86.04126140414004,9.027238833435923,985.4979276670118,16.311802044904944,14.068155745066889,Break
23.98223626252224,76.36967570439236,6.754969685080568,1008.0143522163786,17.215883218879505,13.68971589485299,Break
25.84237404132861,70.50448416305764,24.629959254462083,1006.9555833080153,18.48537244821023,15.919936025930207,Break
37.78844880242441,97.60619390654352,17.771412174577375,1004.461590016295,34.51943684287262,56.969686898494416,Active
36.313335234328896,55.613980291953716,14.328121288243493,1012.6159148642749,159.93989330262838,186.96495388852765,Depression
26.682804634071275,57.36506728559465,16.161432385374553,995.9504590238087,106.80119910598768,148.2464869713384,Depression
26.597309663983168,61.38802015466442,4.851445564794384,1005.5126554101313,8.832923338483631,9.319307255439403,Break
31.412665521444957,79.45473379082905,27.62542391988786,1011.4395432572394,5.173622593453825,5.871907396182278,Break
26.418183632080286,88.71333720938568,17.282581597329667,995.166685643373,50.62957412458478,76.27103671899204,Depression
20.073090553163762,85.99192306752451,13.914960336193587,990.940115447725,11.187947056998334,10.98291542178093,Break
23.54663155642334,84.01232453492617,8.200654331947865,980.0439878387834,95.90228618218308,121.80124745616314,Depression
24.826641157383968,66.52238488093238,15.287299940548863,982.4273084856509,61.723625483825565,78.58253755270287,Active
22.67523434845829,70.24985194384739,4.88959473336341,998.6565150761004,26.571623412633326,30.43181359306923,Break
23.765280552442533,58.143611408217396,17.324197401715487,1002.0763726043501,15.71566821128468,15.860689859855599,Break
28.425836800092895,87.02591823412246,25.310123200905927,1006.2776386231977,70.48503900549505,90.98422293155356,Depression
33.52795501428247,61.92118502476778,2.056197283491273,1010.5351325137301,18.42025017116812,16.967499850643396,Break
20.55308923370899,76.86551295018053,27.850324597614513,1000.8732941445828,16.85564051638196,12.628842963103834,Break
37.091384771214805,80.1656952222961,27.28827031366421,993.9257222816424,95.58383236278173,117.00200509026385,Active
33.873908387790934,83.17221968194829,8.042713219722428,994.1482514543818,133.5510231034014,169.32954903976957,Depression
24.551611405906527,57.73037683685208,7.783343153529085,994.0096952595068,140.9134010834805,161.20656802606493,Depression
34.04371829962144,90.99410656297238,29.034303087902124,986.3225306628643,2.899943014970132,1.2514744411933387,Break
29.123847992579655,86.63701071678962,7.546159361641689,987.6332244942263,24.296447571171324,26.80798460762711,Break
33.68697287924906,69.45303548093263,23.045375423654782,993.5369573011035,170.54179144340273,209.68597609813344,Depression
21.166576861769524,67.10864913434202,29.70085313825788,986.8778601082771,176.44109598158923,214.03785280400984,Depression
26.70086464628019,54.01142813588529,12.126617271010659,986.3723629051001,68.15731642585081,94.80559207302534,Depression
26.833772285636115,68.01992025597573,12.968946452945929,1007.7732442624114,14.60338052404631,14.21317839097988,Break
27.801347912693124,74.79887333463705,29.636646295481302,990.442377072851,24.293520802149416,21.728473394001234,Break
35.89716747105781,78.05243676833518,19.05689662263043,1010.627063745913,18.04686206465701,20.57873910313875,Break
27.799750824192145,77.36888767498732,3.737963827838312,983.1450271300016,8.86113548122458,4.378165479631281,Break
33.81671212855717,67.62635633392108,26.91229274799914,993.8269870761137,83.59049383223669,105.24778745567879,Active
29.10667258085907,75.47009347654851,22.30869611513961,997.45185621432,184.66611023825766,216.70964046662883,Depression
26.932251276545998,50.17744959323856,19.175935322594494,981.0420167592496,24.1270136709668,24.62622437616343,Break
24.853450973900166,89.30842107246856,9.552076114311088,1005.6561123331064,75.49944451220018,122.65346075752575,Depression
23.61158629322952,99.47935370703348,2.2046936823383416,989.2219182000016,0.5264268846795106,2.7269428800305784,Break
31.12226418019581,84.71927262557706,8.001177334692768,1004.0581736754755,89.32021694593928,105.91674450426143,Active
32.55186386572248,81.6986704220221,5.210138484620941,1007.3365092376939,19.67503162852216,16.22596769123218,Break
24.823936078316546,69.65885157938001,9.838029406380416,987.9733601736646,145.73483695403036,182.69900090053787,Depression
24.06714879535857,95.90382811343207,7.353125094724856,1007.8232826488637,95.43834563018125,120.3312272579507,Active
31.71892010560304,60.87301718019475,7.706945824062316,991.3597499489417,3.4397248957377204,6.795665198099847,Break
31.511726309905185,67.10147573023015,5.298601965895159,983.202244406932,7.265163691418312,9.477704665715708,Break
33.59212020749751,61.049907876181756,16.027911425141475,992.2570673859539,49.63574786501749,71.60539655509028,Active
23.41787575206562,86.06832818506493,11.326091029505525,1000.4091998211153,26.358647904227173,29.19538383442321,Break
27.344255005968837,99.09040113589134,12.628622027028317,1002.351888968585,17.85236806511564,22.618974437217062,Break
28.085325831055496,84.35868463047512,17.103890789242506,997.4425277003053,56.271865241130925,73.61721587354415,Active
21.987818683556895,73.57935332295763,8.827067872811336,992.2183945272928,11.634496278327934,12.18914633741466,Break
22.540552426563387,69.3629520127217,14.515315943276693,1014.4794178286644,19.337366876426067,15.71152187469075,Break
21.178664872943944,93.57710070006152,22.460577267359223,991.1124750658099,4.429304779114764,-0.30730820339971565,Break
37.818616563573116,63.94354244956115,27.859197194214328,1014.85601965159,179.38615310921853,228.96830921938414,Depression
24.578283821557484,90.31230747929663,23.004656858540805,1006.1516542386985,190.11152739072264,226.15371885312797,Depression
32.48706910632396,94.82426363212483,6.112412523329807,988.0407128941486,23.424771384814022,25.28672918166959,Break
28.1205181910189,70.96683286993684,4.032510008735322,980.2275401389945,67.57435671164396,89.51490811017042,Active
29.767773013528185,96.83530216911127,7.49194236810796,1014.6552619134764,11.644843438809508,8.102255197549285,Break
24.139813039246015,80.90453115824953,3.887868253703087,996.2653314687514,113.27875885512454,133.85254937383644,Depression
37.739348424251574,68.35578836702676,23.800161234131473,991.3976272265609,26.567543682857668,26.786063127810515,Break
22.441701906869746,60.124952480204755,10.71529854018777,1000.6558358234448,43.088057318589584,61.95538238793067,Active
36.06015547907968,85.00170204824278,6.163162985987508,1010.3741373857074,103.34499827110336,136.20307746451874,Depression
34.564290056445586,54.43181169465463,12.82172296963841,982.9998532703399,50.69612382470104,70.98245260217229,Depression
26.845182011051335,90.45819024738881,18.43612209656741,1002.2219915448176,190.15635194606313,217.37281739250074,Depression
24.932444492692746,96.03689678465281,4.148706384867174,1001.3346287666684,17.464895882951105,17.744335920427517,Break
28.65463020734179,54.45852385931917,4.860570549374215,1011.5798549654219,36.77318411773852,54.951350299999525,Active
32.05542453366151,97.06108175476453,22.701413485088025,998.9386020758952,42.48652683987703,58.38678323833197,Active
32.59435555882583,52.401269379995654,11.36761819927033,1004.327518317708,5.7066211228594,8.02149244179397,Break
37.19741049342253,95.34060750482242,24.10253016657025,1004.9314340114469,87.0512904343301,106.70040034148454,Active
27.322783977668383,74.65077308504688,21.432797668891787,1013.3235537498648,104.1874541860407,139.74684286869078,Depression
34.02371460463392,78.10390687828243,29.817538607774985,995.949967780489,18.61243124140601,14.313527634134429,Break
23.725156735075327,66.76871424397625,12.320763465212451,1003.6636625138956,109.01203645256362,151.03013009456214,Depression
36.58315541024193,62.58397019301552,11.946594485254074,985.3886347936549,28.80565290029776,30.215175098779515,Break
31.107377540112076,77.6744965250217,4.476760739195022,1005.5326339250284,56.100802755517236,100.32091787711148,Depression
32.24758927566167,95.2363803711473,27.128968206928512,981.8603929902978,39.79934544280492,56.68629405943646,Active
34.1768206363096,51.38626623809246,3.592848273972174,982.3505223833987,17.087488733492783,14.439177429109648,Break
35.17771504745712,92.65516874650129,22.518007226203043,1001.5296264684673,19.569576046606528,20.159684972574944,Break
26.52339155263943,82.0743735402794,9.594202570755309,1007.8190591561514,74.78743906539225,93.71139262640463,Active
35.130811205074615,51.479142227261875,12.16239258091808,1008.5492682035563,25.460637806487984,22.152796807882897,Break
32.70595912810328,57.32516702527093,23.98274425062871,988.5794101559078,36.73585393242646,53.8630616347797,Active
27.590269643352098,72.2192513319028,3.269276457343834,992.6565719448641,74.53970769943516,84.81070722587312,Active
30.95446876176161,91.52297952146807,8.630449561692618,987.7372314279814,0.9874130598352104,2.0669848979356624,Break
37.083747600711675,99.48615662773574,15.55659892697605,996.3828567379785,21.29648066328944,20.74548116149482,Break
23.042024235677054,73.05049244198105,18.989498175175523,991.5833171634828,71.01356559782678,87.88025586681138,Active
20.293506232157085,58.70320687036542,15.678381919881085,1008.7928710667629,17.254659873838,13.744487457937925,Break
24.725496276367245,68.06697098847422,6.0229402179335665,981.6086803953889,102.13698565362503,151.9824798654788,Depression
25.443173356921598,61.93692226813,17.900935352551343,1009.2294157170121,81.54988649372942,106.37942407106867,Active
21.32200046286602,70.02772989909161,3.2062671601658947,986.9729254929591,117.21366691938798,166.41287930439927,Depression
37.826915198567946,82.50890629805059,5.559340171997358,997.715952997932,43.65332801863684,65.08387628825423,Active
32.25257472945038,77.14666936964812,24.696445643507246,1002.6896608549464,91.42053781713602,102.70150319916223,Active
31.277059530789735,64.03759753731705,16.196083733892813,1007.0663243446427,61.59686148689144,84.87312327749314,Active
37.187894697815906,97.50538213430696,21.570386975119995,997.8360661088615,55.37624944283809,69.69458338353573,Active
36.30835020397679,67.99160160462793,3.7644309393986934,1001.0208846252807,192.95781083024616,232.61107995168734,Depression
28.362342206724563,57.60853580565648,16.436626547121868,985.5210285509935,23.236807497437617,22.410222230100874,Break
37.50257872603961,86.78702249467247,2.4339976673289887,1010.7994992046292,5.897597627458807,10.793095540707078,Break
24.379059311519818,91.90960173917921,15.169067115287426,995.2246233619455,166.07386953384963,212.4936958870963,Depression
24.700294308063445,54.7548334674557,5.833747480797076,1007.7481237168186,25.157329991142745,27.575163300039776,Break
36.75506656807839,58.27598678024548,6.039036795264563,998.9500288006749,44.28324411225028,60.46825734675012,Active
21.353471258631615,87.77885976419364,13.240706968505618,992.0058320473487,21.268704112885434,21.962173557815955,Break
34.44325007099577,81.46812819350588,24.063167487431386,1004.3873795747636,25.353169229407857,23.899440173839043,Break
20.828596450550933,99.33877986927789,9.383551152629874,984.4317392591771,81.72328835275391,97.95668826931104,Active
22.119751860979132,66.51435062460551,22.296374159993867,1001.4201364066006,31.034322267018382,52.48441680751753,Active
33.32095394016413,91.51628402973506,25.56061885259078,999.8239893166163,123.85926882207788,172.40516391462688,Depression
23.432573536173827,95.78085460369496,9.238850115496247,983.5953180790398,55.70928026245945,68.48591121887713,Active
37.494302287730065,85.86638935204348,25.35318350194677,980.4596680798477,10.179377885792409,10.477062561097211,Break
32.004542352349446,67.52112859080462,29.845520708659752,999.7321319450374,21.754056687323732,25.28210982435321,Break
23.12841718169422,61.12768548638355,15.647512980928125,1009.8315036769905,11.763844409078171,14.002554792225343,Break
36.37304834389242,51.25181681187219,14.550687703551102,1001.3773474627282,7.65334161499315,8.183710149578765,Break
23.163905180854293,81.55684481038993,5.450897413026329,997.1958768629444,71.27656386883193,84.40102971510231,Active
32.725945345347526,64.22101619518958,9.482915301989465,1010.7737165077225,35.79536518196127,49.833161784536586,Active
30.925017431087667,56.15439267016353,15.204650823750224,1001.9567988648862,50.6882632082029,72.94845805894474,Active
24.228312700362295,83.83832706198203,14.058860001508743,984.0138434832535,45.602491122474035,69.1771886292695,Active
37.1467414829866,68.27866310376311,12.53309013360665,1006.0147390621017,72.44787873915513,88.87756227888286,Active
24.209619385472774,52.68260820048454,14.019164488683433,1007.5871788875071,79.11581946515693,94.98145384799896,Active
30.313879008558004,99.84127184056202,26.052508322381513,980.2684779751426,120.73045813673671,151.34828843399583,Depression
26.403692869897448,92.11410493741079,22.899730312645485,1014.7253002330517,24.269562020135655,28.497811666119368,Break
24.264472141400766,76.9802367506663,6.449971404771276,997.3949894624649,16.431471245377075,20.857248564305948,Break
22.99554988276885,64.61862921651273,6.257672377784905,1007.7275566331671,2.448949495540149,0.433890623413836,Break
29.255387256578203,70.31374002797932,3.2548566987826035,1013.5122045254833,39.26205683605424,49.37918283875997,Active
20.992720234501043,59.626082046880086,14.78490694866183,980.7347924798008,112.88554122460403,141.62242107154196,Depression
34.53520873349268,74.07314588186924,20.33574574689558,986.6245725058757,27.454235969427288,30.209013399486736,Break
25.834182901981755,54.381790889136745,19.258640732167358,988.9886708031978,143.85039948873595,168.30270319021506,Depression
32.23475532702371,55.24521931746557,26.41909144620476,998.0831173530679,17.639619348274152,18.788606118545196,Break
32.89354367746204,94.10538785941264,4.4690417147438835,991.790078376163,65.5356899788519,81.95832529078416,Active
30.414080993584157,73.14686667885917,6.720847354651468,980.6494438674451,51.763297713343746,62.297640699655226,Active
24.96072682587168,84.67632136129942,13.929012556707727,998.0904623078115,67.20346740069746,89.34068885797544,Depression
35.33475348423009,88.74278987153534,9.38455723446091,991.3481944230929,44.99096250759655,55.72463988677386,Active
27.11930497593603,92.68478569905197,23.13795142585545,998.1004589671136,15.827165796583778,11.120341884371637,Break
21.04875764373894,83.75274153667331,23.469575263957296,1004.851245461077,26.370959156294134,27.81526409144032,Break
26.692417958911182,80.90111393407562,18.11234594285863,993.798469574222,157.5064861107738,201.6736896952164,Depression
37.83958679218908,56.73779557033423,29.02427146812508,1001.0419231921536,19.5050754476301,20.205453335483593,Break
32.66514189239038,66.01293322564914,27.879602657773553,984.0352400219523,194.18520558382835,221.5563583583686,Depression
20.163695245443545,71.69040182591634,12.051172031236241,998.8681151822378,2.3323633169600666,-0.04913136895579173,Break
37.159798888394405,55.53683122552101,10.54052216806511,981.255183945913,59.66564383290384,101.68054741554752,Depression
29.703622610400455,59.92914891130417,17.10664241835419,986.4049200810734,46.30008445650658,56.97498641080571,Active
21.456940417562333,82.85228786015088,5.79429686985549,997.2871591959092,121.902843382375,155.51509615520405,Depression
35.325830681434546,85.43017621703343,2.9215023147382992,990.3661010110561,52.7489252817798,89.10652866963892,Depression
33.10086204513099,81.0928042742288,23.294901658924218,1005.3992147120161,141.4567233862801,179.3030336693056,Depression
29.18177000614653,50.217659574713224,17.546670437367958,1012.6479319905543,54.499692075579816,69.63084401514588,Active
36.75330913452343,78.92558962047227,7.0109308797800285,1003.2293298619334,15.146344860670022,15.513531134732203,Break
20.433206690436897,62.681008456699466,10.699506422296816,1014.5480988258507,26.89736546472856,24.944727470139345,Break
21.729985958763038,62.38086995304722,9.639194777600343,1014.2387007861145,183.0400894563805,216.6308098644167,Depression
33.88953326951543,92.15217183358517,21.904517572339188,997.7722050124347,66.73126207871434,85.62049925268653,Active
20.646712371005428,74.14174507008467,26.07235413513989,997.2328704654866,19.86742642564441,20.338577508930765,Break
35.86966318234659,72.44633546344473,3.7108827816249,1009.5594731499256,177.38879397494696,201.5452172482878,Depression
20.553552929174895,96.71872701912507,6.13639256381608,1008.3378316224658,175.92073134846487,218.27497780107922,Depression
21.05977885427742,60.470729479764266,17.60377177282029,1003.9540840722624,37.40447016085858,60.78485369630818,Active
35.64529155164919,99.89546608951431,18.385127961955575,1006.2917072757984,23.819859326078475,22.385589752519074,Break
33.80932305918453,98.92066971614685,21.555038886346377,994.5863589302388,180.3040842348278,202.21578403548935,Depression
35.227315148527204,80.3739197251559,12.652444649446913,981.9780118535822,63.709586706296776,77.95131379034221,Active
28.97752773963743,96.72655757955258,6.194669567884754,994.6940723491527,102.36789052163779,145.4103327329439,Depression
27.006676152339836,90.24633391615208,29.46806579880184,993.5737703701348,118.95751423562707,143.7149663807959,Active
27.807879467599545,74.2880560274575,10.495243726004057,990.9906567302828,36.87996080552542,55.582884354245074,Active
22.480139372151744,52.08623964267517,12.629541059555919,1001.7966417319066,15.174138690530022,17.679287966917762,Break
23.47760229461105,51.57988649087917,25.864526736631944,984.8142590122532,15.595061014654043,13.0740307421628,Break
21.716728542164496,71.19562937438161,27.62394070648705,1005.3467356328954,37.066655073108215,55.80568118439372,Active
31.519980264741466,50.0428645344108,29.43771292442027,994.2298651215249,47.53236718137188,66.6961458441308,Active
34.591157593028456,79.2946172859864,24.06498128245872,1005.5887786251359,15.138740487950928,13.807697106604678,Break
33.47791979279254,93.71360132957582,26.720788586065158,987.969454969904,2.8493252414951984,1.2012595932156853,Break
22.059572242808407,91.71144116844846,15.896318565927887,1001.7441614573943,94.93190403225141,109.83628033630406,Active
31.332063007912637,83.00597221315653,22.544608328337972,1011.3995663208827,95.78998070184,121.66868533590869,Depression
36.66876943244793,55.27243193756471,3.450428935642683,1010.7794611234403,100.1858322917385,120.24869784169894,Active
33.17131952454089,90.59053847195975,23.930600128582945,1003.8764108153472,116.74012227746732,141.23946142986378,Active
26.80038787163679,79.49209559441091,5.958006496874605,982.3259784084997,76.80801938088463,99.27841425325822,Depression
35.867558864756106,95.76389894564173,9.738621668845186,993.2050003529934,2.3109674446128325,5.275663723569268,Break
36.5495836879046,52.972104414545825,13.246798886638981,1014.5924421400806,66.93898869333125,88.90970157355065,Depression
33.60093884303237,58.21382829511287,27.58982157385651,992.8799881506834,74.65989577628906,116.57980442807076,Depression
37.525670590585214,73.47885242128481,19.70631329360916,995.0841433668395,150.60316469954915,184.07708167635388,Depression
36.03152695305111,81.12892451106494,29.725557732946,1008.6779436277026,47.326531997721276,69.61098251813343,Active
26.53585977097192,59.71604866919536,12.222376570192363,987.5093972674977,77.58680768492376,99.20430819861686,Depression
30.319647402287398,84.42997603377476,11.132192079342124,1001.4754464699557,0.7171605749338872,-0.8280973881755196,Break
22.62247559894066,78.99477991138922,12.744349265755647,983.2754869374766,45.49508809180058,62.789371677070775,Active
33.21068102538476,88.69902981334552,23.97092746040857,987.9858567033205,29.501026810948357,24.755940701246033,Break
32.42036247167508,63.197891681174326,3.859442028340245,980.5022958354853,61.82458518700196,86.74274356836102,Active
27.962789017343823,59.37988758856872,23.760019918631283,1012.4272275728555,19.791134464412757,15.776285199098094,Break
30.091823363012274,55.994293541200214,7.925229165782682,986.0265984644517,150.69947260798853,184.60157902956956,Depression
34.958961936152086,54.94454199911585,6.052522133466023,990.7260205972658,94.74640620886008,113.14508150253127,Active
37.87707949749279,71.25514003642809,6.926411765099624,996.517726847521,100.90498693669471,120.78034331947416,Active
29.25657702311555,54.483912832969004,19.996539267568522,985.4379624577891,76.11948070392148,97.71270150954736,Active
23.94342804201553,53.04858597797659,17.27495974431322,1004.2058989935704,56.43684089902912,98.02114769432306,Depression
37.14654766371355,63.205519508953785,4.455507856544661,996.6449526863779,2.6945806038321987,1.7346468346342236,Break
34.77497222674564,78.85652252608907,8.232375440632062,981.4038726483503,70.56194597446697,86.14041583309108,Active
28.298959949489387,91.72859784354736,20.46543099203,982.0736958339904,72.16762002174767,114.5346585738082,Depression
31.450457547706357,59.37640239732804,6.780498131165389,1010.4614657796642,37.67247676038657,55.69166687483304,Active
35.98979467967423,75.73722469778447,22.694880009044986,990.4452228376151,25.77233083351028,25.45267776273755,Break
23.842087980402965,96.73026940386266,24.304812781954556,981.948315111967,98.27539356457741,113.11643697282226,Active
34.35526207289858,66.94628584848547,9.170997692892769,987.7856158715953,53.127196850934375,67.73400727401528,Active
30.76433056705946,58.590808915063846,4.918809568773771,1003.760243117993,63.1668083003435,81.40445638851178,Active
33.397489382153516,70.42392655775242,29.991455278393456,990.4282241082426,81.21308222751654,112.73875678913595,Depression
29.792221244535977,80.64929310318442,15.109149088805479,1008.3544322254186,189.62114807794757,213.20559092913993,Depression
20.54498782396027,65.02819425559858,24.325084975207012,1003.5543807545777,54.08833461301643,77.42261844837603,Active
33.90007472094223,96.32727707178137,3.767644489084686,1001.9714977041559,192.1017354397817,215.11361301136753,Depression
26.054122211824456,74.07890409684492,20.7794822279117,997.3408092004493,39.46694563910745,54.3095123050771,Active
23.04099364612853,97.08474157508297,10.960136801317747,991.6883733151286,35.30177949590995,53.98254732750797,Active
31.443298976481202,56.764981875641745,15.261340989142827,990.7041035191445,6.575994101682138,8.908601360715135,Break
29.326410440198075,50.57605060130217,16.475960329953296,983.4815252471825,130.1546643289069,161.50527242676426,Depression
33.71669234100335,76.22594713279048,2.3685576000931325,1005.7683158850291,96.79979216137755,144.44559785330375,Depression
29.658386320101815,84.80867574280104,4.337330931519023,981.4117595636463,57.822086302828865,78.1372944205274,Active
30.244349048823942,68.72898034674927,20.315289556984304,985.72480115677,83.04988985438241,93.88057686660179,Active
20.911615875987074,94.1576493185916,25.553996074309488,992.1061526453708,123.43870355834005,172.45362521242163,Depression
37.09929621578405,99.19195042703873,26.2605658577594,1011.8343056771286,0.8621909091636792,-2.4299795030148736,Break
23.796498010532236,88.19777651550689,21.787436592464747,1001.563084169544,185.66073558566725,232.94486766362274,Depression
27.816675683363552,54.71931002100845,22.343677429306698,991.7925035426478,4.910708517114094,5.305859652857747,Break
29.145327145727798,55.015724528480675,12.173319118834437,982.9664359706355,70.74755866722323,92.41735044803085,Active
27.65824998741981,57.69314847269185,29.3396374796672,988.4713997471616,59.15352734091928,82.65970191224855,Active
29.0975766774751,65.84025665828287,27.102230583122882,981.1213043369405,16.770196169576703,18.40732869477864,Break
21.123817112504195,93.55660605410841,7.1839447811769945,987.8876848862113,192.36680805916086,222.23974082838393,Depression
32.49090430369071,92.99693733667426,12.652998248320213,1013.7700971569,106.0999050538394,150.4122030358903,Depression
30.230390827759173,55.43243895664652,12.437757282100028,988.4943039459507,27.889957989013446,28.897094426032194,Break
31.421341179312442,88.147166708615,6.2863749275594305,1014.0714113773158,89.2864837813084,127.5181662164222,Depression
30.366388413513135,69.8425735170932,29.739475845177054,1010.866183773183,101.46532184154617,111.87956270048022,Active
34.58769264316673,64.99879408841485,5.547651660970616,983.9666929906697,119.7855152436495,139.778441719243,Active
24.722266701201963,60.165298550146986,16.72679877950514,982.2763754772747,19.987047120173624,24.663669878258467,Break
27.661762060680893,60.01119702036533,24.88614729443796,1006.0469833701216,49.32468547886029,65.39716841660781,Active
37.66797987901468,57.90211598881868,20.80062293635226,988.3014561541543,71.5782743099769,95.09000431280329,Active
36.31755137815081,91.09586902943809,12.50834611044736,1005.1054703090637,4.481384359134792,3.5000795156272817,Break
33.36667732356014,92.39688788793143,14.882892376935345,1000.8066894370454,58.20695275976624,81.74375584784904,Active
24.119448964822947,59.548444887962475,16.53187278010062,1003.5378979254092,118.18275593143647,130.35763656147705,Active
27.28129535882233,96.6905637504984,7.461105572525384,1009.5326970563275,184.16980689726358,212.95697716176437,Depression
33.160359961359624,88.99578895527048,28.96841560717086,997.4477613283435,60.13886641315804,80.31155581433904,Active
28.340902745593755,71.8826182362211,25.953090815250953,981.7559095224541,86.74360459901746,128.66392569990055,Depression
21.600834405598427,67.52973361380673,27.518733053184047,999.4833690217952,17.70645706885821,19.52327296998238,Break
36.817940147905,89.01017484283807,20.02772167872331,984.0884310884243,75.59123808514883,97.80991897518886,Active
35.05147575954483,68.02433608380585,13.209646510058509,1011.1064851488659,72.49565891952457,102.38650552067612,Depression
22.46448426458403,86.24565714261716,6.486405728616141,1004.573974256009,82.85854549212308,102.3150634271341,Active
32.892010850209104,82.81167161468159,25.76014780708241,990.341462001063,34.604356277664415,51.80720743749483,Active
24.824593387134065,69.0443574147348,11.930557049418855,982.1150737003424,44.183128994082175,57.730388782923484,Active
26.585690656681564,89.68324905179006,22.661870249407798,1012.3908057297486,49.42721106886911,71.15501416122277,Active
25.022363193535618,57.21512412059266,11.276353532898845,1000.4415033279691,19.28083249644149,17.532306958752994,Break
31.38887223741785,91.70034565366929,6.791117333448031,1012.5805582520082,188.43916477609525,214.6710672421486,Depression
30.882127962876275,70.19435586618023,23.678221352368368,1001.2068130124653,192.24898745542436,228.5435811666173,Depression
25.515351108803014,84.6695615440713,3.25232285480685,996.9538920524072,116.359807286991,137.350092657943,Active
21.990831526686385,60.60650354353055,29.316145764195653,1005.4262943827736,177.2913135258795,206.99091663833872,Depression
27.90769354143775,66.19359750102832,10.680728461018628,1006.1555788812007,15.533645114417084,17.109814607680228,Break
29.20993755244322,51.429460496985755,3.8481801276381096,993.4309199329491,24.941288511431118,24.843303096993786,Break
24.434685175303674,75.36717661611081,5.971795013738779,1004.207032170958,21.324817603046167,23.64237797606045,Break
23.187038542086267,71.68479585041179,19.369458552426387,980.912331242641,83.88963337202549,108.30649939980125,Active
23.448709094319614,97.16898594973756,13.24026853596822,998.4939644190521,140.8254718856224,170.66491864139076,Depression
30.307997062494067,58.18185544579938,23.75214587941113,1010.1251897006749,119.21398488705391,136.04615716098058,Active
35.333052657714205,60.8159984509486,16.163329030384865,1013.8104233644661,13.191859129906042,16.747354034261324,Break
33.300755479750634,68.82598203482425,27.29909719009267,989.9167998746359,3.3947701976902875,-0.5207936247970935,Break
33.038424826937046,57.08576041237862,15.096503591205174,992.4943632057215,155.97147308291042,196.51314919955038,Depression
29.27935848645878,73.21674368051927,13.138836663423245,1010.1668481906532,88.90487317512424,131.20433798478237,Depression
26.475742310541076,92.34992998786342,11.180884121840053,1004.5680688601105,10.07866622184877,12.77410168200126,Break
24.773370315881202,94.57594080532171,3.999974108522202,1009.241402438799,154.95420514360478,203.97578477351558,Depression
34.59995325817084,53.87390329818653,21.971888226702614,998.7424900397831,61.76579983992998,76.82210245314609,Active
33.67267188928354,72.1999510373363,23.836740400566374,1006.2049583958766,51.53062809278678,80.16565830183214,Depression
20.55123528027973,54.70539843687797,8.12754287462173,997.6245491213933,186.79402529668073,225.4821370376726,Depression
28.008878564142933,86.2868255004519,11.333288527228003,1013.3783119983397,8.316750222656468,12.480879403660746,Break
26.98283136221965,75.17020544222308,11.208097710858961,1003.1993160101755,80.56617372472823,104.24022649262258,Active
28.08375905868487,84.08492474578574,15.03441230360843,984.2470454929127,115.70465636658184,134.89278296789828,Active
21.86866843620485,92.87192792349191,16.635407822302774,1007.0176239283956,82.80900874452246,102.70399771988369,Active
20.31684542662421,62.093481805689514,14.06718359014792,991.6191933256432,115.46354957590837,128.24362810911342,Active
32.72693108085367,52.13767688746465,7.53515439943868,991.8509073989023,23.533844006801374,26.024893620798853,Break
30.2912716008858,65.60916084107555,22.88190042403561,987.2378728225162,102.40920229282797,124.74137548638356,Active
28.512487477612236,59.624038388521086,4.792260801849924,1006.0176437670774,13.37177656237148,16.555159918716186,Break
33.9260558845709,61.76488808881566,6.247332573939867,993.6242212043619,63.71376112445047,100.00118143478097,Depression
21.598534629254754,73.51060605821195,5.550162340507503,982.8117927249777,108.66986649463357,133.33986339805293,Active
29.217412170878223,91.53804334066133,13.963887827565175,994.7809857249612,172.73559305288447,222.31004622728994,Depression
24.614151110250642,52.80657940105362,24.835188247732205,1001.7080518387164,81.68528678045817,105.14032869612385,Active
35.87767361748189,71.23425792361274,13.86018201209694,985.6393013850542,50.171896169407084,61.764065961727965,Active
37.17030798969114,63.928135672486775,14.429132407791833,1011.4514132671978,19.846237514474424,19.4446926980969,Break
26.67193522243798,63.2258109292646,3.8616304844164153,998.1764840792883,93.70786827024949,114.56070362148678,Active
25.977926207680333,83.45603417833804,9.24290672782584,1005.4510804184754,72.74131504779692,100.09157490502,Depression
33.912838765757115,53.31881265422042,7.265600024034867,992.5518436926818,108.26552986048823,129.90398609632598,Active
31.341689290197408,99.11297039353514,21.198945817343436,1014.1418697356717,151.27241291734617,178.56413613548742,Depression
30.72237922942512,89.68788265538768,2.9346596933692126,1005.1169938904295,28.435538656023972,28.817740869635056,Break
20.60095128736306,70.17153093912776,29.0567320301456,1005.5630547635475,7.065433546699885,9.995255903948262,Break
21.679421210430565,71.87369113854204,2.6457748359223556,992.1382589761266,99.5401861377753,116.87510934795674,Active
25.579516562603285,58.0838673207873,19.112574158165664,1003.3191455931479,2.5230501339481815,-2.426278721079196,Break
27.35341212374953,81.49049928530589,11.301018997292772,1009.2851077916118,10.504845959040981,12.847942625127027,Break
36.928779265446494,54.654799927150854,10.570910884413273,996.2164078690843,76.23073129950171,95.05228577782967,Active
26.68314361580218,83.49176147769559,14.08988860382886,1006.6459821088736,14.309036732878335,12.87130560777209,Break
28.838692457086207,96.09332177575129,15.454877608435432,980.489327714383,192.28747094495017,218.69436119868647,Depression
34.686649838395574,62.33527036375143,14.061842627990858,1002.9231839234351,119.98842944467205,139.6511007972127,Active
32.49676874112704,74.5727071784026,11.925707421910836,1008.4533544276522,29.840703898935754,29.411909641616194,Break
21.224005105656392,84.12890685450414,3.30596062592271,988.7675558909646,139.22124736698373,181.8828896861495,Depression
22.491290051606494,90.84533550472923,17.550981011392285,980.1496320759073,74.96060800262119,95.59523519171127,Active
23.939632861931845,88.04867822658267,22.186748693542825,1011.6428597989458,117.12510464261767,157.4997667248066,Depression
21.71295020144387,70.53020335744563,28.38010488585347,995.2577071811895,79.86534355972601,119.0589424227234,Depression
31.598822835522085,58.017699234388644,8.67876830088889,996.1707624386084,184.399842752137,225.1370550862353,Depression
24.661929319393387,95.08345728161467,14.02025770010837,1008.4979564825575,26.446058940350447,24.87855584840637,Break
35.414071847042734,85.0828184372422,23.45283250032107,991.0090573088623,75.54433763780506,96.20482110781862,Depression
23.813957710099235,76.81860118620628,15.483707097765688,997.5523983437622,62.077251469896574,101.88289980517385,Depression
24.875104967083193,62.18593227906901,9.183754757289961,1012.0626267042486,20.084126964348176,17.893605222345183,Break
29.413180193332128,67.50500691055949,10.991893131099221,988.6439096789575,89.40270995670207,102.73336659770871,Active
37.3779917637923,56.23058382318333,15.445801816200216,982.9759875724372,184.74095976651904,220.55227967137947,Depression
35.29644069444237,52.99523505016819,8.368827093241778,989.0782998327413,108.6200830190158,145.20263801606959,Depression
33.97359175361562,54.23990081231733,26.04207308054955,985.4890659493811,59.41045613722966,70.51968648527517,Active
35.94619323012349,58.725520119543475,19.641397257036427,1002.5388659738733,0.362940650953566,-1.7554898544289854,Break
20.166000924570085,61.50363105518517,13.746020725917479,984.2495517859184,112.46833870330678,124.08153263262761,Active
23.4916438179081,99.31348736477827,2.4206348786604894,997.7888189378523,41.662715700898595,51.69392528854288,Active
36.76757242537242,77.74471880876047,27.954338557897106,991.6841033295725,66.05895015957284,86.64956491894537,Active
30.184555415351134,96.2677453549559,2.712345231708302,1004.7868578290388,116.60418135092428,130.44743533340812,Active
35.044279896401974,80.38607021309846,29.48210330049015,1013.121093096478,66.79302711530838,81.55639920960365,Active
22.67381272717966,50.218683955048974,29.166581747984576,1013.0224730396375,1.1807817209627647,1.8506600453562694,Break
33.229156846101844,62.66793911074035,8.303414237879988,982.1120926890659,25.295508799720533,29.278205296058978,Break
28.062956203082948,52.42629757883465,7.2718497691250175,982.3300181555852,8.181727098792699,9.762715946867731,Break
26.55502153188883,85.12470813312447,21.112013768589396,983.2460328293445,73.82768264415131,89.72185672864961,Active
37.19831858531801,71.91046405556058,22.194185673285805,1002.9297767037442,82.31328554109221,127.17916273611877,Depression
36.629239235468525,81.77415077732441,4.964612601266463,1011.3353184954718,75.41998777917942,97.4751919469096,Depression
36.148399386429176,60.01835473715744,10.617113233803028,990.0032424127633,66.2224397019894,105.90287708973459,Depression
36.63118837684874,58.05549525929166,18.717736586400846,991.9652880177842,102.16022836454232,151.3074028765704,Depression
27.664073769155237,61.55874355940213,6.975622814106922,1014.8313464039913,107.55730242504902,143.73853918976985,Depression
26.84190797688447,67.99539637468366,14.990503168216367,989.6594061784917,125.02538437762024,146.38013458828513,Depression
21.386404758326016,89.43747395006356,25.05733852766997,1003.7401412002014,24.86274221230018,25.821402747586145,Break
36.726480474376444,72.26395584186223,29.531856872104868,990.3705715791749,145.70723017205165,177.05184921056247,Depression
31.27457975557264,65.2497759151343,19.30171119146375,989.6511191204763,27.364077057695503,31.196129076430125,Break
37.4743666869081,85.82635881107024,21.116192976588483,999.565107452619,29.449969497897172,29.379815076081126,Break
36.89291284995387,77.46726169175264,18.953016086224086,1004.916928956639,20.969518820251036,21.237437918764872,Break
32.10463909248512,91.791663045492,7.15841564761555,1001.4742818617516,41.616629877614656,55.11549449942463,Active
31.56188405511437,72.76838667517818,17.505163417461162,984.2827690068109,69.44547532211396,96.90549990729914,Depression
34.783252126747904,81.94392028032638,28.593274251959933,981.7060699373815,20.972315498382738,18.581238550358098,Break
33.12500065059052,85.82742749573102,14.861665685644827,1004.1023866598798,94.33833696096467,112.4877373665308,Active
34.92126230979212,63.58902505955986,27.292990947539124,1014.9542988560655,97.76995278902592,118.78926569369327,Active
20.35637714212683,84.37076665094266,14.615513346769951,998.343148864406,197.80777104018586,234.0468105278755,Depression
24.884642270451014,84.18362608697534,29.422522950660728,986.2024867894183,193.7866522467296,227.64192101648882,Depression
30.191820400953077,87.55365697182086,3.9154935794352164,1009.9253853151306,12.867871770507524,15.489879499768348,Break
37.15728674439593,99.2737699502216,13.815142657044767,1013.2634503032691,3.6555075077526866,5.604338562525573,Break
28.091591227735528,90.577646533891,16.940490302648428,991.7642537542127,18.781334113971496,15.36909697684412,Break
23.710967203361726,99.5978185401576,23.08641904435722,1013.6690154420925,67.17509608921529,80.12379123044153,Active
37.17590270302472,79.90589392677678,23.12193419135936,1004.9833027386873,28.47983335636378,23.804295094121024,Break
37.555421238199145,93.52712315529398,12.722527443546696,1009.2974234894974,168.96715650345377,195.58788748862543,Depression
31.674146634841975,51.29629471496454,25.750415711479768,1013.2865040366526,59.57464880391703,108.17294052727893,Depression
31.027902448735986,90.04433852395897,13.4013997912039,991.1884314932106,21.484145331429207,20.801970273084166,Break
36.0056269722962,65.59694410784188,3.1880606429620473,1002.7456610231031,66.27679884302052,91.23160235638343,Active
23.120442743804887,57.27413247996301,27.621560433732324,1010.8717680938088,6.324507538610539,2.3177689247268125,Break
24.213667450989295,59.56553090158941,29.24767887412472,990.0291071201463,85.15573796057086,117.05211756977931,Depression
28.096002948182658,96.06837013497594,17.680122194163246,981.5788848432138,92.95091638321847,139.4097066777817,Depression
22.910732230436412,59.053117646146966,18.008134811901186,992.0280502881957,145.25766053037336,172.37349106439143,Depression
35.732826458140956,86.60599002053151,22.772373582714764,1014.8794858732163,5.07201183493839,5.066978889618791,Break
33.05514385342905,54.1635440654037,19.76003360938934,1010.0327273199309,105.5463009505055,126.98259527519136,Active
32.975895341146234,99.85747198790834,9.262678455434934,1005.7410038086398,96.94837737408142,121.76598349577519,Depression
36.125909067215844,79.77277413539227,25.09814745394225,999.087074440054,196.61829025024414,240.1209592974073,Depression
30.44988779360672,51.31764561147737,25.115139362205927,986.2000761875224,25.51076542062793,26.173274099348,Break
22.31392876148809,69.32713315870406,4.395166682315773,1002.3303782424731,31.238822400186,49.42873443153063,Active
21.360828600104224,64.31982892137893,4.466599819932826,1010.083501738957,7.28465565033701,7.322856637544088,Break
34.71555989368109,68.99550804447776,5.745595485990099,995.1154636364364,25.378780962690378,26.82403231939398,Break
34.42362076739851,89.31819683012066,7.349264498348269,1002.7557236381175,16.0265729390056,13.884096550002404,Break
23.86602918766611,79.52016295140311,27.644738961419364,1009.232847151875,65.8525157640066,88.1763411862938,Active
35.19301399016844,86.84897978605758,27.112590771238537,991.3000980459308,59.628778388522214,88.42232148563068,Depression
30.471951075999833,93.84458389081631,5.327446889213752,994.5235475770882,193.7170293348979,215.63117165783595,Depression
33.927171264880265,65.48166618541966,3.0935293155515704,1005.989953875986,94.99327668685169,115.60809243362348,Active
29.62616375779607,88.86865646052743,18.269073076794818,990.0322898496892,17.674194476331706,12.801467293230912,Break
36.22959519986557,77.28218091621567,26.32156343342689,1010.8957893643785,93.24655395514816,108.04913831446854,Active
25.757308871223493,93.07461898593127,27.279523596674444,1011.2050648363561,141.54616723101438,191.42336644260465,Depression
30.719912622184744,89.29358127965529,23.533721254672784,992.2611134055315,135.09644462623794,162.0287733049018,Depression
31.689509125577455,62.14147720966703,14.902758343309912,996.7551964856914,72.01906391554444,100.7729033172562,Depression
29.13568985165736,67.10706586485196,17.914157247732625,981.871300344397,64.07969895897608,88.50381710557444,Depression
21.419400122803452,94.84396475710938,27.520272622369387,1012.8076935296265,91.32290180225037,115.19257249098658,Active
29.696059274337795,93.82042442897409,5.495841396131962,997.2826069589743,23.541432918932763,26.887191568882294,Break
24.978265677709395,73.30328921593679,14.857582735070837,1014.8349191099605,59.47287480431608,76.13384586522986,Active
28.1933368046189,88.74048604211268,14.415078643336344,980.9506455508779,6.592407498843152,5.086254415541422,Break
36.684383395760904,75.19060453881936,20.111409024730968,993.5528156774562,189.2217831343463,224.87532613579287,Depression
23.45775761362435,63.30438679344748,12.75242083236116,1001.814064149248,33.67865797370698,48.939771456949146,Active
32.27911360824875,78.68399101454887,29.385884647694233,1010.3140382378851,63.7388051216703,93.82902427729331,Depression
33.9128037264756,85.81471652434192,19.105973438064808,1009.8375085357818,93.7820874128851,117.12541413041521,Active
25.068867483854888,67.4063762297301,19.414637794693128,1013.8262553076607,70.77601667377388,101.00258840784942,Depression
25.74740576588163,53.733971640835485,6.263283643132547,981.5700417664885,25.999707720867196,24.39412977824104,Break
22.226452977212826,82.28469341919589,29.904825537537494,988.1313326336175,4.665409320260668,5.556010461920306,Break
22.435419300212363,82.80038544522677,24.50567342419813,995.1477523472402,24.44093538360046,22.588773541728568,Break
27.26277455504909,62.115284183321066,26.94122307625176,1012.0095397190855,85.12678518211823,110.11547656037861,Active
31.745629368937358,68.62055720072206,11.288901767069751,1012.6061162912546,72.51227581788905,87.81349428539332,Active
32.78835710473615,65.72512377771415,5.343290503071133,990.8553274305534,119.93695283671487,138.78324565469646,Active
32.260773301948035,84.12030809776589,25.66705028120108,980.3385388596422,114.92850646300658,131.07206999007795,Active
20.45862980437352,60.98859586324218,21.377889559593452,987.0566964583709,76.65193115347647,98.07091869495326,Active
33.90736499379455,97.99676268938644,3.596491232519085,981.364629693638,26.237385491620273,21.73845579101996,Break
29.221675602619918,74.08527399220046,23.0344452894263,989.8662819709766,66.52642740994635,99.91643962317119,Depression
30.10764625582406,50.0166483942554,5.198877662175369,993.1318317118757,18.314265340610362,17.51554613056654,Break
35.94078370729704,87.75842961476638,18.714639095330842,980.3758643629294,106.95546567454987,126.72764717782837,Active
20.78706251770036,72.03268434637206,20.481848045737994,1014.2479597112559,109.35547316598782,147.8334053327406,Depression
36.03467265250853,91.55231236880982,15.423811355156992,989.1434465812068,105.23903573451207,146.96991693140862,Depression
21.489455070017684,79.55493996359962,15.492954475572308,1014.2285281434076,56.01911284725874,76.27120176376269,Active
31.984498288293906,63.621530146277074,8.56288136608402,983.6378216906124,50.32759634599533,71.11124357587349,Active
28.821632441858505,87.55352394240052,16.428272253680476,983.0269554753073,78.76993361848882,120.23659849234167,Depression
25.74325558763634,66.66833190380981,22.69134468627901,988.8078485462908,74.63310311893561,96.75966829320939,Depression
25.758445432525427,73.67542938705323,29.941139877118076,995.084766972386,6.188947117342877,5.871506205549314,Break
34.033552803495,96.96476368084801,20.57796165055451,997.7150137345404,62.27499470530537,85.72046313652181,Active
26.874784205645355,84.47058542152564,18.751082054477454,981.8542577655909,81.24978171191191,105.45186122828184,Active
25.38497149515464,65.26955856858022,15.473030455141387,1012.1489817284717,101.7293361581165,123.70527839316136,Active
33.95746126939562,76.24167569006883,9.967867882235847,1008.3305415357522,140.45124086338234,173.96535321311927,Depression
23.45042434435921,96.08728389674278,17.832578586565553,1005.519703436986,3.005130216042997,7.116826061193209,Break
29.139157352220288,70.34860974555457,18.487097010952212,986.7476652536687,29.41890375439641,33.12672409741553,Break
25.700114089229892,65.26145223249178,4.898951641181535,1010.6960801178323,153.4219390592896,201.9683824695918,Depression
22.019574160470153,91.67672835546287,18.352537036299687,985.1157873834143,12.935532215765432,11.863123561312358,Break
37.832766312114344,80.61749210017875,12.286953085443418,989.0236816980387,179.45389416802638,225.5376672532385,Depression
28.472441917528023,98.64628552044499,4.116382587352525,980.1176832413028,74.05199910773884,97.32542066675973,Active
30.622443620681935,62.032240675718825,17.911611920400937,980.1400586577146,26.03733395217784,27.776319330785043,Break
31.955923501019882,79.88410640139037,7.68192479965567,994.9887745090966,1.4029970475850095,-0.48574167263976364,Break
24.00241615745442,55.845336930757774,6.316526377910822,1009.243793648303,73.57057779014849,97.20369943370248,Active
20.531950236949132,67.24674679719098,25.054744090113648,1001.9901148104863,115.00634309593883,127.55548046206358,Active
37.49576594952209,97.27673929870363,12.461106462063107,1014.4008102091134,153.06327081555563,180.71933453602355,Depression
30.810037809091327,84.24341700134237,15.06518143845952,991.7850809048033,29.33541261984171,28.60382671353149,Break
27.051231733132177,73.21334512130566,4.13411501646135,999.3607147884986,15.355120924433049,14.237522097715965,Break
28.23424474940383,99.4770878560041,22.990718058948122,995.0695812392999,104.20275416200519,127.94648621124472,Active
23.73814367046392,76.96491319171307,9.782828399667578,997.2752103535264,179.6079687055771,209.47513834662337,Depression
37.35986119715003,58.625247349244646,8.767034839800836,996.2287912764218,124.77891862195969,158.81261173613592,Depression
28.95340483084567,71.85120380493365,13.000984283273016,997.4891711010142,122.98912632305434,160.81650648356646,Depression
24.518923839906776,58.15700717774798,13.15977485823274,982.870917869946,105.56446433114769,117.34909922263847,Active
22.02914957833152,54.01088994336761,25.740116113333258,982.8246713224858,116.71951243467493,129.0920607908163,Active
20.944598254929268,78.95625926019297,29.537809762393696,994.6161836555839,19.463958737366656,17.615745692525547,Break
32.86584845298667,98.75572535228629,27.11496740789727,990.2054880729269,13.063796543674442,8.103414886383444,Break
28.857486335976056,62.79099015964673,3.5722127126865013,1011.8857454567678,189.0410934680163,209.77403274724693,Depression
37.79305525870771,85.50113657500923,16.570982327802945,993.6334662930394,152.85175702492677,200.00217540096003,Depression
30.937483904314377,72.66159006250001,18.02354186556977,987.0728861959071,132.90586492443163,170.25929760001253,Depression
27.67824208480765,53.614311627515846,27.013602678517362,1001.4000782529761,75.98375189347328,93.44256663270036,Active
21.087233638272686,80.34298518014737,24.633139169803805,1006.2152818986967,143.39115827786833,169.035331902058,Depression
23.94195876298212,53.36544441869406,22.91601641188445,997.7447539634954,7.429502954238142,10.143304841440418,Break
31.284122236592907,50.905471864397775,19.034320539494605,997.2017382046456,36.68686844123408,57.12624127473513,Active
27.870605105646987,62.46589032600481,20.940830564961285,984.4064073796745,189.54971497946826,220.31457318689976,Depression
34.50051648458529,74.92037713566025,13.104199716724164,1012.8447648234569,91.23740771462727,107.05591318870678,Active
31.887639706598335,96.82847124516698,7.258548871407534,998.6132803093534,173.99557216565086,202.12892502371375,Depression
29.788223418737697,98.56981334947491,10.923709172790094,985.6166766710965,93.63555802533895,125.60973728418705,Depression
31.252876520111595,89.88522812378552,11.79449206531272,996.5723945357926,107.31345325916696,127.82818334949437,Active
20.79480888401116,57.88171158584089,3.987697352238821,980.3457862324719,22.78666810520499,23.617595539845347,Break
20.982369655094175,54.21927740047242,7.688381669319726,985.0103417997159,30.72473594627531,53.36264171558946,Active
37.18556622102723,85.80675315767849,22.54203382735186,1012.6746809060957,185.45789978790904,232.81742567113986,Depression
33.82712888030911,85.1553575549612,5.218676084889244,982.9642974055344,143.0514291975824,184.2009683519098,Depression
21.48287130341139,67.78242164158485,14.15200046467336,989.1220254256239,21.320102818246944,21.176219403191794,Break
37.09935043106657,85.7006400624134,4.888274501463868,985.6539510978745,75.92907874830904,114.0431017886747,Depression
29.535049042556015,99.12344228933469,22.93480956224442,1000.1516659300681,57.08623881089792,96.90846997291322,Depression
20.777015257062015,90.03818932857791,25.223321938754182,1011.2674801130878,90.58022662009836,129.43916308716513,Depression
36.51332466966947,65.82372658189291,8.080036419517727,983.7297009309368,22.178114815553133,25.21595860081244,Break
37.334774403095864,69.77694381805696,11.456578193483521,986.7291929606979,15.919117699969567,11.943538862296101,Break
32.77581111094796,68.14143623634368,4.398211029631485,1009.4863242524419,15.249266002680844,14.632822537884008,Break
23.132905946958136,58.74039468875931,19.531054064143,993.549246864669,160.01622407159874,181.91070012880465,Depression
30.680185829392492,97.64100308917908,9.338629121038704,1011.8089524933927,27.442566738088498,24.1832405747222,Break
36.06486428005956,55.99162233531891,9.703567462621324,1008.2874006677583,20.524163651191714,16.572422146416642,Break
29.41386098428555,78.63170545248857,9.892072440018412,1014.6953532415139,173.44254800333243,206.51773717136902,Depression
29.659176251389255,63.976394270590944,6.56584428608178,996.8728405381296,15.657898584112806,20.185944439752213,Break
30.8701154026059,80.28859183111868,5.584693360110149,1014.8771103161887,108.94830096846043,125.16280714592534,Active
29.038305724141246,76.10419045811382,7.434647100108945,1004.1321204714435,8.424569106930303,13.133766992199101,Break
29.939521724640876,63.41356719777056,5.712410699338846,1012.2064191054668,9.657322907454654,12.808768881712497,Break
29.8998016780559,93.44997039759014,23.37221947165053,1010.4001471213109,7.3051878221578415,3.205267226617228,Break
27.957494309408286,94.49800608076592,15.091127343472337,1009.7399565603138,10.187102184157572,14.142719487426348,Break
27.66470863721063,89.48827438973332,8.626019340693237,1013.2080290387172,102.68014273300112,115.5518221086402,Active
35.242392814665706,52.89262454995457,2.1790250581285475,985.5449502292163,95.55477036934201,128.8543705637144,Depression
23.10076665840419,86.49991554949852,7.166335876763924,992.132389302946,122.313401678672,164.4705328377188,Depression
37.30174222201147,55.827334385759876,21.867896059145707,988.062045447124,19.845578454329683,18.766685145683255,Break
